phase,index,slab_bytes,cum_bytes,alloc_ms,touch_ms,commit_gibps,avail_phys_bytes,avail_commit_bytes,gpu_read_gbps,status
path_a,0,2147483648,2147483648,135.999,12.024,166.333,50391912448,144492584960,0.000,ok
path_a,1,2147483648,4294967296,143.581,11.270,177.465,50376736768,142326460416,0.000,ok
path_a,2,2147483648,6442450944,135.373,11.098,180.219,50360242176,140156141568,0.000,ok
path_a,3,2147483648,8589934592,136.660,10.181,196.450,50344157184,137988661248,0.000,ok
path_a,4,2147483648,10737418240,138.423,9.703,206.113,50327711744,135818330112,0.000,ok
path_a,5,2147483648,12884901888,139.730,10.387,192.543,50311569408,133649526784,0.000,ok
path_a,6,2147483648,15032385536,137.123,9.703,206.126,50308182016,131496476672,0.000,ok
path_a,7,2147483648,17179869184,138.256,10.197,196.138,50290864128,129327464448,0.000,ok
path_a,8,2147483648,19327352832,138.211,10.519,190.130,50273587200,127158734848,0.000,ok
path_a,9,2147483648,21474836480,136.208,10.725,186.480,50256089088,124987875328,0.000,ok
path_a,10,2147483648,23622320128,138.908,10.496,190.552,50238722048,122818756608,0.000,ok
path_a,11,2147483648,25769803776,136.156,9.781,204.470,50220490752,120649424896,0.000,ok
path_a,12,2147483648,27917287424,139.106,10.351,193.226,50194644992,118469808128,0.000,ok
path_a,13,2147483648,30064771072,141.193,10.949,182.672,50177687552,116297932800,0.000,ok
path_a,14,2147483648,32212254720,142.371,10.161,196.833,50160205824,114129936384,0.000,ok
path_a,15,2147483648,34359738368,138.499,9.933,201.345,50142457856,111960641536,0.000,ok
path_a,16,2147483648,36507222016,137.393,9.655,207.149,50122944512,109788667904,0.000,ok
path_a,17,2147483648,38654705664,141.086,11.601,172.393,50106503168,107617206272,0.000,ok
path_a,18,2147483648,40802189312,136.863,11.125,179.782,50088513536,105447485440,0.000,ok
path_a,19,2147483648,42949672960,142.385,11.785,169.707,50066915328,103274733568,0.000,ok
path_a,20,2147483648,45097156608,144.680,11.504,173.851,50049265664,101105008640,0.000,ok
path_a,21,2147483648,47244640256,141.627,11.701,170.918,50030362624,98931843072,0.000,ok
path_a,22,2147483648,49392123904,140.809,11.534,173.406,50010845184,96761024512,0.000,ok
path_a,23,2147483648,51539607552,142.395,11.104,180.112,49989271552,94588633088,0.000,ok
path_a,24,2147483648,53687091200,141.299,10.473,190.958,49970790400,92416110592,0.000,ok
path_a,25,2147483648,55834574848,147.519,10.563,189.331,49950216192,90245914624,0.000,ok
path_a,26,2147483648,57982058496,141.696,10.768,185.742,49931767808,88076247040,0.000,ok
path_a,27,2147483648,60129542144,142.711,10.532,189.892,49912504320,85905448960,0.000,ok
path_a,28,2147483648,62277025792,139.050,10.615,188.411,49891393536,83731955712,0.000,ok
path_a,29,2147483648,64424509440,142.689,10.160,196.854,49871491072,81561149440,0.000,ok
path_a,30,2147483648,66571993088,207.168,3.603,555.016,47703883776,79389806592,0.000,ok
path_a,31,2147483648,68719476736,212.973,3.634,550.312,45536952320,77219987456,0.000,ok
path_a,32,2147483648,70866960384,209.917,3.496,572.066,43368001536,75044892672,0.000,ok
path_a,33,2147483648,73014444032,217.335,3.489,573.214,41207889920,72882442240,0.000,ok
path_a,34,2147483648,75161927680,256.502,3.611,553.817,39039881216,70710149120,0.000,ok
path_a,35,2147483648,77309411328,278.848,3.571,560.052,36872380416,68539445248,0.000,ok
path_a,36,2147483648,79456894976,273.574,3.526,567.279,34703716352,66365054976,0.000,ok
path_a,37,2147483648,79456894976,0.014,0.000,0.000,34703716352,66365054976,0.000,resource-exhausted: vkAllocateMemory(2147483648 B, type 2) failed (-2)
path_a_total,37,2147483648,79456894976,0.000,0.000,0.000,34703716352,66365054976,0.000,allocation 37 failed: resource-exhausted: vkAllocateMemory(2147483648 B, type 2) failed (-2)
path_a_rawread,0,2147483648,0,0.000,0.000,0.000,0,0,214.431,rawread
path_b,0,2147483648,2147483648,246.160,6.473,308.981,48251154432,144503488512,0.000,ok
path_b,1,2147483648,4294967296,240.060,8.336,239.926,46107639808,142361976832,0.000,ok
path_b,2,2147483648,6442450944,242.603,6.575,304.173,43950125056,140194820096,0.000,ok
path_b,3,2147483648,8589934592,247.252,6.781,294.937,41787060224,138027548672,0.000,ok
path_b,4,2147483648,10737418240,244.884,6.465,309.339,39621984256,135857917952,0.000,ok
path_b,5,2147483648,12884901888,261.257,6.350,314.971,37457682432,133689815040,0.000,ok
path_b,6,2147483648,15032385536,265.870,7.385,270.819,35294388224,131519545344,0.000,ok
path_b,7,2147483648,17179869184,265.212,6.498,307.768,33139761152,129353842688,0.000,ok
path_b,8,2147483648,19327352832,288.281,6.811,293.643,30980468736,127184728064,0.000,ok
path_b,9,2147483648,21474836480,284.948,7.392,270.577,28812820480,125013864448,0.000,ok
path_b,10,2147483648,23622320128,284.031,8.404,237.971,26653118464,122848346112,0.000,ok
path_b,11,2147483648,25769803776,285.658,6.314,316.746,24487759872,120681259008,0.000,ok
path_b,12,2147483648,27917287424,282.756,6.352,314.871,22325350400,118515642368,0.000,ok
path_b,13,2147483648,30064771072,283.401,6.865,291.341,20157915136,116344057856,0.000,ok
path_b,14,2147483648,32212254720,287.811,7.967,251.036,17992036352,114177740800,0.000,ok
path_b,15,2147483648,34359738368,375.827,9.287,215.364,15830331392,112010645504,0.000,ok
path_b,16,2147483648,36507222016,394.192,8.209,243.641,13662945280,109837885440,0.000,ok
path_b,17,2147483648,38654705664,405.565,10.292,194.329,11499655168,107669876736,0.000,ok
path_b,18,2147483648,40802189312,396.672,7.523,265.858,9334923264,105501843456,0.000,ok
path_b,19,2147483648,42949672960,361.990,7.897,253.245,7170707456,103332261888,0.000,ok
path_b_total,20,2147483648,42949672960,0.000,0.000,0.000,7170707456,103332261888,0.000,floor: available physical 6.68 GiB < slab 2.00 + floor 6.00 GiB
path_b_rawread,0,2147483648,0,0.000,0.000,0.000,0,0,206.383,rawread
mixed_a,0,2147483648,2147483648,141.511,10.878,183.859,50440712192,144532389888,0.000,ok
mixed_a,1,2147483648,4294967296,144.666,10.450,191.382,50420670464,142366429184,0.000,ok
mixed_a,2,2147483648,6442450944,142.815,11.492,174.031,50399973376,140195979264,0.000,ok
mixed_a,3,2147483648,8589934592,141.002,10.253,195.059,50385842176,138027876352,0.000,ok
mixed_a,4,2147483648,10737418240,144.342,9.782,204.459,50373771264,135861444608,0.000,ok
mixed_a,5,2147483648,12884901888,138.356,9.988,200.246,50356895744,133692407808,0.000,ok
mixed_a,6,2147483648,15032385536,142.945,11.118,179.880,50336755712,131522699264,0.000,ok
mixed_a,7,2147483648,17179869184,147.018,12.148,164.631,50318639104,129353871360,0.000,ok
mixed_a,8,2147483648,19327352832,141.493,11.075,180.580,50304360448,127184769024,0.000,ok
mixed_a,9,2147483648,21474836480,140.108,10.957,182.523,50288594944,125014102016,0.000,ok
mixed_a,10,2147483648,23622320128,139.283,11.133,179.654,50269081600,122844905472,0.000,ok
mixed_a,11,2147483648,25769803776,139.343,11.145,179.459,50248855552,120674439168,0.000,ok
mixed_a,12,2147483648,27917287424,142.436,10.636,188.041,50233348096,118505598976,0.000,ok
mixed_a,13,2147483648,30064771072,141.735,10.616,188.404,50220720128,116334759936,0.000,ok
mixed_a,14,2147483648,32212254720,143.633,10.909,183.337,50200612864,114166857728,0.000,ok
mixed_a,15,2147483648,34359738368,141.425,10.212,195.842,50180882432,111997833216,0.000,ok
mixed_a,16,2147483648,36507222016,141.970,10.675,187.355,50159284224,109826764800,0.000,ok
mixed_a,17,2147483648,38654705664,146.390,10.773,185.648,50140995584,107655905280,0.000,ok
mixed_a,18,2147483648,40802189312,142.333,10.380,192.673,50122444800,105486770176,0.000,ok
mixed_a,19,2147483648,42949672960,144.836,10.406,192.199,50102915072,103314022400,0.000,ok
mixed_a,20,2147483648,45097156608,145.165,10.268,194.772,50085670912,101145067520,0.000,ok
mixed_a,21,2147483648,47244640256,144.547,11.590,172.563,50069295104,98975064064,0.000,ok
mixed_a,22,2147483648,49392123904,142.583,9.545,209.536,50047651840,96802897920,0.000,ok
mixed_a,23,2147483648,51539607552,143.937,10.523,190.058,50031280128,94631747584,0.000,ok
mixed_a,24,2147483648,53687091200,149.977,11.018,181.515,50013335552,92462653440,0.000,ok
mixed_a,25,2147483648,55834574848,146.691,10.270,194.734,49991487488,90289852416,0.000,ok
mixed_a,26,2147483648,57982058496,141.248,11.245,177.850,49974575104,88119640064,0.000,ok
mixed_a,27,2147483648,60129542144,142.754,10.815,184.925,49955504128,85950754816,0.000,ok
mixed_a,28,2147483648,62277025792,142.056,11.133,179.640,49933864960,83777019904,0.000,ok
mixed_a,29,2147483648,64424509440,138.831,11.901,168.049,49922150400,81608011776,0.000,ok
mixed_a,30,2147483648,66571993088,226.782,3.563,561.388,47751307264,79435259904,0.000,ok
mixed_a,31,2147483648,68719476736,233.061,3.637,549.934,45581950976,77260255232,0.000,ok
mixed_a,32,2147483648,70866960384,233.122,3.534,565.947,43411312640,75088424960,0.000,ok
mixed_a,33,2147483648,73014444032,233.951,3.520,568.117,41244884992,72914837504,0.000,ok
mixed_a,34,2147483648,75161927680,233.230,3.551,563.237,39076376576,70742433792,0.000,ok
mixed_a,35,2147483648,77309411328,235.061,3.553,562.952,36905484288,68569051136,0.000,ok
mixed_a,36,2147483648,79456894976,236.243,3.627,551.466,34733477888,66395262976,0.000,ok
mixed_a,37,2147483648,79456894976,0.013,0.000,0.000,34733477888,66395262976,0.000,resource-exhausted: vkAllocateMemory(2147483648 B, type 2) failed (-2)
mixed_a_total,37,2147483648,79456894976,0.000,0.000,0.000,34733477888,66395262976,0.000,allocation 37 failed: resource-exhausted: vkAllocateMemory(2147483648 B, type 2) failed (-2)
mixed_b,0,2147483648,2147483648,276.741,6.759,295.911,32573706240,64225144832,0.000,ok
mixed_b,1,2147483648,4294967296,277.428,6.601,302.971,30405226496,62058532864,0.000,ok
mixed_b,2,2147483648,6442450944,277.422,6.943,288.077,28247228416,59892056064,0.000,ok
mixed_b,3,2147483648,8589934592,275.599,6.896,290.044,26079375360,57724538880,0.000,ok
mixed_b,4,2147483648,10737418240,273.650,6.950,287.770,23916744704,55556452352,0.000,ok
mixed_b,5,2147483648,12884901888,275.701,6.734,296.996,21749526528,53386354688,0.000,ok
mixed_b,6,2147483648,15032385536,279.409,6.820,293.268,19586703360,51216982016,0.000,ok
mixed_b,7,2147483648,17179869184,275.264,8.061,248.099,17423429632,49055084544,0.000,ok
mixed_b,8,2147483648,19327352832,319.066,8.063,248.050,15253032960,46881902592,0.000,ok
mixed_b,9,2147483648,21474836480,398.039,9.453,211.575,13096460288,44721704960,0.000,ok
mixed_b,10,2147483648,23622320128,415.682,9.183,217.787,10934808576,42553933824,0.000,ok
mixed_b,11,2147483648,25769803776,429.610,8.911,224.452,8769908736,40386379776,0.000,ok
mixed_b,12,2147483648,27917287424,379.877,7.928,252.267,6605484032,38210228224,0.000,ok
mixed_b_total,13,2147483648,27917287424,0.000,0.000,0.000,6605484032,38210228224,0.000,floor: available physical 6.15 GiB < slab 2.00 + floor 6.00 GiB
mixed_total,50,2147483648,107374182400,0.000,0.000,0.000,6605484032,38210228224,0.000,grand total
mixed_a_rawread,0,2147483648,0,0.000,0.000,0.000,0,0,216.103,rawread
mixed_b_rawread,0,2147483648,0,0.000,0.000,0.000,0,0,207.484,rawread
summary,0,2147483648,107374182400,0.000,0.000,0.000,50445299712,146701844480,0.000,complete
