section,variant,m,lanes_per_row,rows_per_lane,subgroup,decode_mode,h_precision,x_mode,h_quant,fp8_path,fp8_slots,slots,layer_cycle,iters,path,bytes_a,bytes_b,gbps_a,gbps_b,gbps_total,pct_ceiling,ms_a,ms_b,ms_total,ms_per_token,ms_wall,record_us,submit_us,raw_read_gbps,launch_us
M x RowsPerLane,M1 L16 R1 sg32 dec0 hfp16 xglob,1,16,1,32,0,0,0,0,0,0,7,8,48,A device-local|host-visible,87736320,43868160,213.511,208.183,209.802,96.32,0.4109,0.2107,0.6273,0.62728,0.6299,0.879,82.320,217.820,0.547
M x RowsPerLane,M1 L16 R2 sg32 dec0 hfp16 xglob,1,16,2,32,0,0,0,0,0,0,7,8,48,A device-local|host-visible,87736320,43868160,162.100,192.133,174.007,79.89,0.5412,0.2283,0.7563,0.75632,0.7603,1.394,126.120,217.820,0.547
M x RowsPerLane,M1 L16 R4 sg32 dec0 hfp16 xglob,1,16,4,32,0,0,0,0,0,0,7,8,48,A device-local|host-visible,87736320,43868160,165.772,173.459,171.444,78.71,0.5293,0.2529,0.7676,0.76763,0.7708,1.233,94.960,217.820,0.547
M x RowsPerLane,M1 L16 R8 sg32 dec0 hfp16 xglob,1,16,8,32,0,0,0,0,0,0,7,8,48,A device-local|host-visible,87736320,43868160,136.066,137.498,137.213,62.99,0.6448,0.3190,0.9591,0.95912,0.9626,1.079,115.780,217.820,0.547
M x RowsPerLane,M1 L16 R16 sg32 dec0 hfp16 xglob,1,16,16,32,0,0,0,0,0,0,7,8,48,A device-local|host-visible,87736320,43868160,83.255,57.556,72.147,33.12,1.0538,0.7622,1.8241,1.82412,1.8313,1.431,274.600,217.820,0.547
M x RowsPerLane,M1 L32 R1 sg32 dec0 hfp16 xglob,1,32,1,32,0,0,0,0,0,0,7,8,48,A device-local|host-visible,87736320,43868160,223.741,217.847,220.872,101.40,0.3921,0.2014,0.5958,0.59584,0.5985,1.485,57.340,217.820,0.547
M x RowsPerLane,M1 L32 R2 sg32 dec0 hfp16 xglob,1,32,2,32,0,0,0,0,0,0,7,8,48,A device-local|host-visible,87736320,43868160,199.415,195.906,195.709,89.85,0.4400,0.2239,0.6725,0.67245,0.6749,0.600,90.400,217.820,0.547
M x RowsPerLane,M1 L32 R4 sg32 dec0 hfp16 xglob,1,32,4,32,0,0,0,0,0,0,7,8,48,A device-local|host-visible,87736320,43868160,184.032,190.500,189.256,86.89,0.4767,0.2303,0.6954,0.69538,0.6984,1.242,86.600,217.820,0.547
M x RowsPerLane,M1 L32 R8 sg32 dec0 hfp16 xglob,1,32,8,32,0,0,0,0,0,0,7,8,48,A device-local|host-visible,87736320,43868160,161.346,166.873,162.514,74.61,0.5438,0.2629,0.8098,0.80980,0.8129,0.623,119.580,217.820,0.547
M x RowsPerLane,M1 L32 R16 sg32 dec0 hfp16 xglob,1,32,16,32,0,0,0,0,0,0,7,8,48,A device-local|host-visible,87736320,43868160,92.440,83.266,88.424,40.59,0.9491,0.5268,1.4883,1.48833,1.4939,1.331,201.500,217.820,0.547
M x RowsPerLane,M1 L64 R1 sg32 dec0 hfp16 xglob,1,64,1,32,0,0,0,0,0,0,7,8,48,A device-local|host-visible,87736320,43868160,225.374,193.067,212.862,97.72,0.3893,0.2272,0.6183,0.61826,0.6211,1.046,86.840,217.820,0.547
M x RowsPerLane,M1 L64 R2 sg32 dec0 hfp16 xglob,1,64,2,32,0,0,0,0,0,0,7,8,48,A device-local|host-visible,87736320,43868160,205.551,178.756,195.218,89.62,0.4268,0.2454,0.6741,0.67414,0.6772,2.858,7.460,217.820,0.547
M x RowsPerLane,M1 L64 R4 sg32 dec0 hfp16 xglob,1,64,4,32,0,0,0,0,0,0,7,8,48,A device-local|host-visible,87736320,43868160,184.961,172.653,179.804,82.55,0.4744,0.2541,0.7319,0.73193,0.7350,1.488,77.080,217.820,0.547
M x RowsPerLane,M1 L64 R8 sg32 dec0 hfp16 xglob,1,64,8,32,0,0,0,0,0,0,7,8,48,A device-local|host-visible,87736320,43868160,178.900,157.154,170.640,78.34,0.4904,0.2791,0.7712,0.77124,0.7735,0.519,83.700,217.820,0.547
M x RowsPerLane,M1 L64 R16 sg32 dec0 hfp16 xglob,1,64,16,32,0,0,0,0,0,0,7,8,48,A device-local|host-visible,87736320,43868160,89.589,75.606,88.091,40.44,0.9793,0.5802,1.4940,1.49397,1.4982,0.835,161.040,217.820,0.547
M x RowsPerLane,M2 L16 R1 sg32 dec0 hfp16 xglob,2,16,1,32,0,0,0,0,0,0,7,8,48,A device-local|host-visible,87736320,43868160,195.689,188.896,191.562,87.94,0.4483,0.2322,0.6870,0.34350,0.6901,1.104,93.700,217.820,0.547
M x RowsPerLane,M2 L16 R2 sg32 dec0 hfp16 xglob,2,16,2,32,0,0,0,0,0,0,7,8,48,A device-local|host-visible,87736320,43868160,179.792,171.990,179.098,82.22,0.4880,0.2551,0.7348,0.36741,0.7380,1.054,101.220,217.820,0.547
M x RowsPerLane,M2 L16 R4 sg32 dec0 hfp16 xglob,2,16,4,32,0,0,0,0,0,0,7,8,48,A device-local|host-visible,87736320,43868160,143.258,168.448,150.705,69.19,0.6124,0.2604,0.8733,0.43663,0.8771,1.594,108.180,217.820,0.547
M x RowsPerLane,M2 L16 R8 sg32 dec0 hfp16 xglob,2,16,8,32,0,0,0,0,0,0,7,8,48,A device-local|host-visible,87736320,43868160,100.684,189.787,117.268,53.84,0.8714,0.2311,1.1223,0.56113,1.1266,1.331,146.660,217.820,0.547
M x RowsPerLane,M2 L16 R16 sg32 dec0 hfp16 xglob,2,16,16,32,0,0,0,0,0,0,7,8,48,A device-local|host-visible,87736320,43868160,73.508,67.217,74.443,34.18,1.1936,0.6526,1.7679,0.88393,1.7727,1.169,175.860,217.820,0.547
M x RowsPerLane,M2 L32 R1 sg32 dec0 hfp16 xglob,2,32,1,32,0,0,0,0,0,0,7,8,48,A device-local|host-visible,87736320,43868160,184.280,165.401,196.009,89.99,0.4761,0.2652,0.6714,0.33571,0.6744,1.119,87.700,217.820,0.547
M x RowsPerLane,M2 L32 R2 sg32 dec0 hfp16 xglob,2,32,2,32,0,0,0,0,0,0,7,8,48,A device-local|host-visible,87736320,43868160,195.212,149.149,188.387,86.49,0.4494,0.2941,0.6986,0.34929,0.7022,1.565,96.920,217.820,0.547
M x RowsPerLane,M2 L32 R4 sg32 dec0 hfp16 xglob,2,32,4,32,0,0,0,0,0,0,7,8,48,A device-local|host-visible,87736320,43868160,156.283,139.765,154.930,71.13,0.5614,0.3139,0.8494,0.42472,0.8527,1.056,105.440,217.820,0.547
M x RowsPerLane,M2 L32 R8 sg32 dec0 hfp16 xglob,2,32,8,32,0,0,0,0,0,0,7,8,48,A device-local|host-visible,87736320,43868160,107.505,182.731,123.681,56.78,0.8161,0.2401,1.0641,0.53203,1.0682,1.092,147.100,217.820,0.547
M x RowsPerLane,M2 L32 R16 sg32 dec0 hfp16 xglob,2,32,16,32,0,0,0,0,0,0,7,8,48,A device-local|host-visible,87736320,43868160,79.885,95.023,83.846,38.49,1.0983,0.4617,1.5696,0.78480,1.5747,1.113,192.420,217.820,0.547
M x RowsPerLane,M2 L64 R1 sg32 dec0 hfp16 xglob,2,64,1,32,0,0,0,0,0,0,7,8,48,A device-local|host-visible,87736320,43868160,171.452,152.400,174.352,80.04,0.5117,0.2878,0.7548,0.37741,0.7578,1.092,90.500,217.820,0.547
M x RowsPerLane,M2 L64 R2 sg32 dec0 hfp16 xglob,2,64,2,32,0,0,0,0,0,0,7,8,48,A device-local|host-visible,87736320,43868160,174.449,136.714,163.495,75.06,0.5029,0.3209,0.8049,0.40247,0.8079,1.081,88.840,217.820,0.547
M x RowsPerLane,M2 L64 R4 sg32 dec0 hfp16 xglob,2,64,4,32,0,0,0,0,0,0,7,8,48,A device-local|host-visible,87736320,43868160,146.967,146.555,147.689,67.80,0.5970,0.2993,0.8911,0.44555,0.8946,2.388,52.840,217.820,0.547
M x RowsPerLane,M2 L64 R8 sg32 dec0 hfp16 xglob,2,64,8,32,0,0,0,0,0,0,7,8,48,A device-local|host-visible,87736320,43868160,97.460,162.952,111.636,51.25,0.9002,0.2692,1.1789,0.58944,1.1828,1.177,132.800,217.820,0.547
M x RowsPerLane,M2 L64 R16 sg32 dec0 hfp16 xglob,2,64,16,32,0,0,0,0,0,0,7,8,48,A device-local|host-visible,87736320,43868160,78.100,85.991,85.825,39.40,1.1234,0.5101,1.5334,0.76670,1.5381,1.531,152.080,217.820,0.547
M x RowsPerLane,M3 L16 R1 sg32 dec0 hfp16 xglob,3,16,1,32,0,0,0,0,0,0,7,8,48,A device-local|host-visible,87736320,43868160,186.023,122.447,171.286,78.64,0.4716,0.3583,0.7683,0.25611,0.7725,1.221,139.980,217.820,0.547
M x RowsPerLane,M3 L16 R2 sg32 dec0 hfp16 xglob,3,16,2,32,0,0,0,0,0,0,7,8,48,A device-local|host-visible,87736320,43868160,167.806,148.349,166.766,76.56,0.5228,0.2957,0.7892,0.26305,0.7923,1.340,88.980,217.820,0.547
M x RowsPerLane,M3 L16 R4 sg32 dec0 hfp16 xglob,3,16,4,32,0,0,0,0,0,0,7,8,48,A device-local|host-visible,87736320,43868160,148.325,142.078,149.999,68.86,0.5915,0.3088,0.8774,0.29246,0.8809,1.083,115.760,217.820,0.547
M x RowsPerLane,M3 L16 R8 sg32 dec0 hfp16 xglob,3,16,8,32,0,0,0,0,0,0,7,8,48,A device-local|host-visible,87736320,43868160,93.283,174.043,109.097,50.09,0.9405,0.2521,1.2063,0.40210,1.2106,1.092,154.300,217.820,0.547
M x RowsPerLane,M3 L16 R16 sg32 dec0 hfp16 xglob,3,16,16,32,0,0,0,0,0,0,7,8,48,A device-local|host-visible,87736320,43868160,44.209,59.928,48.137,22.10,1.9846,0.7320,2.7340,0.91132,2.7410,1.275,279.020,217.820,0.547
M x RowsPerLane,M3 L32 R1 sg32 dec0 hfp16 xglob,3,32,1,32,0,0,0,0,0,0,7,8,48,A device-local|host-visible,87736320,43868160,181.452,112.312,168.571,77.39,0.4835,0.3906,0.7807,0.26024,0.7845,1.635,103.880,217.820,0.547
M x RowsPerLane,M3 L32 R2 sg32 dec0 hfp16 xglob,3,32,2,32,0,0,0,0,0,0,7,8,48,A device-local|host-visible,87736320,43868160,169.539,130.219,163.959,75.27,0.5175,0.3369,0.8027,0.26756,0.8066,1.990,93.720,217.820,0.547
M x RowsPerLane,M3 L32 R4 sg32 dec0 hfp16 xglob,3,32,4,32,0,0,0,0,0,0,7,8,48,A device-local|host-visible,87736320,43868160,152.376,121.862,139.527,64.06,0.5758,0.3600,0.9432,0.31441,0.9472,2.544,67.460,217.820,0.547
M x RowsPerLane,M3 L32 R8 sg32 dec0 hfp16 xglob,3,32,8,32,0,0,0,0,0,0,7,8,48,A device-local|host-visible,87736320,43868160,97.393,165.175,111.430,51.16,0.9008,0.2656,1.1810,0.39368,1.1860,1.150,181.620,217.820,0.547
M x RowsPerLane,M3 L32 R16 sg32 dec0 hfp16 xglob,3,32,16,32,0,0,0,0,0,0,7,8,48,A device-local|host-visible,87736320,43868160,49.921,83.309,56.876,26.11,1.7575,0.5266,2.3139,0.77129,2.3221,1.658,313.660,217.820,0.547
M x RowsPerLane,M3 L64 R1 sg32 dec0 hfp16 xglob,3,64,1,32,0,0,0,0,0,0,7,8,48,A device-local|host-visible,87736320,43868160,155.587,100.550,135.894,62.39,0.5639,0.4363,0.9684,0.32281,0.9720,1.092,120.880,217.820,0.547
M x RowsPerLane,M3 L64 R2 sg32 dec0 hfp16 xglob,3,64,2,32,0,0,0,0,0,0,7,8,48,A device-local|host-visible,87736320,43868160,154.268,118.750,145.303,66.71,0.5687,0.3694,0.9057,0.30191,0.9096,1.092,132.680,217.820,0.547
M x RowsPerLane,M3 L64 R4 sg32 dec0 hfp16 xglob,3,64,4,32,0,0,0,0,0,0,7,8,48,A device-local|host-visible,87736320,43868160,134.492,121.616,131.429,60.34,0.6524,0.3607,1.0013,0.33378,1.0052,1.746,103.060,217.820,0.547
M x RowsPerLane,M3 L64 R8 sg32 dec0 hfp16 xglob,3,64,8,32,0,0,0,0,0,0,7,8,48,A device-local|host-visible,87736320,43868160,83.386,142.116,95.894,44.02,1.0522,0.3087,1.3724,0.45746,1.3821,1.379,397.720,217.820,0.547
M x RowsPerLane,M3 L64 R16 sg32 dec0 hfp16 xglob,3,64,16,32,0,0,0,0,0,0,7,8,48,A device-local|host-visible,87736320,43868160,49.739,73.779,55.623,25.54,1.7639,0.5946,2.3660,0.78866,2.3722,1.092,243.480,217.820,0.547
M x RowsPerLane,M4 L16 R1 sg32 dec0 hfp16 xglob,4,16,1,32,0,0,0,0,0,0,7,8,48,A device-local|host-visible,87736320,43868160,152.431,108.289,145.931,67.00,0.5756,0.4051,0.9018,0.22546,0.9057,1.087,131.340,217.820,0.547
M x RowsPerLane,M4 L16 R2 sg32 dec0 hfp16 xglob,4,16,2,32,0,0,0,0,0,0,7,8,48,A device-local|host-visible,87736320,43868160,152.264,127.112,149.312,68.55,0.5762,0.3451,0.8814,0.22035,0.8848,1.423,93.700,217.820,0.547
M x RowsPerLane,M4 L16 R4 sg32 dec0 hfp16 xglob,4,16,4,32,0,0,0,0,0,0,7,8,48,A device-local|host-visible,87736320,43868160,121.828,130.582,123.560,56.73,0.7202,0.3359,1.0651,0.26628,1.0689,1.096,127.200,217.820,0.547
M x RowsPerLane,M4 L16 R8 sg32 dec0 hfp16 xglob,4,16,8,32,0,0,0,0,0,0,7,8,48,A device-local|host-visible,87736320,43868160,79.962,155.610,95.869,44.01,1.0972,0.2819,1.3728,0.34319,1.3773,1.090,163.620,217.820,0.547
M x RowsPerLane,M4 L16 R16 sg32 dec0 hfp16 xglob,4,16,16,32,0,0,0,0,0,0,7,8,48,A device-local|host-visible,87736320,43868160,26.139,71.100,32.760,15.04,3.3565,0.6170,4.0172,1.00429,4.0270,1.115,418.180,217.820,0.547
M x RowsPerLane,M4 L32 R1 sg32 dec0 hfp16 xglob,4,32,1,32,0,0,0,0,0,0,7,8,48,A device-local|host-visible,87736320,43868160,149.052,100.908,138.055,63.38,0.5886,0.4347,0.9533,0.23832,0.9566,1.931,69.000,217.820,0.547
M x RowsPerLane,M4 L32 R2 sg32 dec0 hfp16 xglob,4,32,2,32,0,0,0,0,0,0,7,8,48,A device-local|host-visible,87736320,43868160,154.026,115.992,145.899,66.98,0.5696,0.3782,0.9020,0.22551,0.9059,1.190,127.180,217.820,0.547
M x RowsPerLane,M4 L32 R4 sg32 dec0 hfp16 xglob,4,32,4,32,0,0,0,0,0,0,7,8,48,A device-local|host-visible,87736320,43868160,102.077,141.279,118.417,54.36,0.8595,0.3105,1.1114,0.27784,1.1149,0.702,134.940,217.820,0.547
M x RowsPerLane,M4 L32 R8 sg32 dec0 hfp16 xglob,4,32,8,32,0,0,0,0,0,0,7,8,48,A device-local|host-visible,87736320,43868160,81.734,136.657,93.976,43.14,1.0734,0.3210,1.4004,0.35010,1.4052,1.102,177.540,217.820,0.547
M x RowsPerLane,M4 L32 R16 sg32 dec0 hfp16 xglob,4,32,16,32,0,0,0,0,0,0,7,8,48,A device-local|host-visible,87736320,43868160,28.897,90.479,37.663,17.29,3.0361,0.4848,3.4943,0.87358,3.5028,1.617,328.160,217.820,0.547
M x RowsPerLane,M4 L64 R1 sg32 dec0 hfp16 xglob,4,64,1,32,0,0,0,0,0,0,7,8,48,A device-local|host-visible,87736320,43868160,120.360,78.873,100.985,46.36,0.7290,0.5562,1.3032,0.32580,1.3076,1.235,150.300,217.820,0.547
M x RowsPerLane,M4 L64 R2 sg32 dec0 hfp16 xglob,4,64,2,32,0,0,0,0,0,0,7,8,48,A device-local|host-visible,87736320,43868160,125.785,94.525,116.515,53.49,0.6975,0.4641,1.1295,0.28238,1.1332,1.279,118.060,217.820,0.547
M x RowsPerLane,M4 L64 R4 sg32 dec0 hfp16 xglob,4,64,4,32,0,0,0,0,0,0,7,8,48,A device-local|host-visible,87736320,43868160,79.415,130.695,89.260,40.98,1.1048,0.3357,1.4744,0.36860,1.4796,1.665,169.840,217.820,0.547
M x RowsPerLane,M4 L64 R8 sg32 dec0 hfp16 xglob,4,64,8,32,0,0,0,0,0,0,7,8,48,A device-local|host-visible,87736320,43868160,65.635,104.218,73.856,33.91,1.3367,0.4209,1.7819,0.44548,1.7877,1.802,193.480,217.820,0.547
M x RowsPerLane,M4 L64 R16 sg32 dec0 hfp16 xglob,4,64,16,32,0,0,0,0,0,0,7,8,48,A device-local|host-visible,87736320,43868160,28.900,73.401,36.553,16.78,3.0358,0.5977,3.6003,0.90008,3.6103,1.783,390.860,217.820,0.547
M x RowsPerLane,M5 L16 R1 sg32 dec0 hfp16 xglob,5,16,1,32,0,0,0,0,0,0,7,8,48,A device-local|host-visible,87736320,43868160,131.359,84.078,130.268,59.81,0.6679,0.5218,1.0103,0.20205,1.0157,1.262,198.480,217.820,0.547
M x RowsPerLane,M5 L16 R2 sg32 dec0 hfp16 xglob,5,16,2,32,0,0,0,0,0,0,7,8,48,A device-local|host-visible,87736320,43868160,127.730,111.687,125.645,57.68,0.6869,0.3928,1.0474,0.20949,1.0517,1.481,133.180,217.820,0.547
M x RowsPerLane,M5 L16 R4 sg32 dec0 hfp16 xglob,5,16,4,32,0,0,0,0,0,0,7,8,48,A device-local|host-visible,87736320,43868160,101.200,143.223,111.505,51.19,0.8670,0.3063,1.1803,0.23605,1.1887,2.394,292.400,217.820,0.547
M x RowsPerLane,M5 L16 R8 sg32 dec0 hfp16 xglob,5,16,8,32,0,0,0,0,0,0,7,8,48,A device-local|host-visible,87736320,43868160,47.315,127.003,58.218,26.73,1.8543,0.3454,2.2605,0.45211,2.2677,2.352,232.720,217.820,0.547
M x RowsPerLane,M5 L16 R16 sg32 dec0 hfp16 xglob,5,16,16,32,0,0,0,0,0,0,7,8,48,A device-local|host-visible,87736320,43868160,12.923,55.262,17.455,8.01,6.7893,0.7938,7.5398,1.50796,7.5578,2.525,741.920,217.820,0.547
M x RowsPerLane,M5 L32 R1 sg32 dec0 hfp16 xglob,5,32,1,32,0,0,0,0,0,0,7,8,48,A device-local|host-visible,87736320,43868160,135.333,79.740,117.331,53.87,0.6483,0.5501,1.1216,0.22433,1.1329,1.156,483.880,217.820,0.547
M x RowsPerLane,M5 L32 R2 sg32 dec0 hfp16 xglob,5,32,2,32,0,0,0,0,0,0,7,8,48,A device-local|host-visible,87736320,43868160,128.865,102.080,124.454,57.14,0.6808,0.4297,1.0575,0.21149,1.0619,1.919,119.980,217.820,0.547
M x RowsPerLane,M5 L32 R4 sg32 dec0 hfp16 xglob,5,32,4,32,0,0,0,0,0,0,7,8,48,A device-local|host-visible,87736320,43868160,91.963,136.056,106.727,49.00,0.9540,0.3224,1.2331,0.24662,1.2387,0.738,231.840,217.820,0.547
M x RowsPerLane,M5 L32 R8 sg32 dec0 hfp16 xglob,5,32,8,32,0,0,0,0,0,0,7,8,48,A device-local|host-visible,87736320,43868160,49.943,114.036,64.578,29.65,1.7567,0.3847,2.0379,0.40758,2.0444,1.969,217.900,217.820,0.547
M x RowsPerLane,M5 L32 R16 sg32 dec0 hfp16 xglob,5,32,16,32,0,0,0,0,0,0,7,8,48,A device-local|host-visible,87736320,43868160,14.218,71.005,19.065,8.75,6.1709,0.6178,6.9031,1.38061,6.9178,1.146,653.640,217.820,0.547
M x RowsPerLane,M5 L64 R1 sg32 dec0 hfp16 xglob,5,64,1,32,0,0,0,0,0,0,7,8,48,A device-local|host-visible,87736320,43868160,124.279,72.898,110.265,50.62,0.7060,0.6018,1.1935,0.23871,1.1971,0.802,131.220,217.820,0.547
M x RowsPerLane,M5 L64 R2 sg32 dec0 hfp16 xglob,5,64,2,32,0,0,0,0,0,0,7,8,48,A device-local|host-visible,87736320,43868160,104.935,84.973,108.682,49.90,0.8361,0.5163,1.2109,0.24218,1.2148,1.296,126.460,217.820,0.547
M x RowsPerLane,M5 L64 R4 sg32 dec0 hfp16 xglob,5,64,4,32,0,0,0,0,0,0,7,8,48,A device-local|host-visible,87736320,43868160,69.349,108.813,84.045,38.58,1.2651,0.4032,1.5659,0.31317,1.5723,1.319,246.920,217.820,0.547
M x RowsPerLane,M5 L64 R8 sg32 dec0 hfp16 xglob,5,64,8,32,0,0,0,0,0,0,7,8,48,A device-local|host-visible,87736320,43868160,43.406,82.561,55.049,25.27,2.0213,0.5313,2.3907,0.47813,2.3964,0.746,239.940,217.820,0.547
M x RowsPerLane,M5 L64 R16 sg32 dec0 hfp16 xglob,5,64,16,32,0,0,0,0,0,0,7,8,48,A device-local|host-visible,87736320,43868160,14.276,59.675,18.848,8.65,6.1456,0.7351,6.9823,1.39646,6.9971,0.819,670.840,217.820,0.547
M x RowsPerLane,M6 L16 R1 sg32 dec0 hfp16 xglob,6,16,1,32,0,0,0,0,0,0,7,8,48,A device-local|host-visible,87736320,43868160,137.284,76.836,118.994,54.63,0.6391,0.5709,1.1060,0.18433,1.1099,1.150,133.520,217.820,0.547
M x RowsPerLane,M6 L16 R2 sg32 dec0 hfp16 xglob,6,16,2,32,0,0,0,0,0,0,7,8,48,A device-local|host-visible,87736320,43868160,120.891,102.138,120.432,55.29,0.7257,0.4295,1.0928,0.18213,1.0971,1.577,132.520,217.820,0.547
M x RowsPerLane,M6 L16 R4 sg32 dec0 hfp16 xglob,6,16,4,32,0,0,0,0,0,0,7,8,48,A device-local|host-visible,87736320,43868160,84.286,109.579,89.168,40.94,1.0409,0.4003,1.4759,0.24599,1.4812,1.752,167.880,217.820,0.547
M x RowsPerLane,M6 L16 R8 sg32 dec0 hfp16 xglob,6,16,8,32,0,0,0,0,0,0,7,8,48,A device-local|host-visible,87736320,43868160,38.313,106.730,47.055,21.60,2.2900,0.4110,2.7968,0.46614,2.8067,1.296,412.440,217.820,0.547
M x RowsPerLane,M6 L16 R16 sg32 dec0 hfp16 xglob,6,16,16,32,0,0,0,0,0,0,7,8,48,A device-local|host-visible,87736320,43868160,10.993,51.183,14.492,6.65,7.9813,0.8571,9.0811,1.51351,9.0998,0.665,866.660,217.820,0.547
M x RowsPerLane,M6 L32 R1 sg32 dec0 hfp16 xglob,6,32,1,32,0,0,0,0,0,0,7,8,48,A device-local|host-visible,87736320,43868160,132.184,77.198,112.505,51.65,0.6637,0.5683,1.1698,0.19496,1.1738,1.148,140.800,217.820,0.547
M x RowsPerLane,M6 L32 R2 sg32 dec0 hfp16 xglob,6,32,2,32,0,0,0,0,0,0,7,8,48,A device-local|host-visible,87736320,43868160,127.662,79.683,117.703,54.04,0.6873,0.5505,1.1181,0.18635,1.1220,1.156,132.240,217.820,0.547
M x RowsPerLane,M6 L32 R4 sg32 dec0 hfp16 xglob,6,32,4,32,0,0,0,0,0,0,7,8,48,A device-local|host-visible,87736320,43868160,75.906,105.287,88.649,40.70,1.1559,0.4167,1.4846,0.24743,1.4887,1.056,147.460,217.820,0.547
M x RowsPerLane,M6 L32 R8 sg32 dec0 hfp16 xglob,6,32,8,32,0,0,0,0,0,0,7,8,48,A device-local|host-visible,87736320,43868160,36.646,86.845,49.506,22.73,2.3942,0.5051,2.6584,0.44306,2.6645,0.477,273.200,217.820,0.547
M x RowsPerLane,M6 L32 R16 sg32 dec0 hfp16 xglob,6,32,16,32,0,0,0,0,0,0,7,8,48,A device-local|host-visible,87736320,43868160,11.417,62.984,15.153,6.96,7.6848,0.6965,8.6851,1.44752,8.7039,1.335,837.420,217.820,0.547
M x RowsPerLane,M6 L64 R1 sg32 dec0 hfp16 xglob,6,64,1,32,0,0,0,0,0,0,7,8,48,A device-local|host-visible,87736320,43868160,96.769,59.946,94.030,43.17,0.9067,0.7318,1.3996,0.23327,1.4041,1.248,154.560,217.820,0.547
M x RowsPerLane,M6 L64 R2 sg32 dec0 hfp16 xglob,6,64,2,32,0,0,0,0,0,0,7,8,48,A device-local|host-visible,87736320,43868160,89.061,74.110,97.443,44.74,0.9851,0.5919,1.3506,0.22510,1.3549,1.038,155.640,217.820,0.547
M x RowsPerLane,M6 L64 R4 sg32 dec0 hfp16 xglob,6,64,4,32,0,0,0,0,0,0,7,8,48,A device-local|host-visible,87736320,43868160,61.367,93.449,73.327,33.66,1.4297,0.4694,1.7948,0.29913,1.8003,1.340,203.100,217.820,0.547
M x RowsPerLane,M6 L64 R8 sg32 dec0 hfp16 xglob,6,64,8,32,0,0,0,0,0,0,7,8,48,A device-local|host-visible,87736320,43868160,32.723,69.224,42.545,19.53,2.6812,0.6337,3.0933,0.51555,3.1003,0.696,302.780,217.820,0.547
M x RowsPerLane,M6 L64 R16 sg32 dec0 hfp16 xglob,6,64,16,32,0,0,0,0,0,0,7,8,48,A device-local|host-visible,87736320,43868160,11.123,52.923,14.663,6.73,7.8876,0.8289,8.9754,1.49590,8.9939,0.781,850.840,217.820,0.547
M sweep,M1 L32 R1 sg32 dec0 hfp16 xglob,1,32,1,32,0,0,0,0,0,0,7,8,48,A device-local|host-visible,87736320,43868160,222.997,213.330,221.918,101.88,0.3934,0.2056,0.5930,0.59303,0.5978,1.615,151.340,217.820,0.547
M sweep,M1 L16 R2 sg32 dec0 hfp16 xglob,1,16,2,32,0,0,0,0,0,0,7,8,48,A device-local|host-visible,87736320,43868160,167.463,205.391,177.712,81.59,0.5239,0.2136,0.7405,0.74055,0.7437,1.104,99.500,217.820,0.547
M sweep,M1 L32 R1 sg32 dec0 hfp16 xlds,1,32,1,32,0,0,1,0,0,0,7,8,48,A device-local|host-visible,87736320,43868160,215.766,126.722,190.630,87.52,0.4066,0.3462,0.6904,0.69037,0.6938,1.456,94.180,217.820,0.547
M sweep,M1 L16 R2 sg32 dec0 hfp16 xlds,1,16,2,32,0,0,1,0,0,0,7,8,48,A device-local|host-visible,87736320,43868160,174.883,210.363,187.057,85.88,0.5017,0.2085,0.7036,0.70355,0.7073,1.533,104.600,217.820,0.547
M sweep,M1 L32 R1 sg32 dec0 hfp16 xldsf16,1,32,1,32,0,0,2,0,0,0,7,8,48,A device-local|host-visible,87736320,43868160,164.680,123.789,173.120,79.48,0.5328,0.3544,0.7602,0.76019,0.7648,1.640,143.680,217.820,0.547
M sweep,M1 L16 R2 sg32 dec0 hfp16 xldsf16,1,16,2,32,0,0,2,0,0,0,7,8,48,A device-local|host-visible,87736320,43868160,152.590,207.393,172.967,79.41,0.5750,0.2115,0.7609,0.76087,0.7648,1.783,103.840,217.820,0.547
M sweep,M1 L32 R1 sg32 dec0 hfp16 xldsi8,1,32,1,32,0,0,3,0,0,0,7,8,48,A device-local|host-visible,87736320,43868160,214.876,152.235,206.464,94.79,0.4083,0.2882,0.6374,0.63742,0.6410,1.935,80.860,217.820,0.547
M sweep,M1 L16 R2 sg32 dec0 hfp16 xldsi8,1,16,2,32,0,0,3,0,0,0,7,8,48,A device-local|host-visible,87736320,43868160,158.291,199.851,169.163,77.66,0.5543,0.2195,0.7780,0.77798,0.7813,1.152,104.060,217.820,0.547
M sweep,M1 L32 R1 sg32 dec0 hfp16 xgf16,1,32,1,32,0,0,4,0,0,0,7,8,48,A device-local|host-visible,87736320,43868160,216.724,214.501,218.751,100.43,0.4048,0.2045,0.6016,0.60162,0.6043,0.900,84.720,217.820,0.547
M sweep,M1 L16 R2 sg32 dec0 hfp16 xgf16,1,16,2,32,0,0,4,0,0,0,7,8,48,A device-local|host-visible,87736320,43868160,155.605,202.875,173.453,79.63,0.5638,0.2162,0.7587,0.75873,0.7615,0.627,102.760,217.820,0.547
M sweep,M1 L32 R1 sg32 dec0 hfp16 xgi8,1,32,1,32,0,0,5,0,0,0,7,8,48,A device-local|host-visible,87736320,43868160,173.041,96.281,158.717,72.87,0.5070,0.4556,0.8292,0.82918,0.8349,1.100,223.300,217.820,0.547
M sweep,M1 L16 R2 sg32 dec0 hfp16 xgi8,1,16,2,32,0,0,5,0,0,0,7,8,48,A device-local|host-visible,87736320,43868160,168.283,149.469,171.796,78.87,0.5214,0.2935,0.7660,0.76605,0.7695,1.171,107.940,217.820,0.547
M sweep,M1 L16 R4 sg32 dec0 hfp16 xlds,1,16,4,32,0,0,1,0,0,0,7,8,48,A device-local|host-visible,87736320,43868160,170.167,178.967,174.898,80.29,0.5156,0.2451,0.7525,0.75247,0.7561,1.152,121.580,217.820,0.547
M sweep,M1 L16 R2 sg32 dec0 hfp16 xlds/glob,1,16,2,32,0,0,1,0,0,0,7,8,48,A device-local|host-visible,87736320,43868160,171.524,198.015,182.001,83.56,0.5115,0.2215,0.7231,0.72310,0.7262,1.098,96.540,217.820,0.547
M sweep,M1 L16 R2 sg32 dec0 hfp16 xldsf16/glob,1,16,2,32,0,0,2,0,0,0,7,8,48,A device-local|host-visible,87736320,43868160,149.408,201.193,162.746,74.72,0.5872,0.2180,0.8087,0.80865,0.8162,1.321,300.820,217.820,0.547
M sweep,M1 L16 R2 sg32 dec0 hfp16 xldsi8/glob,1,16,2,32,0,0,3,0,0,0,7,8,48,A device-local|host-visible,87736320,43868160,159.723,199.226,172.735,79.30,0.5493,0.2202,0.7619,0.76189,0.7647,1.087,81.660,217.820,0.547
M sweep,M1 L16 R2 sg32 dec0 hfp16 xgf16/glob,1,16,2,32,0,0,4,0,0,0,7,8,48,A device-local|host-visible,87736320,43868160,157.227,203.906,169.064,77.62,0.5580,0.2151,0.7784,0.77843,0.7818,1.719,80.620,217.820,0.547
M sweep,M1 L16 R2 sg32 dec0 hfp16 xgi8/glob,1,16,2,32,0,0,5,0,0,0,7,8,48,A device-local|host-visible,87736320,43868160,163.629,199.663,178.797,82.08,0.5362,0.2197,0.7361,0.73606,0.7391,1.608,68.620,217.820,0.547
M sweep,M1 L16 R2 sg32 dec0 hfp16 xglob/ldsi8,1,16,2,32,0,0,0,0,0,0,7,8,48,A device-local|host-visible,87736320,43868160,167.858,211.241,178.785,82.08,0.5227,0.2077,0.7361,0.73610,0.7392,1.106,97.600,217.820,0.547
M sweep,M1 L16 R2 sg32 dec0 hfp16 xglob/gf16,1,16,2,32,0,0,0,0,0,0,7,8,48,A device-local|host-visible,87736320,43868160,167.876,208.000,179.628,82.47,0.5226,0.2109,0.7327,0.73265,0.7362,1.081,116.660,217.820,0.547
M sweep,M1 L16 R2 sg32 dec0 hfp16 xglob/gi8,1,16,2,32,0,0,0,0,0,0,7,8,48,A device-local|host-visible,87736320,43868160,167.063,178.450,171.407,78.69,0.5252,0.2458,0.7678,0.76779,0.7710,1.104,103.360,217.820,0.547
M sweep,M1 L16 R2 sg32 dec0 hfp16 xgf16/ldsi8,1,16,2,32,0,0,4,0,0,0,7,8,48,A device-local|host-visible,87736320,43868160,158.672,211.722,172.184,79.05,0.5529,0.2072,0.7643,0.76433,0.7676,1.117,103.860,217.820,0.547
M sweep,M1 L16 R2 sg32 dec0 hfp16 xgf16,1,16,2,32,0,0,4,0,0,0,7,8,48,A device-local|host-visible,87736320,43868160,158.680,209.246,171.985,78.96,0.5529,0.2096,0.7652,0.76521,0.7688,1.373,105.600,217.820,0.547
M sweep,M1 L32 R2 sg32 dec0 hfp16 xgf16/ldsi8,1,32,2,32,0,0,4,0,0,0,7,8,48,A device-local|host-visible,87736320,43868160,191.053,191.108,190.472,87.44,0.4592,0.2295,0.6909,0.69094,0.6944,1.085,112.000,217.820,0.547
M sweep,M1 L32 R2 sg32 dec0 hfp16 xgf16,1,32,2,32,0,0,4,0,0,0,7,8,48,A device-local|host-visible,87736320,43868160,187.397,191.648,193.601,88.88,0.4682,0.2289,0.6798,0.67977,0.6828,1.119,92.380,217.820,0.547
M sweep,M2 L32 R1 sg32 dec0 hfp16 xglob,2,32,1,32,0,0,0,0,0,0,7,8,48,A device-local|host-visible,87736320,43868160,170.897,146.762,186.548,85.64,0.5134,0.2989,0.7055,0.35274,0.7090,2.690,41.520,217.820,0.547
M sweep,M2 L16 R2 sg32 dec0 hfp16 xglob,2,16,2,32,0,0,0,0,0,0,7,8,48,A device-local|host-visible,87736320,43868160,171.765,161.946,167.174,76.75,0.5108,0.2709,0.7872,0.39361,0.7905,1.094,105.760,217.820,0.547
M sweep,M2 L32 R1 sg32 dec0 hfp16 xlds,2,32,1,32,0,0,1,0,0,0,7,8,48,A device-local|host-visible,87736320,43868160,127.913,77.832,120.907,55.51,0.6859,0.5636,1.0885,0.54424,1.0923,1.104,132.040,217.820,0.547
M sweep,M2 L16 R2 sg32 dec0 hfp16 xlds,2,16,2,32,0,0,1,0,0,0,7,8,48,A device-local|host-visible,87736320,43868160,172.470,173.348,176.009,80.80,0.5087,0.2531,0.7477,0.37386,0.7510,1.429,87.080,217.820,0.547
M sweep,M2 L32 R1 sg32 dec0 hfp16 xldsf16,2,32,1,32,0,0,2,0,0,0,7,8,48,A device-local|host-visible,87736320,43868160,118.627,76.249,113.254,51.99,0.7396,0.5753,1.1620,0.58101,1.1656,0.442,151.480,217.820,0.547
M sweep,M2 L16 R2 sg32 dec0 hfp16 xldsf16,2,16,2,32,0,0,2,0,0,0,7,8,48,A device-local|host-visible,87736320,43868160,153.537,140.626,156.791,71.98,0.5714,0.3119,0.8394,0.41968,0.8425,1.113,95.400,217.820,0.547
M sweep,M2 L32 R1 sg32 dec0 hfp16 xldsi8,2,32,1,32,0,0,3,0,0,0,7,8,48,A device-local|host-visible,87736320,43868160,190.558,132.997,181.874,83.50,0.4604,0.3298,0.7236,0.36180,0.7279,1.481,133.280,217.820,0.547
M sweep,M2 L16 R2 sg32 dec0 hfp16 xldsi8,2,16,2,32,0,0,3,0,0,0,7,8,48,A device-local|host-visible,87736320,43868160,153.805,169.778,159.916,73.42,0.5704,0.2584,0.8230,0.41148,0.8269,1.087,134.900,217.820,0.547
M sweep,M2 L32 R1 sg32 dec0 hfp16 xgf16,2,32,1,32,0,0,4,0,0,0,7,8,48,A device-local|host-visible,87736320,43868160,216.150,171.663,207.189,95.12,0.4059,0.2555,0.6352,0.31760,0.6389,2.469,61.000,217.820,0.547
M sweep,M2 L16 R2 sg32 dec0 hfp16 xgf16,2,16,2,32,0,0,4,0,0,0,7,8,48,A device-local|host-visible,87736320,43868160,145.007,182.215,162.246,74.49,0.6051,0.2407,0.8111,0.40557,0.8139,0.677,98.080,217.820,0.547
M sweep,M2 L32 R1 sg32 dec0 hfp16 xgi8,2,32,1,32,0,0,5,0,0,0,7,8,48,A device-local|host-visible,87736320,43868160,109.353,59.324,111.335,51.11,0.8023,0.7395,1.1821,0.59103,1.1880,1.160,228.160,217.820,0.547
M sweep,M2 L16 R2 sg32 dec0 hfp16 xgi8,2,16,2,32,0,0,5,0,0,0,7,8,48,A device-local|host-visible,87736320,43868160,157.747,105.112,147.404,67.67,0.5562,0.4173,0.8928,0.44641,0.8963,1.627,89.500,217.820,0.547
M sweep,M2 L16 R4 sg32 dec0 hfp16 xlds,2,16,4,32,0,0,1,0,0,0,7,8,48,A device-local|host-visible,87736320,43868160,172.068,165.678,172.061,78.99,0.5099,0.2648,0.7649,0.38244,0.7677,0.698,103.900,217.820,0.547
M sweep,M2 L16 R2 sg32 dec0 hfp16 xlds/glob,2,16,2,32,0,0,1,0,0,0,7,8,48,A device-local|host-visible,87736320,43868160,161.753,164.458,169.199,77.68,0.5424,0.2667,0.7778,0.38891,0.7811,1.092,104.820,217.820,0.547
M sweep,M2 L16 R2 sg32 dec0 hfp16 xldsf16/glob,2,16,2,32,0,0,2,0,0,0,7,8,48,A device-local|host-visible,87736320,43868160,137.481,169.754,148.123,68.00,0.6382,0.2584,0.8885,0.44424,0.8919,1.092,111.000,217.820,0.547
M sweep,M2 L16 R2 sg32 dec0 hfp16 xldsi8/glob,2,16,2,32,0,0,3,0,0,0,7,8,48,A device-local|host-visible,87736320,43868160,154.491,166.018,163.609,75.11,0.5679,0.2642,0.8044,0.40219,0.8077,1.094,108.340,217.820,0.547
M sweep,M2 L16 R2 sg32 dec0 hfp16 xgf16/glob,2,16,2,32,0,0,4,0,0,0,7,8,48,A device-local|host-visible,87736320,43868160,145.296,177.359,153.574,70.51,0.6038,0.2473,0.8569,0.42847,0.8602,1.565,82.920,217.820,0.547
M sweep,M2 L16 R2 sg32 dec0 hfp16 xgi8/glob,2,16,2,32,0,0,5,0,0,0,7,8,48,A device-local|host-visible,87736320,43868160,144.716,167.711,161.601,74.19,0.6063,0.2616,0.8144,0.40719,0.8175,1.100,96.620,217.820,0.547
M sweep,M2 L16 R2 sg32 dec0 hfp16 xglob/ldsi8,2,16,2,32,0,0,0,0,0,0,7,8,48,A device-local|host-visible,87736320,43868160,181.486,179.140,182.690,83.87,0.4834,0.2449,0.7204,0.36019,0.7241,1.092,128.340,217.820,0.547
M sweep,M2 L16 R2 sg32 dec0 hfp16 xglob/gf16,2,16,2,32,0,0,0,0,0,0,7,8,48,A device-local|host-visible,87736320,43868160,182.408,184.553,182.565,83.81,0.4810,0.2377,0.7209,0.36043,0.7240,1.250,90.460,217.820,0.547
M sweep,M2 L16 R2 sg32 dec0 hfp16 xglob/gi8,2,16,2,32,0,0,0,0,0,0,7,8,48,A device-local|host-visible,87736320,43868160,180.715,130.434,165.026,75.76,0.4855,0.3363,0.7975,0.39874,0.8007,1.092,103.520,217.820,0.547
M sweep,M2 L16 R2 sg32 dec0 hfp16 xgf16/ldsi8,2,16,2,32,0,0,4,0,0,0,7,8,48,A device-local|host-visible,87736320,43868160,148.626,188.025,156.971,72.06,0.5903,0.2333,0.8384,0.41920,0.8418,1.100,110.880,217.820,0.547
M sweep,M2 L16 R2 sg32 dec0 hfp16 xgf16,2,16,2,32,0,0,4,0,0,0,7,8,48,A device-local|host-visible,87736320,43868160,148.477,189.682,160.086,73.49,0.5909,0.2313,0.8221,0.41104,0.8254,1.087,108.900,217.820,0.547
M sweep,M2 L32 R2 sg32 dec0 hfp16 xgf16/ldsi8,2,32,2,32,0,0,4,0,0,0,7,8,48,A device-local|host-visible,87736320,43868160,183.391,162.891,177.127,81.32,0.4784,0.2693,0.7430,0.37150,0.7461,1.096,98.220,217.820,0.547
M sweep,M2 L32 R2 sg32 dec0 hfp16 xgf16,2,32,2,32,0,0,4,0,0,0,7,8,48,A device-local|host-visible,87736320,43868160,181.448,167.959,182.986,84.01,0.4835,0.2612,0.7192,0.35960,0.7225,1.092,104.680,217.820,0.547
M sweep,M3 L32 R1 sg32 dec0 hfp16 xglob,3,32,1,32,0,0,0,0,0,0,7,8,48,A device-local|host-visible,87736320,43868160,173.689,110.066,156.305,71.76,0.5051,0.3986,0.8420,0.28066,0.8453,1.319,94.640,217.820,0.547
M sweep,M3 L16 R2 sg32 dec0 hfp16 xglob,3,16,2,32,0,0,0,0,0,0,7,8,48,A device-local|host-visible,87736320,43868160,162.818,142.799,161.395,74.10,0.5389,0.3072,0.8154,0.27181,0.8187,1.079,107.200,217.820,0.547
M sweep,M3 L32 R1 sg32 dec0 hfp16 xlds,3,32,1,32,0,0,1,0,0,0,7,8,48,A device-local|host-visible,87736320,43868160,97.685,53.321,85.158,39.10,0.8982,0.8227,1.5454,0.51514,1.5491,0.456,156.820,217.820,0.547
M sweep,M3 L16 R2 sg32 dec0 hfp16 xlds,3,16,2,32,0,0,1,0,0,0,7,8,48,A device-local|host-visible,87736320,43868160,163.824,134.399,159.331,73.15,0.5356,0.3264,0.8260,0.27533,0.8292,1.888,62.680,217.820,0.547
M sweep,M3 L32 R1 sg32 dec0 hfp16 xldsf16,3,32,1,32,0,0,2,0,0,0,7,8,48,A device-local|host-visible,87736320,43868160,86.632,49.335,76.101,34.94,1.0127,0.8892,1.7293,0.57644,1.7337,0.467,185.080,217.820,0.547
M sweep,M3 L16 R2 sg32 dec0 hfp16 xldsf16,3,16,2,32,0,0,2,0,0,0,7,8,48,A device-local|host-visible,87736320,43868160,135.651,112.582,136.268,62.56,0.6468,0.3897,0.9658,0.32193,0.9692,1.217,106.940,217.820,0.547
M sweep,M3 L32 R1 sg32 dec0 hfp16 xldsi8,3,32,1,32,0,0,3,0,0,0,7,8,48,A device-local|host-visible,87736320,43868160,153.547,98.533,153.254,70.36,0.5714,0.4452,0.8587,0.28624,0.8615,0.565,103.740,217.820,0.547
M sweep,M3 L16 R2 sg32 dec0 hfp16 xldsi8,3,16,2,32,0,0,3,0,0,0,7,8,48,A device-local|host-visible,87736320,43868160,144.560,151.067,155.648,71.46,0.6069,0.2904,0.8455,0.28184,0.8494,1.802,101.740,217.820,0.547
M sweep,M3 L32 R1 sg32 dec0 hfp16 xgf16,3,32,1,32,0,0,4,0,0,0,7,8,48,A device-local|host-visible,87736320,43868160,202.537,116.455,174.788,80.24,0.4332,0.3767,0.7529,0.25098,0.7560,1.625,70.080,217.820,0.547
M sweep,M3 L16 R2 sg32 dec0 hfp16 xgf16,3,16,2,32,0,0,4,0,0,0,7,8,48,A device-local|host-visible,87736320,43868160,173.174,156.698,173.178,79.50,0.5066,0.2800,0.7599,0.25331,0.7636,1.123,119.900,217.820,0.547
M sweep,M3 L32 R1 sg32 dec0 hfp16 xgi8,3,32,1,32,0,0,5,0,0,0,7,8,48,A device-local|host-visible,87736320,43868160,79.493,45.703,84.131,38.62,1.1037,0.9599,1.5643,0.52143,1.5689,0.492,195.780,217.820,0.547
M sweep,M3 L16 R2 sg32 dec0 hfp16 xgi8,3,16,2,32,0,0,5,0,0,0,7,8,48,A device-local|host-visible,87736320,43868160,95.125,86.638,104.419,47.94,0.9223,0.5063,1.2604,0.42012,1.2640,0.548,147.520,217.820,0.547
M sweep,M3 L16 R4 sg32 dec0 hfp16 xlds,3,16,4,32,0,0,1,0,0,0,7,8,48,A device-local|host-visible,87736320,43868160,156.134,142.758,155.125,71.22,0.5619,0.3073,0.8484,0.28279,0.8513,0.985,92.780,217.820,0.547
M sweep,M3 L16 R2 sg32 dec0 hfp16 xlds/glob,3,16,2,32,0,0,1,0,0,0,7,8,48,A device-local|host-visible,87736320,43868160,146.009,140.119,152.983,70.23,0.6009,0.3131,0.8603,0.28675,0.8640,1.527,108.600,217.820,0.547
M sweep,M3 L16 R2 sg32 dec0 hfp16 xldsf16/glob,3,16,2,32,0,0,2,0,0,0,7,8,48,A device-local|host-visible,87736320,43868160,120.270,149.864,127.975,58.75,0.7295,0.2927,1.0284,0.34279,1.0320,1.567,100.080,217.820,0.547
M sweep,M3 L16 R2 sg32 dec0 hfp16 xldsi8/glob,3,16,2,32,0,0,3,0,0,0,7,8,48,A device-local|host-visible,87736320,43868160,146.507,142.347,152.146,69.85,0.5989,0.3082,0.8650,0.28833,0.8686,1.115,118.280,217.820,0.547
M sweep,M3 L16 R2 sg32 dec0 hfp16 xgf16/glob,3,16,2,32,0,0,4,0,0,0,7,8,48,A device-local|host-visible,87736320,43868160,161.217,146.006,158.209,72.63,0.5442,0.3005,0.8318,0.27728,0.8356,1.125,127.040,217.820,0.547
M sweep,M3 L16 R2 sg32 dec0 hfp16 xgi8/glob,3,16,2,32,0,0,5,0,0,0,7,8,48,A device-local|host-visible,87736320,43868160,98.917,153.345,111.415,51.15,0.8870,0.2861,1.1812,0.39374,1.1852,1.644,111.680,217.820,0.547
M sweep,M3 L16 R2 sg32 dec0 hfp16 xglob/ldsi8,3,16,2,32,0,0,0,0,0,0,7,8,48,A device-local|host-visible,87736320,43868160,171.121,167.053,173.481,79.64,0.5127,0.2626,0.7586,0.25287,0.7625,2.050,90.320,217.820,0.547
M sweep,M3 L16 R2 sg32 dec0 hfp16 xglob/gf16,3,16,2,32,0,0,0,0,0,0,7,8,48,A device-local|host-visible,87736320,43868160,172.400,164.109,172.008,78.97,0.5089,0.2673,0.7651,0.25504,0.7683,1.104,100.600,217.820,0.547
M sweep,M3 L16 R2 sg32 dec0 hfp16 xglob/gi8,3,16,2,32,0,0,0,0,0,0,7,8,48,A device-local|host-visible,87736320,43868160,171.192,95.071,140.238,64.38,0.5125,0.4614,0.9384,0.31281,0.9420,1.244,111.960,217.820,0.547
M sweep,M3 L16 R2 sg32 dec0 hfp16 xgf16/ldsi8,3,16,2,32,0,0,4,0,0,0,7,8,48,A device-local|host-visible,87736320,43868160,168.222,171.974,170.326,78.20,0.5216,0.2551,0.7727,0.25755,0.7763,1.548,102.240,217.820,0.547
M sweep,M3 L16 R2 sg32 dec0 hfp16 xgf16,3,16,2,32,0,0,4,0,0,0,7,8,48,A device-local|host-visible,87736320,43868160,168.021,166.185,169.000,77.59,0.5222,0.2640,0.7787,0.25958,0.7817,1.098,91.320,217.820,0.547
M sweep,M3 L32 R2 sg32 dec0 hfp16 xgf16/ldsi8,3,32,2,32,0,0,4,0,0,0,7,8,48,A device-local|host-visible,87736320,43868160,184.778,140.944,168.137,77.19,0.4748,0.3112,0.7827,0.26091,0.7860,1.119,105.480,217.820,0.547
M sweep,M3 L32 R2 sg32 dec0 hfp16 xgf16,3,32,2,32,0,0,4,0,0,0,7,8,48,A device-local|host-visible,87736320,43868160,185.967,148.109,178.083,81.76,0.4718,0.2962,0.7390,0.24634,0.7425,1.087,117.640,217.820,0.547
M sweep,M4 L32 R1 sg32 dec0 hfp16 xglob,4,32,1,32,0,0,0,0,0,0,7,8,48,A device-local|host-visible,87736320,43868160,143.987,95.951,125.714,57.71,0.6093,0.4572,1.0469,0.26171,1.0506,1.446,110.360,217.820,0.547
M sweep,M4 L16 R2 sg32 dec0 hfp16 xglob,4,16,2,32,0,0,0,0,0,0,7,8,48,A device-local|host-visible,87736320,43868160,145.603,121.364,147.972,67.93,0.6026,0.3615,0.8894,0.22235,0.8932,1.644,103.860,217.820,0.547
M sweep,M4 L32 R1 sg32 dec0 hfp16 xlds,4,32,1,32,0,0,1,0,0,0,7,8,48,A device-local|host-visible,87736320,43868160,77.120,43.513,68.599,31.49,1.1377,1.0082,1.9185,0.47961,1.9271,0.735,379.940,217.820,0.547
M sweep,M4 L16 R2 sg32 dec0 hfp16 xlds,4,16,2,32,0,0,1,0,0,0,7,8,48,A device-local|host-visible,87736320,43868160,141.903,105.886,137.326,63.05,0.6183,0.4143,0.9583,0.23958,0.9620,1.123,121.160,217.820,0.547
M sweep,M4 L32 R1 sg32 dec0 hfp16 xldsf16,4,32,1,32,0,0,2,0,0,0,7,8,48,A device-local|host-visible,87736320,43868160,71.227,39.888,61.812,28.38,1.2318,1.0998,2.1291,0.53228,2.1340,0.494,209.140,217.820,0.547
M sweep,M4 L16 R2 sg32 dec0 hfp16 xldsf16,4,16,2,32,0,0,2,0,0,0,7,8,48,A device-local|host-visible,87736320,43868160,129.469,94.306,126.178,57.93,0.6777,0.4652,1.0430,0.26075,1.0467,1.102,124.480,217.820,0.547
M sweep,M4 L32 R1 sg32 dec0 hfp16 xldsi8,4,32,1,32,0,0,3,0,0,0,7,8,48,A device-local|host-visible,87736320,43868160,141.700,86.317,135.576,62.24,0.6192,0.5082,0.9707,0.24268,0.9744,1.092,123.300,217.820,0.547
M sweep,M4 L16 R2 sg32 dec0 hfp16 xldsi8,4,16,2,32,0,0,3,0,0,0,7,8,48,A device-local|host-visible,87736320,43868160,143.154,145.667,154.558,70.96,0.6129,0.3012,0.8515,0.21287,0.8554,1.485,116.860,217.820,0.547
M sweep,M4 L32 R1 sg32 dec0 hfp16 xgf16,4,32,1,32,0,0,4,0,0,0,7,8,48,A device-local|host-visible,87736320,43868160,181.711,88.711,149.032,68.42,0.4828,0.4945,0.8831,0.22076,0.8861,0.950,100.460,217.820,0.547
M sweep,M4 L16 R2 sg32 dec0 hfp16 xgf16,4,16,2,32,0,0,4,0,0,0,7,8,48,A device-local|host-visible,87736320,43868160,166.533,143.283,163.497,75.06,0.5268,0.3062,0.8049,0.20123,0.8082,1.615,79.280,217.820,0.547
M sweep,M4 L32 R1 sg32 dec0 hfp16 xgi8,4,32,1,32,0,0,5,0,0,0,7,8,48,A device-local|host-visible,87736320,43868160,65.559,36.580,67.124,30.82,1.3383,1.1992,1.9606,0.49016,1.9659,1.167,199.400,217.820,0.547
M sweep,M4 L16 R2 sg32 dec0 hfp16 xgi8,4,16,2,32,0,0,5,0,0,0,7,8,48,A device-local|host-visible,87736320,43868160,82.456,80.395,93.145,42.76,1.0640,0.5457,1.4129,0.35322,1.4173,1.123,159.040,217.820,0.547
M sweep,M4 L16 R4 sg32 dec0 hfp16 xlds,4,16,4,32,0,0,1,0,0,0,7,8,48,A device-local|host-visible,87736320,43868160,147.095,135.525,146.288,67.16,0.5965,0.3237,0.8996,0.22491,0.9028,0.773,113.500,217.820,0.547
M sweep,M4 L16 R2 sg32 dec0 hfp16 xlds/glob,4,16,2,32,0,0,1,0,0,0,7,8,48,A device-local|host-visible,87736320,43868160,126.910,126.903,131.203,60.23,0.6913,0.3457,1.0031,0.25076,1.0068,1.104,126.360,217.820,0.547
M sweep,M4 L16 R2 sg32 dec0 hfp16 xldsf16/glob,4,16,2,32,0,0,2,0,0,0,7,8,48,A device-local|host-visible,87736320,43868160,117.176,127.213,124.223,57.03,0.7488,0.3448,1.0594,0.26486,1.0635,1.092,144.680,217.820,0.547
M sweep,M4 L16 R2 sg32 dec0 hfp16 xldsi8/glob,4,16,2,32,0,0,3,0,0,0,7,8,48,A device-local|host-visible,87736320,43868160,145.539,124.105,145.128,66.63,0.6028,0.3535,0.9068,0.22670,0.9102,1.100,108.020,217.820,0.547
M sweep,M4 L16 R2 sg32 dec0 hfp16 xgf16/glob,4,16,2,32,0,0,4,0,0,0,7,8,48,A device-local|host-visible,87736320,43868160,157.092,128.608,149.240,68.52,0.5585,0.3411,0.8818,0.22046,0.8853,1.708,84.840,217.820,0.547
M sweep,M4 L16 R2 sg32 dec0 hfp16 xgi8/glob,4,16,2,32,0,0,5,0,0,0,7,8,48,A device-local|host-visible,87736320,43868160,91.355,134.134,103.268,47.41,0.9604,0.3270,1.2744,0.31860,1.2786,1.590,122.920,217.820,0.547
M sweep,M4 L16 R2 sg32 dec0 hfp16 xglob/ldsi8,4,16,2,32,0,0,0,0,0,0,7,8,48,A device-local|host-visible,87736320,43868160,156.549,156.617,163.575,75.10,0.5604,0.2801,0.8046,0.20114,0.8083,1.652,99.800,217.820,0.547
M sweep,M4 L16 R2 sg32 dec0 hfp16 xglob/gf16,4,16,2,32,0,0,0,0,0,0,7,8,48,A device-local|host-visible,87736320,43868160,156.720,151.343,159.036,73.01,0.5598,0.2899,0.8275,0.20688,0.8317,1.106,149.440,217.820,0.547
M sweep,M4 L16 R2 sg32 dec0 hfp16 xglob/gi8,4,16,2,32,0,0,0,0,0,0,7,8,48,A device-local|host-visible,87736320,43868160,156.306,85.860,125.630,57.68,0.5613,0.5109,1.0476,0.26189,1.0513,1.467,108.700,217.820,0.547
M sweep,M4 L16 R2 sg32 dec0 hfp16 xgf16/ldsi8,4,16,2,32,0,0,4,0,0,0,7,8,48,A device-local|host-visible,87736320,43868160,160.893,159.015,162.351,74.53,0.5453,0.2759,0.8106,0.20265,0.8138,1.083,102.580,217.820,0.547
M sweep,M4 L16 R2 sg32 dec0 hfp16 xgf16,4,16,2,32,0,0,4,0,0,0,7,8,48,A device-local|host-visible,87736320,43868160,161.511,154.095,160.690,73.77,0.5432,0.2847,0.8190,0.20475,0.8224,1.092,109.260,217.820,0.547
M sweep,M4 L32 R2 sg32 dec0 hfp16 xgf16/ldsi8,4,32,2,32,0,0,4,0,0,0,7,8,48,A device-local|host-visible,87736320,43868160,177.526,132.484,164.009,75.30,0.4942,0.3311,0.8024,0.20061,0.8056,1.344,87.340,217.820,0.547
M sweep,M4 L32 R2 sg32 dec0 hfp16 xgf16,4,32,2,32,0,0,4,0,0,0,7,8,48,A device-local|host-visible,87736320,43868160,173.171,135.608,164.147,75.36,0.5066,0.3235,0.8017,0.20044,0.8051,0.942,115.340,217.820,0.547
M sweep,M5 L32 R1 sg32 dec0 hfp16 xglob,5,32,1,32,0,0,0,0,0,0,7,8,48,A device-local|host-visible,87736320,43868160,139.818,81.406,113.109,51.93,0.6275,0.5389,1.1635,0.23270,1.1674,1.083,134.740,217.820,0.547
M sweep,M5 L16 R2 sg32 dec0 hfp16 xglob,5,16,2,32,0,0,0,0,0,0,7,8,48,A device-local|host-visible,87736320,43868160,129.110,112.699,131.920,60.56,0.6795,0.3892,0.9976,0.19952,1.0017,1.100,145.700,217.820,0.547
M sweep,M5 L32 R1 sg32 dec0 hfp16 xlds,5,32,1,32,0,0,1,0,0,0,7,8,48,A device-local|host-visible,87736320,43868160,63.493,35.815,55.777,25.61,1.3818,1.2248,2.3595,0.47189,2.3651,0.627,239.380,217.820,0.547
M sweep,M5 L16 R2 sg32 dec0 hfp16 xlds,5,16,2,32,0,0,1,0,0,0,7,8,48,A device-local|host-visible,87736320,43868160,144.589,97.786,133.321,61.21,0.6068,0.4486,0.9871,0.19742,0.9907,1.092,121.140,217.820,0.547
M sweep,M5 L32 R1 sg32 dec0 hfp16 xldsf16,5,32,1,32,0,0,2,0,0,0,7,8,48,A device-local|host-visible,87736320,43868160,60.413,33.895,52.594,24.15,1.4523,1.2942,2.5023,0.50045,2.5090,0.748,286.180,217.820,0.547
M sweep,M5 L16 R2 sg32 dec0 hfp16 xldsf16,5,16,2,32,0,0,2,0,0,0,7,8,48,A device-local|host-visible,87736320,43868160,103.117,81.566,107.801,49.49,0.8508,0.5378,1.2208,0.24416,1.2242,0.671,130.380,217.820,0.547
M sweep,M5 L32 R1 sg32 dec0 hfp16 xldsi8,5,32,1,32,0,0,3,0,0,0,7,8,48,A device-local|host-visible,87736320,43868160,110.668,72.298,114.761,52.69,0.7928,0.6068,1.1468,0.22935,1.1503,0.981,123.040,217.820,0.547
M sweep,M5 L16 R2 sg32 dec0 hfp16 xldsi8,5,16,2,32,0,0,3,0,0,0,7,8,48,A device-local|host-visible,87736320,43868160,132.363,130.010,141.962,65.17,0.6628,0.3374,0.9270,0.18541,0.9311,1.096,141.200,217.820,0.547
M sweep,M5 L32 R1 sg32 dec0 hfp16 xgf16,5,32,1,32,0,0,4,0,0,0,7,8,48,A device-local|host-visible,87736320,43868160,149.411,81.554,130.607,59.96,0.5872,0.5379,1.0076,0.20153,1.0111,0.806,129.480,217.820,0.547
M sweep,M5 L16 R2 sg32 dec0 hfp16 xgf16,5,16,2,32,0,0,4,0,0,0,7,8,48,A device-local|host-visible,87736320,43868160,157.929,132.864,153.226,70.35,0.5555,0.3302,0.8589,0.17178,0.8627,1.092,130.280,217.820,0.547
M sweep,M5 L32 R1 sg32 dec0 hfp16 xgi8,5,32,1,32,0,0,5,0,0,0,7,8,48,A device-local|host-visible,87736320,43868160,57.288,31.497,57.884,26.57,1.5315,1.3928,2.2736,0.45472,2.2791,0.552,236.480,217.820,0.547
M sweep,M5 L16 R2 sg32 dec0 hfp16 xgi8,5,16,2,32,0,0,5,0,0,0,7,8,48,A device-local|host-visible,87736320,43868160,84.082,65.536,90.636,41.61,1.0435,0.6694,1.4520,0.29040,1.4565,1.108,160.020,217.820,0.547
M sweep,M5 L16 R4 sg32 dec0 hfp16 xlds,5,16,4,32,0,0,1,0,0,0,7,8,48,A device-local|host-visible,87736320,43868160,121.501,97.001,116.133,53.32,0.7221,0.4522,1.1332,0.22665,1.1376,1.142,153.560,217.820,0.547
M sweep,M5 L16 R2 sg32 dec0 hfp16 xlds/glob,5,16,2,32,0,0,1,0,0,0,7,8,48,A device-local|host-visible,87736320,43868160,123.325,115.578,128.817,59.14,0.7114,0.3796,1.0216,0.20433,1.0329,1.090,488.760,217.820,0.547
M sweep,M5 L16 R2 sg32 dec0 hfp16 xldsf16/glob,5,16,2,32,0,0,2,0,0,0,7,8,48,A device-local|host-visible,87736320,43868160,101.964,119.494,108.187,49.67,0.8605,0.3671,1.2165,0.24329,1.2210,1.098,164.900,217.820,0.547
M sweep,M5 L16 R2 sg32 dec0 hfp16 xldsi8/glob,5,16,2,32,0,0,3,0,0,0,7,8,48,A device-local|host-visible,87736320,43868160,133.995,112.494,133.104,61.11,0.6548,0.3900,0.9887,0.19775,0.9933,1.619,139.680,217.820,0.547
M sweep,M5 L16 R2 sg32 dec0 hfp16 xgf16/glob,5,16,2,32,0,0,4,0,0,0,7,8,48,A device-local|host-visible,87736320,43868160,143.428,116.678,137.053,62.92,0.6117,0.3760,0.9602,0.19205,0.9638,1.085,121.060,217.820,0.547
M sweep,M5 L16 R2 sg32 dec0 hfp16 xgi8/glob,5,16,2,32,0,0,5,0,0,0,7,8,48,A device-local|host-visible,87736320,43868160,94.108,122.473,102.108,46.88,0.9323,0.3582,1.2889,0.25777,1.2931,1.660,121.800,217.820,0.547
M sweep,M5 L16 R2 sg32 dec0 hfp16 xglob/ldsi8,5,16,2,32,0,0,0,0,0,0,7,8,48,A device-local|host-visible,87736320,43868160,139.692,145.942,146.316,67.17,0.6281,0.3006,0.8995,0.17989,0.9025,1.165,91.100,217.820,0.547
M sweep,M5 L16 R2 sg32 dec0 hfp16 xglob/gf16,5,16,2,32,0,0,0,0,0,0,7,8,48,A device-local|host-visible,87736320,43868160,140.257,138.972,141.945,65.17,0.6255,0.3157,0.9272,0.18543,0.9306,1.621,89.100,217.820,0.547
M sweep,M5 L16 R2 sg32 dec0 hfp16 xglob/gi8,5,16,2,32,0,0,0,0,0,0,7,8,48,A device-local|host-visible,87736320,43868160,138.354,74.086,111.242,51.07,0.6341,0.5921,1.1830,0.23661,1.1875,1.100,159.180,217.820,0.547
M sweep,M5 L16 R2 sg32 dec0 hfp16 xgf16/ldsi8,5,16,2,32,0,0,4,0,0,0,7,8,48,A device-local|host-visible,87736320,43868160,148.789,144.510,147.655,67.79,0.5897,0.3036,0.8913,0.17826,0.8952,1.312,122.620,217.820,0.547
M sweep,M5 L16 R2 sg32 dec0 hfp16 xgf16,5,16,2,32,0,0,4,0,0,0,7,8,48,A device-local|host-visible,87736320,43868160,149.421,138.949,149.579,68.67,0.5872,0.3157,0.8798,0.17597,0.8833,1.115,114.960,217.820,0.547
M sweep,M5 L32 R2 sg32 dec0 hfp16 xgf16/ldsi8,5,32,2,32,0,0,4,0,0,0,7,8,48,A device-local|host-visible,87736320,43868160,160.747,95.173,141.021,64.74,0.5458,0.4609,0.9332,0.18664,0.9371,1.098,134.740,217.820,0.547
M sweep,M5 L32 R2 sg32 dec0 hfp16 xgf16,5,32,2,32,0,0,4,0,0,0,7,8,48,A device-local|host-visible,87736320,43868160,159.993,118.277,145.672,66.88,0.5484,0.3709,0.9034,0.18069,0.9084,1.627,158.640,217.820,0.547
M sweep,M6 L32 R1 sg32 dec0 hfp16 xglob,6,32,1,32,0,0,0,0,0,0,7,8,48,A device-local|host-visible,87736320,43868160,120.849,72.718,100.518,46.15,0.7260,0.6033,1.3093,0.21821,1.3135,1.352,139.560,217.820,0.547
M sweep,M6 L16 R2 sg32 dec0 hfp16 xglob,6,16,2,32,0,0,0,0,0,0,7,8,48,A device-local|host-visible,87736320,43868160,121.143,101.646,119.988,55.09,0.7242,0.4316,1.0968,0.18280,1.1010,1.090,150.480,217.820,0.547
M sweep,M6 L32 R1 sg32 dec0 hfp16 xlds,6,32,1,32,0,0,1,0,0,0,7,8,48,A device-local|host-visible,87736320,43868160,54.384,28.628,45.782,21.02,1.6133,1.5324,2.8746,0.47909,2.8832,0.469,390.080,217.820,0.547
M sweep,M6 L16 R2 sg32 dec0 hfp16 xlds,6,16,2,32,0,0,1,0,0,0,7,8,48,A device-local|host-visible,87736320,43868160,116.651,65.108,102.051,46.85,0.7521,0.6738,1.2896,0.21493,1.2937,1.385,130.780,217.820,0.547
M sweep,M6 L32 R1 sg32 dec0 hfp16 xldsf16,6,32,1,32,0,0,2,0,0,0,7,8,48,A device-local|host-visible,87736320,43868160,51.622,26.182,41.541,19.07,1.6996,1.6755,3.1681,0.52802,3.1752,0.490,318.260,217.820,0.547
M sweep,M6 L16 R2 sg32 dec0 hfp16 xldsf16,6,16,2,32,0,0,2,0,0,0,7,8,48,A device-local|host-visible,87736320,43868160,84.785,59.387,83.065,38.13,1.0348,0.7387,1.5844,0.26406,1.5897,2.258,147.740,217.820,0.547
M sweep,M6 L32 R1 sg32 dec0 hfp16 xldsi8,6,32,1,32,0,0,3,0,0,0,7,8,48,A device-local|host-visible,87736320,43868160,90.651,59.911,96.113,44.13,0.9678,0.7322,1.3693,0.22821,1.3738,1.665,137.120,217.820,0.547
M sweep,M6 L16 R2 sg32 dec0 hfp16 xldsi8,6,16,2,32,0,0,3,0,0,0,7,8,48,A device-local|host-visible,87736320,43868160,115.724,125.134,125.329,57.54,0.7581,0.3506,1.0501,0.17501,1.0538,1.081,127.080,217.820,0.547
M sweep,M6 L32 R1 sg32 dec0 hfp16 xgf16,6,32,1,32,0,0,4,0,0,0,7,8,48,A device-local|host-visible,87736320,43868160,133.857,72.477,118.091,54.21,0.6554,0.6053,1.1144,0.18574,1.1179,0.583,136.260,217.820,0.547
M sweep,M6 L16 R2 sg32 dec0 hfp16 xgf16,6,16,2,32,0,0,4,0,0,0,7,8,48,A device-local|host-visible,87736320,43868160,149.951,112.211,138.329,63.51,0.5851,0.3909,0.9514,0.15856,0.9550,1.558,96.700,217.820,0.547
M sweep,M6 L32 R1 sg32 dec0 hfp16 xgi8,6,32,1,32,0,0,5,0,0,0,7,8,48,A device-local|host-visible,87736320,43868160,54.235,29.906,49.389,22.67,1.6177,1.4669,2.6646,0.44411,2.6709,0.762,261.520,217.820,0.547
M sweep,M6 L16 R2 sg32 dec0 hfp16 xgi8,6,16,2,32,0,0,5,0,0,0,7,8,48,A device-local|host-visible,87736320,43868160,72.087,48.736,75.613,34.71,1.2171,0.9001,1.7405,0.29008,1.7460,1.385,200.140,217.820,0.547
M sweep,M6 L16 R4 sg32 dec0 hfp16 xlds,6,16,4,32,0,0,1,0,0,0,7,8,48,A device-local|host-visible,87736320,43868160,96.748,82.586,101.667,46.67,0.9069,0.5312,1.2945,0.21574,1.2994,0.504,214.520,217.820,0.547
M sweep,M6 L16 R2 sg32 dec0 hfp16 xlds/glob,6,16,2,32,0,0,1,0,0,0,7,8,48,A device-local|host-visible,87736320,43868160,107.818,99.948,112.420,51.61,0.8137,0.4389,1.1707,0.19511,1.1746,1.087,138.340,217.820,0.547
M sweep,M6 L16 R2 sg32 dec0 hfp16 xldsf16/glob,6,16,2,32,0,0,2,0,0,0,7,8,48,A device-local|host-visible,87736320,43868160,87.944,107.946,92.900,42.65,0.9976,0.4064,1.4166,0.23611,1.4212,1.163,161.780,217.820,0.547
M sweep,M6 L16 R2 sg32 dec0 hfp16 xldsi8/glob,6,16,2,32,0,0,3,0,0,0,7,8,48,A device-local|host-visible,87736320,43868160,117.198,104.469,115.016,52.80,0.7486,0.4199,1.1442,0.19070,1.1483,1.667,115.340,217.820,0.547
M sweep,M6 L16 R2 sg32 dec0 hfp16 xgf16/glob,6,16,2,32,0,0,4,0,0,0,7,8,48,A device-local|host-visible,87736320,43868160,137.877,107.318,127.611,58.59,0.6363,0.4088,1.0313,0.17188,1.0347,1.085,113.400,217.820,0.547
M sweep,M6 L16 R2 sg32 dec0 hfp16 xgi8/glob,6,16,2,32,0,0,5,0,0,0,7,8,48,A device-local|host-visible,87736320,43868160,84.097,109.192,92.661,42.54,1.0433,0.4018,1.4203,0.23671,1.4248,1.115,162.580,217.820,0.547
M sweep,M6 L16 R2 sg32 dec0 hfp16 xglob/ldsi8,6,16,2,32,0,0,0,0,0,0,7,8,48,A device-local|host-visible,87736320,43868160,129.308,131.726,136.898,62.85,0.6785,0.3330,0.9613,0.16022,0.9648,1.290,105.760,217.820,0.547
M sweep,M6 L16 R2 sg32 dec0 hfp16 xglob/gf16,6,16,2,32,0,0,0,0,0,0,7,8,48,A device-local|host-visible,87736320,43868160,131.392,113.332,127.732,58.64,0.6677,0.3871,1.0303,0.17172,1.0341,1.079,130.160,217.820,0.547
M sweep,M6 L16 R2 sg32 dec0 hfp16 xglob/gi8,6,16,2,32,0,0,0,0,0,0,7,8,48,A device-local|host-visible,87736320,43868160,129.416,57.873,94.758,43.50,0.6779,0.7580,1.3888,0.23147,1.3937,1.621,156.840,217.820,0.547
M sweep,M6 L16 R2 sg32 dec0 hfp16 xgf16/ldsi8,6,16,2,32,0,0,4,0,0,0,7,8,48,A device-local|host-visible,87736320,43868160,142.546,135.674,145.183,66.65,0.6155,0.3233,0.9065,0.15108,0.9099,1.073,112.760,217.820,0.547
M sweep,M6 L16 R2 sg32 dec0 hfp16 xgf16,6,16,2,32,0,0,4,0,0,0,7,8,48,A device-local|host-visible,87736320,43868160,143.602,111.028,134.284,61.65,0.6110,0.3951,0.9800,0.16334,0.9838,1.090,125.480,217.820,0.547
M sweep,M6 L32 R2 sg32 dec0 hfp16 xgf16/ldsi8,6,32,2,32,0,0,4,0,0,0,7,8,48,A device-local|host-visible,87736320,43868160,131.637,94.372,133.992,61.51,0.6665,0.4648,0.9822,0.16370,0.9858,1.192,114.100,217.820,0.547
M sweep,M6 L32 R2 sg32 dec0 hfp16 xgf16,6,32,2,32,0,0,4,0,0,0,7,8,48,A device-local|host-visible,87736320,43868160,129.231,90.179,127.574,58.57,0.6789,0.4865,1.0316,0.17193,1.0357,1.144,143.100,217.820,0.547
h fp8,M1 L32 R1 sg32 dec0 hfp16 xglob,1,32,1,32,0,0,0,0,0,0,7,8,48,A device-local|host-visible,87736320,43868160,218.362,196.774,218.224,100.19,0.4018,0.2229,0.6031,0.60307,0.6060,1.621,60.900,217.820,0.547
h fp8,M1 L16 R2 sg32 dec0 hfp16 xgf16/ldsi8,1,16,2,32,0,0,4,0,0,0,7,8,48,A device-local|host-visible,87736320,43868160,155.476,204.978,168.551,77.38,0.5643,0.2140,0.7808,0.78080,0.7841,1.108,102.980,217.820,0.547
h fp8,M6 L32 R1 sg32 dec0 hfp16 xglob,6,32,1,32,0,0,0,0,0,0,7,8,48,A device-local|host-visible,87736320,43868160,120.336,72.470,99.975,45.90,0.7291,0.6053,1.3164,0.21940,1.3217,1.629,178.540,217.820,0.547
h fp8,M6 L16 R2 sg32 dec0 hfp16 xgf16/ldsi8,6,16,2,32,0,0,4,0,0,0,7,8,48,A device-local|host-visible,87736320,43868160,133.249,122.202,137.227,63.00,0.6584,0.3590,0.9590,0.15984,0.9625,1.100,113.180,217.820,0.547
h fp8,M1 L16 R2 sg32 dec0 hfp16 xglob hqB,1,16,2,32,0,0,0,1,0,0,7,8,48,A device-local|host-visible,87736320,43868160,165.914,145.020,158.840,72.92,0.5288,0.3025,0.8285,0.82854,0.8323,1.669,101.120,217.820,0.547
h fp8,M1 L16 R2 sg32 dec0 hfp16 xglob hq8,1,16,2,32,0,0,0,2,0,0,7,8,48,A device-local|host-visible,87736320,43868160,167.686,202.426,176.855,81.19,0.5232,0.2167,0.7441,0.74414,0.7477,1.527,99.660,217.820,0.547
h fp8,M1 L16 R2 sg32 dec0 hfp16 xgf16 hqB,1,16,2,32,0,0,4,1,0,0,7,8,48,A device-local|host-visible,87736320,43868160,158.830,158.043,157.648,72.38,0.5524,0.2776,0.8348,0.83480,0.8386,1.631,102.600,217.820,0.547
h fp8,M1 L16 R2 sg32 dec0 hfp16 xgf16 hq8,1,16,2,32,0,0,4,2,0,0,7,8,48,A device-local|host-visible,87736320,43868160,157.967,203.880,170.144,78.11,0.5554,0.2152,0.7735,0.77349,0.7766,1.090,98.160,217.820,0.547
h fp8,M6 L16 R2 sg32 dec0 hfp16 xglob hqB,6,16,2,32,0,0,0,1,0,0,7,8,48,A device-local|host-visible,87736320,43868160,131.551,36.264,69.637,31.97,0.6669,1.2097,1.8899,0.31498,1.8952,1.650,178.140,217.820,0.547
h fp8,M6 L16 R2 sg32 dec0 hfp16 xglob hq8,6,16,2,32,0,0,0,2,0,0,7,8,48,A device-local|host-visible,87736320,43868160,132.132,74.825,105.821,48.58,0.6640,0.5863,1.2437,0.20728,1.2474,1.325,117.780,217.820,0.547
h fp8,M6 L16 R2 sg32 dec0 hfp16 xgf16 hqB,6,16,2,32,0,0,4,1,0,0,7,8,48,A device-local|host-visible,87736320,43868160,142.578,36.245,72.840,33.44,0.6154,1.2103,1.8068,0.30113,1.8129,1.094,239.580,217.820,0.547
h fp8,M6 L16 R2 sg32 dec0 hfp16 xgf16 hq8,6,16,2,32,0,0,4,2,0,0,7,8,48,A device-local|host-visible,87736320,43868160,139.762,74.867,108.320,49.73,0.6278,0.5859,1.2150,0.20249,1.2191,1.113,145.140,217.820,0.547
h fp8,M1 L32 R1 sg32 dec0 hfp16 xglob hqB,1,32,1,32,0,0,0,1,0,0,7,8,48,A device-local|host-visible,87736320,43868160,222.868,84.850,151.099,69.37,0.3937,0.5170,0.8710,0.87098,0.8795,1.360,345.440,217.820,0.547
h fp8,M1 L32 R1 sg32 dec0 hfp16 xgf16 hqB,1,32,1,32,0,0,4,1,0,0,7,8,48,A device-local|host-visible,87736320,43868160,215.508,86.754,148.080,67.98,0.4071,0.5057,0.8887,0.88874,0.8921,1.285,97.300,217.820,0.547
h fp8,M6 L32 R1 sg32 dec0 hfp16 xglob hqB,6,32,1,32,0,0,0,1,0,0,7,8,48,A device-local|host-visible,87736320,43868160,134.246,17.657,41.832,19.20,0.6535,2.4844,3.1460,0.52434,3.1543,1.283,337.080,217.820,0.547
h fp8,M6 L32 R1 sg32 dec0 hfp16 xgf16 hqB,6,32,1,32,0,0,4,1,0,0,7,8,48,A device-local|host-visible,87736320,43868160,147.018,17.620,42.145,19.35,0.5968,2.4897,3.1226,0.52044,3.1304,1.433,301.940,217.820,0.547
h fp8,M1 L32 R4 sg32 dec0 hfp16 xglob hq8,1,32,4,32,0,0,0,2,0,0,7,8,48,A device-local|host-visible,87736320,43868160,178.871,156.279,172.446,79.17,0.4905,0.2807,0.7632,0.76316,0.7662,1.246,88.200,217.820,0.547
h fp8,M1 L32 R1 sg32 dec0 hfp16 xglob hqP,1,32,1,32,0,0,0,3,0,0,7,8,48,A device-local|host-visible,87736320,43868160,217.264,190.427,213.624,98.07,0.4038,0.2304,0.6161,0.61606,0.6190,1.410,73.020,217.820,0.547
h fp8,M1 L16 R2 sg32 dec0 hfp16 xglob hqP,1,16,2,32,0,0,0,3,0,0,7,8,48,A device-local|host-visible,87736320,43868160,163.274,201.250,172.995,79.42,0.5374,0.2180,0.7607,0.76074,0.7641,2.113,59.760,217.820,0.547
h fp8,M1 L16 R2 sg32 dec0 hfp16 xgf16 hqP,1,16,2,32,0,0,4,3,0,0,7,8,48,A device-local|host-visible,87736320,43868160,157.165,203.408,167.671,76.98,0.5582,0.2157,0.7849,0.78490,0.7881,2.440,38.960,217.820,0.547
h fp8,M6 L32 R1 sg32 dec0 hfp16 xglob hqP,6,32,1,32,0,0,0,3,0,0,7,8,48,A device-local|host-visible,87736320,43868160,128.974,49.412,84.548,38.82,0.6803,0.8878,1.5566,0.25943,1.5622,2.081,172.400,217.820,0.547
h fp8,M6 L16 R2 sg32 dec0 hfp16 xglob hqP,6,16,2,32,0,0,0,3,0,0,7,8,48,A device-local|host-visible,87736320,43868160,130.229,74.786,107.071,49.16,0.6737,0.5866,1.2291,0.20486,1.2333,1.617,123.640,217.820,0.547
h fp8,M6 L16 R2 sg32 dec0 hfp16 xgf16 hqP,6,16,2,32,0,0,4,3,0,0,7,8,48,A device-local|host-visible,87736320,43868160,141.836,74.700,111.380,51.13,0.6186,0.5873,1.1816,0.19693,1.1856,1.408,127.340,217.820,0.547
h fp8,M1 L16 R2 sg32 dec0 hfp16 xgf16/ldsi8 hq8,1,16,2,32,0,0,4,2,0,0,7,8,48,A device-local|host-visible,87736320,43868160,158.291,207.753,171.828,78.89,0.5543,0.2112,0.7659,0.76591,0.7688,1.096,86.460,217.820,0.547
h fp8,M1 L16 R2 sg32 dec0 hfp16 xgf16/ldsi8 hqP,1,16,2,32,0,0,4,3,0,0,7,8,48,A device-local|host-visible,87736320,43868160,155.650,207.926,169.825,77.97,0.5637,0.2110,0.7749,0.77494,0.7780,1.452,76.700,217.820,0.547
h fp8,M6 L16 R2 sg32 dec0 hfp16 xgf16/ldsi8 hq8,6,16,2,32,0,0,4,2,0,0,7,8,48,A device-local|host-visible,87736320,43868160,136.005,118.510,135.819,62.35,0.6451,0.3702,0.9690,0.16149,0.9729,1.081,139.120,217.820,0.547
h fp8,M6 L16 R2 sg32 dec0 hfp16 xgf16/ldsi8 hqP,6,16,2,32,0,0,4,3,0,0,7,8,48,A device-local|host-visible,87736320,43868160,139.201,118.305,139.214,63.91,0.6303,0.3708,0.9453,0.15756,0.9489,1.933,79.900,217.820,0.547
int8 x,M1 L32 R1 sg32 dec0 hfp16 xglob,1,32,1,32,0,0,0,0,0,0,7,8,48,A device-local|host-visible,87736320,43868160,222.854,211.224,220.779,101.36,0.3937,0.2077,0.5961,0.59609,0.6002,2.396,84.160,217.820,0.547
int8 x,M1 L16 R2 sg32 dec0 hfp16 xgf16/ldsi8,1,16,2,32,0,0,4,0,0,0,7,8,48,A device-local|host-visible,87736320,43868160,157.860,209.919,171.113,78.56,0.5558,0.2090,0.7691,0.76911,0.7727,1.300,108.880,217.820,0.547
int8 x,M1 L32 R1 sg32 dec0 hfp16 xprei8/glob,1,32,1,32,0,0,6,0,0,0,7,8,48,A device-local|host-visible,87736320,43868160,219.580,216.559,218.190,100.17,0.3996,0.2026,0.6032,0.60316,0.6064,1.415,88.420,217.820,0.547
int8 x,M1 L16 R2 sg32 dec0 hfp16 xprei8/glob,1,16,2,32,0,0,6,0,0,0,7,8,48,A device-local|host-visible,87736320,43868160,178.800,205.389,186.068,85.42,0.4907,0.2136,0.7073,0.70729,0.7103,1.812,58.460,217.820,0.547
int8 x,M1 L16 R4 sg32 dec0 hfp16 xprei8/glob,1,16,4,32,0,0,6,0,0,0,7,8,48,A device-local|host-visible,87736320,43868160,191.400,187.481,191.035,87.70,0.4584,0.2340,0.6889,0.68890,0.6919,1.888,55.320,217.820,0.547
int8 x,M1 L16 R8 sg32 dec0 hfp16 xprei8/glob,1,16,8,32,0,0,6,0,0,0,7,8,48,A device-local|host-visible,87736320,43868160,119.403,143.556,125.459,57.60,0.7348,0.3056,1.0490,1.04899,1.0533,2.294,97.200,217.820,0.547
int8 x,M1 L16 R4 sg32 dec0 hfp16 xprei8/ldsi8,1,16,4,32,0,0,6,0,0,0,7,8,48,A device-local|host-visible,87736320,43868160,190.428,167.872,187.038,85.87,0.4607,0.2613,0.7036,0.70362,0.7067,1.402,79.620,217.820,0.547
int8 x,M2 L32 R1 sg32 dec0 hfp16 xglob,2,32,1,32,0,0,0,0,0,0,7,8,48,A device-local|host-visible,87736320,43868160,190.001,177.152,195.191,89.61,0.4618,0.2476,0.6742,0.33712,0.6771,1.340,72.480,217.820,0.547
int8 x,M2 L16 R2 sg32 dec0 hfp16 xgf16/ldsi8,2,16,2,32,0,0,4,0,0,0,7,8,48,A device-local|host-visible,87736320,43868160,148.458,186.516,156.830,72.00,0.5910,0.2352,0.8392,0.41958,0.8421,1.656,62.460,217.820,0.547
int8 x,M2 L32 R1 sg32 dec0 hfp16 xprei8/glob,2,32,1,32,0,0,6,0,0,0,7,8,48,A device-local|host-visible,87736320,43868160,217.711,185.250,207.606,95.31,0.4030,0.2368,0.6339,0.31696,0.6369,2.808,10.540,217.820,0.547
int8 x,M2 L16 R2 sg32 dec0 hfp16 xprei8/glob,2,16,2,32,0,0,6,0,0,0,7,8,48,A device-local|host-visible,87736320,43868160,179.232,178.707,178.796,82.08,0.4895,0.2455,0.7361,0.36803,0.7390,1.448,70.520,217.820,0.547
int8 x,M2 L16 R4 sg32 dec0 hfp16 xprei8/glob,2,16,4,32,0,0,6,0,0,0,7,8,48,A device-local|host-visible,87736320,43868160,172.677,170.656,172.734,79.30,0.5081,0.2571,0.7619,0.38094,0.7650,1.415,81.720,217.820,0.547
int8 x,M2 L16 R8 sg32 dec0 hfp16 xprei8/glob,2,16,8,32,0,0,6,0,0,0,7,8,48,A device-local|host-visible,87736320,43868160,103.558,191.416,119.562,54.89,0.8472,0.2292,1.1007,0.55036,1.1044,1.627,98.160,217.820,0.547
int8 x,M2 L16 R4 sg32 dec0 hfp16 xprei8/ldsi8,2,16,4,32,0,0,6,0,0,0,7,8,48,A device-local|host-visible,87736320,43868160,172.349,164.673,170.367,78.21,0.5091,0.2664,0.7725,0.38624,0.7758,1.406,90.060,217.820,0.547
int8 x,M3 L32 R1 sg32 dec0 hfp16 xglob,3,32,1,32,0,0,0,0,0,0,7,8,48,A device-local|host-visible,87736320,43868160,192.221,121.018,167.258,76.79,0.4564,0.3625,0.7868,0.26228,0.7924,1.123,212.100,217.820,0.547
int8 x,M3 L16 R2 sg32 dec0 hfp16 xgf16/ldsi8,3,16,2,32,0,0,4,0,0,0,7,8,48,A device-local|host-visible,87736320,43868160,167.264,168.852,171.769,78.86,0.5245,0.2598,0.7662,0.25539,0.7693,1.090,98.260,217.820,0.547
int8 x,M3 L32 R1 sg32 dec0 hfp16 xprei8/glob,3,32,1,32,0,0,6,0,0,0,7,8,48,A device-local|host-visible,87736320,43868160,214.450,124.114,175.878,80.74,0.4091,0.3535,0.7483,0.24942,0.7514,1.400,84.220,217.820,0.547
int8 x,M3 L16 R2 sg32 dec0 hfp16 xprei8/glob,3,16,2,32,0,0,6,0,0,0,7,8,48,A device-local|host-visible,87736320,43868160,175.160,155.781,169.605,77.86,0.5009,0.2816,0.7759,0.25865,0.7792,1.408,88.040,217.820,0.547
int8 x,M3 L16 R4 sg32 dec0 hfp16 xprei8/glob,3,16,4,32,0,0,6,0,0,0,7,8,48,A device-local|host-visible,87736320,43868160,164.022,148.426,159.821,73.37,0.5349,0.2956,0.8235,0.27448,0.8271,1.444,107.260,217.820,0.547
int8 x,M3 L16 R8 sg32 dec0 hfp16 xprei8/glob,3,16,8,32,0,0,6,0,0,0,7,8,48,A device-local|host-visible,87736320,43868160,79.888,176.643,95.733,43.95,1.0982,0.2483,1.3747,0.45823,1.3796,1.769,148.400,217.820,0.547
int8 x,M3 L16 R4 sg32 dec0 hfp16 xprei8/ldsi8,3,16,4,32,0,0,6,0,0,0,7,8,48,A device-local|host-visible,87736320,43868160,163.689,156.469,162.713,74.70,0.5360,0.2804,0.8088,0.26960,0.8121,1.431,90.520,217.820,0.547
int8 x,M4 L32 R1 sg32 dec0 hfp16 xglob,4,32,1,32,0,0,0,0,0,0,7,8,48,A device-local|host-visible,87736320,43868160,152.907,105.646,139.782,64.17,0.5738,0.4152,0.9415,0.23537,0.9454,1.046,136.440,217.820,0.547
int8 x,M4 L16 R2 sg32 dec0 hfp16 xgf16/ldsi8,4,16,2,32,0,0,4,0,0,0,7,8,48,A device-local|host-visible,87736320,43868160,158.403,155.445,162.724,74.71,0.5539,0.2822,0.8088,0.20219,0.8119,1.567,76.380,217.820,0.547
int8 x,M4 L32 R1 sg32 dec0 hfp16 xprei8/glob,4,32,1,32,0,0,6,0,0,0,7,8,48,A device-local|host-visible,87736320,43868160,191.775,106.451,154.341,70.86,0.4575,0.4121,0.8527,0.21317,0.8559,1.419,88.240,217.820,0.547
int8 x,M4 L16 R2 sg32 dec0 hfp16 xprei8/glob,4,16,2,32,0,0,6,0,0,0,7,8,48,A device-local|host-visible,87736320,43868160,172.981,129.550,159.409,73.18,0.5072,0.3386,0.8256,0.20639,0.8325,1.431,264.120,217.820,0.547
int8 x,M4 L16 R4 sg32 dec0 hfp16 xprei8/glob,4,16,4,32,0,0,6,0,0,0,7,8,48,A device-local|host-visible,87736320,43868160,157.205,129.343,145.789,66.93,0.5581,0.3392,0.9027,0.22568,0.9062,1.702,83.760,217.820,0.547
int8 x,M4 L16 R8 sg32 dec0 hfp16 xprei8/glob,4,16,8,32,0,0,6,0,0,0,7,8,48,A device-local|host-visible,87736320,43868160,69.293,166.472,82.818,38.02,1.2662,0.2635,1.5891,0.39727,1.5942,1.938,154.380,217.820,0.547
int8 x,M4 L16 R4 sg32 dec0 hfp16 xprei8/ldsi8,4,16,4,32,0,0,6,0,0,0,7,8,48,A device-local|host-visible,87736320,43868160,157.252,155.841,156.571,71.88,0.5579,0.2815,0.8405,0.21014,0.8437,1.398,85.280,217.820,0.547
int8 x,M5 L32 R1 sg32 dec0 hfp16 xglob,5,32,1,32,0,0,0,0,0,0,7,8,48,A device-local|host-visible,87736320,43868160,146.923,86.022,117.634,54.01,0.5972,0.5100,1.1188,0.22375,1.1227,1.083,137.140,217.820,0.547
int8 x,M5 L16 R2 sg32 dec0 hfp16 xgf16/ldsi8,5,16,2,32,0,0,4,0,0,0,7,8,48,A device-local|host-visible,87736320,43868160,145.060,138.781,151.749,69.67,0.6048,0.3161,0.8672,0.17345,0.8705,1.083,103.540,217.820,0.547
int8 x,M5 L32 R1 sg32 dec0 hfp16 xprei8/glob,5,32,1,32,0,0,6,0,0,0,7,8,48,A device-local|host-visible,87736320,43868160,166.126,86.378,127.435,58.50,0.5281,0.5079,1.0327,0.20654,1.0366,1.873,94.340,217.820,0.547
int8 x,M5 L16 R2 sg32 dec0 hfp16 xprei8/glob,5,16,2,32,0,0,6,0,0,0,7,8,48,A device-local|host-visible,87736320,43868160,166.759,119.986,153.651,70.54,0.5261,0.3656,0.8565,0.17130,0.8609,2.200,105.300,217.820,0.547
int8 x,M5 L16 R4 sg32 dec0 hfp16 xprei8/glob,5,16,4,32,0,0,6,0,0,0,7,8,48,A device-local|host-visible,87736320,43868160,135.642,152.178,139.760,64.16,0.6468,0.2883,0.9416,0.18833,0.9453,1.419,105.540,217.820,0.547
int8 x,M5 L16 R8 sg32 dec0 hfp16 xprei8/glob,5,16,8,32,0,0,6,0,0,0,7,8,48,A device-local|host-visible,87736320,43868160,52.020,138.972,62.492,28.69,1.6866,0.3157,2.1059,0.42119,2.1117,1.683,194.080,217.820,0.547
int8 x,M5 L16 R4 sg32 dec0 hfp16 xprei8/ldsi8,5,16,4,32,0,0,6,0,0,0,7,8,48,A device-local|host-visible,87736320,43868160,136.105,154.108,138.988,63.81,0.6446,0.2847,0.9469,0.18938,0.9508,1.408,121.100,217.820,0.547
int8 x,M6 L32 R1 sg32 dec0 hfp16 xglob,6,32,1,32,0,0,0,0,0,0,7,8,48,A device-local|host-visible,87736320,43868160,126.860,76.073,103.044,47.31,0.6916,0.5767,1.2772,0.21286,1.2814,1.077,149.840,217.820,0.547
int8 x,M6 L16 R2 sg32 dec0 hfp16 xgf16/ldsi8,6,16,2,32,0,0,4,0,0,0,7,8,48,A device-local|host-visible,87736320,43868160,137.467,129.520,143.564,65.91,0.6382,0.3387,0.9167,0.15278,0.9202,1.077,115.260,217.820,0.547
int8 x,M6 L32 R1 sg32 dec0 hfp16 xprei8/glob,6,32,1,32,0,0,6,0,0,0,7,8,48,A device-local|host-visible,87736320,43868160,154.878,76.237,115.998,53.25,0.5665,0.5754,1.1345,0.18909,1.1384,2.210,81.280,217.820,0.547
int8 x,M6 L16 R2 sg32 dec0 hfp16 xprei8/glob,6,16,2,32,0,0,6,0,0,0,7,8,48,A device-local|host-visible,87736320,43868160,158.805,104.988,142.600,65.47,0.5525,0.4178,0.9229,0.15382,0.9262,1.575,85.140,217.820,0.547
int8 x,M6 L16 R4 sg32 dec0 hfp16 xprei8/glob,6,16,4,32,0,0,6,0,0,0,7,8,48,A device-local|host-visible,87736320,43868160,125.290,110.005,120.468,55.31,0.7003,0.3988,1.0924,0.18207,1.0963,1.912,94.680,217.820,0.547
int8 x,M6 L16 R8 sg32 dec0 hfp16 xprei8/glob,6,16,8,32,0,0,6,0,0,0,7,8,48,A device-local|host-visible,87736320,43868160,47.369,106.424,56.126,25.77,1.8522,0.4122,2.3448,0.39080,2.3510,2.040,200.520,217.820,0.547
int8 x,M6 L16 R4 sg32 dec0 hfp16 xprei8/ldsi8,6,16,4,32,0,0,6,0,0,0,7,8,48,A device-local|host-visible,87736320,43868160,125.411,146.236,130.954,60.12,0.6996,0.3000,1.0050,0.16749,1.0087,1.427,109.680,217.820,0.547
fp8 shared,M1 L32 R1 sg32 dec0 hfp16 xglob fp8,1,32,1,32,0,0,0,0,1,1,7,8,48,A device-local|host-visible,98818560,49409280,219.492,222.554,220.600,101.28,0.4502,0.2220,0.6719,0.67193,0.6748,1.081,85.660,217.820,0.547
fp8 shared,M1 L16 R2 sg32 dec0 hfp16 xgf16 fp8,1,16,2,32,0,0,4,0,1,1,7,8,48,A device-local|host-visible,98818560,49409280,185.474,208.707,195.219,89.62,0.5328,0.2367,0.7593,0.75929,0.7616,0.458,86.740,217.820,0.547
fp8 shared,M1 L16 R2 sg32 dec0 hfp16 xgf16 hq8 fp8,1,16,2,32,0,0,4,2,1,1,7,8,48,A device-local|host-visible,98818560,49409280,191.862,180.098,194.866,89.46,0.5150,0.2743,0.7607,0.76067,0.7629,0.637,77.840,217.820,0.547
fp8 shared,M6 L32 R1 sg32 dec0 hfp16 xglob fp8,6,32,1,32,0,0,0,0,1,1,7,8,48,A device-local|host-visible,98818560,49409280,100.618,73.842,103.845,47.67,0.9821,0.6691,1.4274,0.23790,1.4313,0.554,159.180,217.820,0.547
fp8 shared,M6 L16 R2 sg32 dec0 hfp16 xgf16 fp8,6,16,2,32,0,0,4,0,1,1,7,8,48,A device-local|host-visible,98818560,49409280,103.106,110.447,117.466,53.93,0.9584,0.4474,1.2619,0.21031,1.2657,0.562,155.220,217.820,0.547
fp8 shared,M6 L16 R2 sg32 dec0 hfp16 xgf16 hq8 fp8,6,16,2,32,0,0,4,2,1,1,7,8,48,A device-local|host-visible,98818560,49409280,109.752,80.206,122.834,56.39,0.9004,0.6160,1.2067,0.20112,1.2103,0.569,144.640,217.820,0.547
