probe,backoff,bg_groups,service_ms,hot,bufs,rounds,ok,timeouts,bad,served,late,early,mean_us,p50_us,p99_us,max_us,wall_ms_per_buf
roundtrip,0,0,0.0,0,400,40,400,0,0,40.00,14303,1697,975.177,3.640,5598.320,5886.360,39.3571
roundtrip,0,0,0.0,0,2,40,0,76,0,40.00,0,4,26187.766,26180.160,27411.520,27411.520,997.8597
roundtrip,64,0,0.0,0,400,40,400,0,0,40.00,13850,2150,960.986,3.840,5592.560,5897.640,38.8218
roundtrip,0,256,0.0,0,100,40,100,0,0,40.00,3998,2,2884.771,5192.960,5643.040,6155.520,117.0629
roundtrip,64,256,0.0,0,100,40,100,0,0,40.00,3998,2,2868.953,5133.160,5630.600,5882.480,116.5084
roundtrip,0,0,1.0,0,20,40,20,0,0,40.00,800,0,5532.441,5538.240,5758.600,5824.840,221.7780
roundtrip,0,0,5.0,0,8,40,8,0,0,40.00,320,0,5552.598,5545.520,5764.880,10392.920,222.7210
roundtrip,0,0,1.0,1,20,40,20,0,0,40.00,800,0,5532.223,5542.040,5777.960,5832.680,222.0534
roundtrip,0,0,5.0,1,8,40,8,0,0,40.00,320,0,5534.521,5535.320,5753.200,5884.120,222.0769
roundtrip,0,0,0.0,1,100,40,100,0,0,40.00,3581,419,948.019,3.640,5582.960,5890.160,38.2834
roundtrip,0,256,0.0,1,100,40,100,0,0,40.00,3999,1,2881.260,5194.880,5633.040,5876.360,116.9566
