dst,req_kb,chunk_kb,qd,bytes,seconds,gbps,mean_ms,max_ms,qd_at_issue,submit_us,copies,copy_ms,copy_ms_max,note,route,rep,inflight,p50_ms,p95_ms,mirror_share,w0,w1
ram,18368,1024,8,2257059840,0.599982,3.7619,4.9981,6.9419,5.52,6.3,0,0.0000,0.0000,pageable host (AlignedBuffer),single,0,1,5.0067,6.4355,0.0000,1.000,1.000
ram,18368,1024,16,2257059840,0.703727,3.2073,5.8630,10.1421,8.68,12.0,0,0.0000,0.0000,pageable host (AlignedBuffer),single,0,1,5.9194,7.4643,0.0000,1.000,1.000
ram,18368,1024,32,2257059840,0.670495,3.3663,5.5862,7.7200,9.00,19.1,0,0.0000,0.0000,pageable host (AlignedBuffer),single,0,1,5.8707,7.2830,0.0000,1.000,1.000
ram,18368,2048,8,2257059840,0.658401,3.4281,5.4847,46.6644,4.20,11.0,0,0.0000,0.0000,pageable host (AlignedBuffer),single,0,1,5.3760,6.5691,0.0000,1.000,1.000
ram,18368,2048,16,2257059840,0.603597,3.7393,5.0286,7.7951,4.50,14.6,0,0.0000,0.0000,pageable host (AlignedBuffer),single,0,1,5.4436,6.4443,0.0000,1.000,1.000
ram,18368,2048,32,2257059840,0.542889,4.1575,4.5233,7.0151,4.50,14.8,0,0.0000,0.0000,pageable host (AlignedBuffer),single,0,1,5.4774,6.5175,0.0000,1.000,1.000
ram,18368,4096,8,2257059840,0.582641,3.8738,4.8539,6.7345,2.50,9.0,0,0.0000,0.0000,pageable host (AlignedBuffer),single,0,1,4.9468,6.4526,0.0000,1.000,1.000
ram,18368,4096,16,2257059840,0.561894,4.0169,4.6802,7.1606,2.50,9.3,0,0.0000,0.0000,pageable host (AlignedBuffer),single,0,1,4.8895,6.3279,0.0000,1.000,1.000
ram,18368,4096,32,2257059840,0.535802,4.2125,4.4645,26.0786,2.50,9.7,0,0.0000,0.0000,pageable host (AlignedBuffer),single,0,1,4.8176,6.5218,0.0000,1.000,1.000
patha,18368,1024,8,2257059840,0.662128,3.4088,5.5170,9.9200,5.48,5.9,0,0.0000,0.0000,memory type 3, mapped,single,0,1,5.1928,9.0430,0.0000,1.000,1.000
patha,18368,1024,16,2257059840,0.732272,3.0823,6.1016,10.6330,8.67,13.5,0,0.0000,0.0000,memory type 3, mapped,single,0,1,5.7186,9.7083,0.0000,1.000,1.000
patha,18368,1024,32,2257059840,0.787365,2.8666,6.5607,9.8679,9.00,15.7,0,0.0000,0.0000,memory type 3, mapped,single,0,1,5.9915,9.5055,0.0000,1.000,1.000
patha,18368,2048,8,2257059840,0.731657,3.0849,6.0964,25.9306,4.19,10.6,0,0.0000,0.0000,memory type 3, mapped,single,0,1,5.5962,10.9201,0.0000,1.000,1.000
patha,18368,2048,16,2257059840,0.764405,2.9527,6.3691,11.5424,4.50,16.9,0,0.0000,0.0000,memory type 3, mapped,single,0,1,5.8875,10.9678,0.0000,1.000,1.000
patha,18368,2048,32,2257059840,0.837188,2.6960,6.9759,12.2055,4.50,16.7,0,0.0000,0.0000,memory type 3, mapped,single,0,1,5.9412,11.5137,0.0000,1.000,1.000
patha,18368,4096,8,2257059840,0.688302,3.2792,5.7350,13.0311,2.50,10.6,0,0.0000,0.0000,memory type 3, mapped,single,0,1,5.3433,11.1603,0.0000,1.000,1.000
patha,18368,4096,16,2257059840,0.792225,2.8490,6.6010,45.5482,2.50,13.6,0,0.0000,0.0000,memory type 3, mapped,single,0,1,5.6852,11.9421,0.0000,1.000,1.000
patha,18368,4096,32,2257059840,0.812369,2.7784,6.7691,12.6588,2.50,9.4,0,0.0000,0.0000,memory type 3, mapped,single,0,1,5.6810,11.6316,0.0000,1.000,1.000
pathb,18368,1024,8,2257059840,0.624967,3.6115,5.2074,6.7206,5.52,6.0,0,0.0000,0.0000,memory type 5, imported,single,0,1,4.9992,6.5348,0.0000,1.000,1.000
pathb,18368,1024,16,2257059840,0.666309,3.3874,5.5509,7.7839,8.68,13.0,0,0.0000,0.0000,memory type 5, imported,single,0,1,5.6206,6.6263,0.0000,1.000,1.000
pathb,18368,1024,32,2257059840,0.660162,3.4189,5.5001,7.0556,9.00,15.9,0,0.0000,0.0000,memory type 5, imported,single,0,1,5.6526,6.5941,0.0000,1.000,1.000
pathb,18368,2048,8,2257059840,0.698962,3.2292,5.8229,45.7906,4.20,9.8,0,0.0000,0.0000,memory type 5, imported,single,0,1,5.6640,6.5808,0.0000,1.000,1.000
pathb,18368,2048,16,2257059840,0.670016,3.3687,5.5821,7.4253,4.50,13.3,0,0.0000,0.0000,memory type 5, imported,single,0,1,5.7105,6.5764,0.0000,1.000,1.000
pathb,18368,2048,32,2257059840,0.628742,3.5898,5.2387,7.3487,4.50,11.9,0,0.0000,0.0000,memory type 5, imported,single,0,1,5.2521,6.4684,0.0000,1.000,1.000
pathb,18368,4096,8,2257059840,0.602901,3.7437,5.0216,6.4808,2.50,8.1,0,0.0000,0.0000,memory type 5, imported,single,0,1,4.9677,6.2036,0.0000,1.000,1.000
pathb,18368,4096,16,2257059840,0.661809,3.4104,5.5103,46.6410,2.50,8.3,0,0.0000,0.0000,memory type 5, imported,single,0,1,5.1237,6.3834,0.0000,1.000,1.000
pathb,18368,4096,32,2257059840,0.615266,3.6684,5.1248,7.0039,2.50,8.3,0,0.0000,0.0000,memory type 5, imported,single,0,1,5.1572,6.2721,0.0000,1.000,1.000
stage,18368,1024,8,2257059840,0.624306,3.6153,5.1983,6.6439,5.52,5.9,120,0.5838,1.0596,ring 8 x 17.94 MiB path B -> path A (GPU copy),single,0,1,4.9869,6.4471,0.0000,1.000,1.000
stage,18368,1024,16,2257059840,0.671089,3.3633,5.5879,7.4198,8.68,11.2,120,0.4965,0.7109,ring 16 x 17.94 MiB path B -> path A (GPU copy),single,0,1,5.6989,6.3979,0.0000,1.000,1.000
stage,18368,1024,32,2257059840,0.659847,3.4206,5.4925,7.3729,9.00,15.1,120,0.6120,1.6119,ring 32 x 17.94 MiB path B -> path A (GPU copy),single,0,1,5.6814,6.4303,0.0000,1.000,1.000
stage,18368,2048,8,2257059840,0.698012,3.2336,5.8112,47.0606,4.20,10.9,120,0.5878,1.3940,ring 8 x 17.94 MiB path B -> path A (GPU copy),single,0,1,5.5566,6.5334,0.0000,1.000,1.000
stage,18368,2048,16,2257059840,0.674199,3.3478,5.6132,7.6639,4.50,15.5,120,0.5905,1.0301,ring 16 x 17.94 MiB path B -> path A (GPU copy),single,0,1,5.7654,6.5239,0.0000,1.000,1.000
stage,18368,2048,32,2257059840,0.660839,3.4154,5.5008,7.4773,4.50,15.1,120,0.7051,1.3183,ring 32 x 17.94 MiB path B -> path A (GPU copy),single,0,1,5.6588,6.6581,0.0000,1.000,1.000
stage,18368,4096,8,2257059840,0.610172,3.6991,5.0787,6.5636,2.50,8.6,120,0.5473,1.5256,ring 8 x 17.94 MiB path B -> path A (GPU copy),single,0,1,5.0331,6.1643,0.0000,1.000,1.000
stage,18368,4096,16,2257059840,0.685631,3.2919,5.7084,36.5698,2.50,12.6,120,0.5950,1.0539,ring 16 x 17.94 MiB path B -> path A (GPU copy),single,0,1,5.4913,6.5518,0.0000,1.000,1.000
stage,18368,4096,32,2257059840,0.603824,3.7379,5.0257,6.7918,2.50,9.3,120,0.6839,1.2942,ring 32 x 17.94 MiB path B -> path A (GPU copy),single,0,1,4.9469,6.3443,0.0000,1.000,1.000
ram,18368,1024,8,2257059840,0.616403,3.6617,5.1351,7.5125,5.52,6.8,0,0.0000,0.0000,pageable host (AlignedBuffer),single,1,1,4.8823,6.6458,0.0000,1.000,1.000
ram,18368,1024,16,2257059840,0.657526,3.4327,5.4777,8.2445,8.68,15.4,0,0.0000,0.0000,pageable host (AlignedBuffer),single,1,1,5.7108,6.8847,0.0000,1.000,1.000
ram,18368,1024,32,2257059840,0.667726,3.3802,5.5627,10.2612,9.00,19.1,0,0.0000,0.0000,pageable host (AlignedBuffer),single,1,1,5.8737,7.8149,0.0000,1.000,1.000
ram,18368,2048,8,2257059840,0.650002,3.4724,5.4161,46.0960,4.20,11.7,0,0.0000,0.0000,pageable host (AlignedBuffer),single,1,1,5.2349,6.8185,0.0000,1.000,1.000
ram,18368,2048,16,2257059840,0.592701,3.8081,4.9378,7.6101,4.50,15.1,0,0.0000,0.0000,pageable host (AlignedBuffer),single,1,1,5.4589,6.5719,0.0000,1.000,1.000
ram,18368,2048,32,2257059840,0.526276,4.2887,4.3843,7.0338,4.50,13.2,0,0.0000,0.0000,pageable host (AlignedBuffer),single,1,1,5.2596,6.5412,0.0000,1.000,1.000
ram,18368,4096,8,2257059840,0.568778,3.9683,4.7392,7.4571,2.50,8.4,0,0.0000,0.0000,pageable host (AlignedBuffer),single,1,1,4.6611,6.6249,0.0000,1.000,1.000
ram,18368,4096,16,2257059840,0.549075,4.1107,4.5738,7.0940,2.50,7.9,0,0.0000,0.0000,pageable host (AlignedBuffer),single,1,1,4.7029,6.2935,0.0000,1.000,1.000
ram,18368,4096,32,2257059840,0.552295,4.0867,4.6017,34.5792,2.50,10.6,0,0.0000,0.0000,pageable host (AlignedBuffer),single,1,1,4.8998,6.4933,0.0000,1.000,1.000
patha,18368,1024,8,2257059840,0.655865,3.4413,5.4644,10.4139,5.47,6.3,0,0.0000,0.0000,memory type 3, mapped,single,1,1,4.9481,9.4000,0.0000,1.000,1.000
patha,18368,1024,16,2257059840,0.729314,3.0948,6.0768,10.2763,8.68,14.0,0,0.0000,0.0000,memory type 3, mapped,single,1,1,5.6229,10.1084,0.0000,1.000,1.000
patha,18368,1024,32,2257059840,0.791404,2.8520,6.5945,10.3537,9.00,17.2,0,0.0000,0.0000,memory type 3, mapped,single,1,1,5.8491,9.9142,0.0000,1.000,1.000
patha,18368,2048,8,2257059840,0.727441,3.1027,6.0611,25.7550,4.19,12.3,0,0.0000,0.0000,memory type 3, mapped,single,1,1,5.4135,10.7214,0.0000,1.000,1.000
patha,18368,2048,16,2257059840,0.732338,3.0820,6.1012,12.1127,4.50,16.3,0,0.0000,0.0000,memory type 3, mapped,single,1,1,5.5378,10.9337,0.0000,1.000,1.000
patha,18368,2048,32,2257059840,0.819110,2.7555,6.8250,12.1459,4.50,16.8,0,0.0000,0.0000,memory type 3, mapped,single,1,1,5.9014,11.1859,0.0000,1.000,1.000
patha,18368,4096,8,2257059840,0.694758,3.2487,5.7889,13.2653,2.50,13.1,0,0.0000,0.0000,memory type 3, mapped,single,1,1,5.4716,10.8288,0.0000,1.000,1.000
patha,18368,4096,16,2257059840,0.776589,2.9064,6.4705,46.0017,2.50,12.7,0,0.0000,0.0000,memory type 3, mapped,single,1,1,5.5195,12.2451,0.0000,1.000,1.000
patha,18368,4096,32,2257059840,0.803703,2.8083,6.6965,13.9218,2.50,8.8,0,0.0000,0.0000,memory type 3, mapped,single,1,1,5.4764,11.8685,0.0000,1.000,1.000
pathb,18368,1024,8,2257059840,0.620907,3.6351,5.1729,10.3536,5.53,5.8,0,0.0000,0.0000,memory type 5, imported,single,1,1,4.8671,6.8101,0.0000,1.000,1.000
pathb,18368,1024,16,2257059840,0.655846,3.4414,5.4639,7.0830,8.68,11.4,0,0.0000,0.0000,memory type 5, imported,single,1,1,5.4686,6.5549,0.0000,1.000,1.000
pathb,18368,1024,32,2257059840,0.699824,3.2252,5.8293,44.7532,9.00,11.4,0,0.0000,0.0000,memory type 5, imported,single,1,1,5.6580,6.5961,0.0000,1.000,1.000
pathb,18368,2048,8,2257059840,0.635615,3.5510,5.2945,7.4597,4.20,9.8,0,0.0000,0.0000,memory type 5, imported,single,1,1,5.2530,6.6807,0.0000,1.000,1.000
pathb,18368,2048,16,2257059840,0.649090,3.4773,5.4066,7.0116,4.50,12.4,0,0.0000,0.0000,memory type 5, imported,single,1,1,5.4827,6.4668,0.0000,1.000,1.000
pathb,18368,2048,32,2257059840,0.655660,3.4424,5.4621,7.1586,4.50,12.0,0,0.0000,0.0000,memory type 5, imported,single,1,1,5.5638,6.6629,0.0000,1.000,1.000
pathb,18368,4096,8,2257059840,0.603573,3.7395,5.0272,7.1562,2.50,8.0,0,0.0000,0.0000,memory type 5, imported,single,1,1,4.7897,6.6207,0.0000,1.000,1.000
pathb,18368,4096,16,2257059840,0.646498,3.4912,5.3857,46.1520,2.50,8.3,0,0.0000,0.0000,memory type 5, imported,single,1,1,4.9333,6.3586,0.0000,1.000,1.000
pathb,18368,4096,32,2257059840,0.607843,3.7132,5.0639,7.0485,2.50,8.2,0,0.0000,0.0000,memory type 5, imported,single,1,1,4.8929,6.5375,0.0000,1.000,1.000
stage,18368,1024,8,2257059840,0.615698,3.6659,5.1256,7.3708,5.53,6.0,120,0.5570,0.9324,ring 8 x 17.94 MiB path B -> path A (GPU copy),single,1,1,4.9095,6.5832,0.0000,1.000,1.000
stage,18368,1024,16,2257059840,0.659247,3.4237,5.4878,7.1108,8.68,11.9,120,0.6472,1.0506,ring 16 x 17.94 MiB path B -> path A (GPU copy),single,1,1,5.5033,6.6250,0.0000,1.000,1.000
stage,18368,1024,32,2257059840,0.666793,3.3849,5.5498,7.0455,9.00,13.9,120,0.7766,2.5622,ring 32 x 17.94 MiB path B -> path A (GPU copy),single,1,1,5.6491,6.5376,0.0000,1.000,1.000
stage,18368,2048,8,2257059840,0.682846,3.3054,5.6852,45.3846,4.20,10.0,120,0.5841,1.7497,ring 8 x 17.94 MiB path B -> path A (GPU copy),single,1,1,5.4597,6.9482,0.0000,1.000,1.000
stage,18368,2048,16,2257059840,0.659253,3.4237,5.4882,7.1335,4.50,11.7,120,0.6461,0.9734,ring 16 x 17.94 MiB path B -> path A (GPU copy),single,1,1,5.5602,6.4331,0.0000,1.000,1.000
stage,18368,2048,32,2257059840,0.663858,3.3999,5.5257,7.2647,4.50,11.8,120,0.8000,2.0164,ring 32 x 17.94 MiB path B -> path A (GPU copy),single,1,1,5.6107,6.5539,0.0000,1.000,1.000
stage,18368,4096,8,2257059840,0.606101,3.7239,5.0457,7.3548,2.50,6.5,120,0.6256,1.4843,ring 8 x 17.94 MiB path B -> path A (GPU copy),single,1,1,4.9220,6.5524,0.0000,1.000,1.000
stage,18368,4096,16,2257059840,0.681641,3.3112,5.6746,46.2505,2.50,13.0,120,0.6221,1.3687,ring 16 x 17.94 MiB path B -> path A (GPU copy),single,1,1,5.3646,6.5884,0.0000,1.000,1.000
stage,18368,4096,32,2257059840,0.647483,3.4859,5.3891,7.2936,2.50,13.5,120,0.6601,1.3716,ring 32 x 17.94 MiB path B -> path A (GPU copy),single,1,1,5.4110,6.4815,0.0000,1.000,1.000
