source,layer,group,tokens,distinct,entropy_bits,eff_experts,n50,n80,n95,top1,top16
trace_all,0,L0-1 (SWA only),27399,384,7.98767,253.82097,74,182,285,0.02214,0.20792
trace_all,1,L0-1 (SWA only),27399,384,7.76924,218.15968,60,165,281,0.05421,0.25899
trace_all,2,L2-19 (compress 2),27399,382,7.58979,192.64404,48,142,248,0.03549,0.29212
trace_all,3,L2-19 (compress 2),27399,381,7.20207,147.24487,34,117,223,0.07348,0.36614
trace_all,4,L2-19 (compress 2),27399,384,7.41584,170.76149,41,138,241,0.06762,0.33088
trace_all,5,L2-19 (compress 2),27399,381,7.58229,191.64423,48,141,249,0.04369,0.29221
trace_all,6,L2-19 (compress 2),27399,381,7.05592,133.05843,26,101,206,0.04592,0.41208
trace_all,7,L2-19 (compress 2),27399,379,6.88267,118.00198,22,105,198,0.07009,0.4513
trace_all,8,L2-19 (compress 2),27399,381,7.14085,141.12742,31,111,208,0.06279,0.38318
trace_all,9,L2-19 (compress 2),27399,374,7.18543,145.55548,33,108,207,0.04919,0.36467
trace_all,10,L2-19 (compress 2),27399,377,7.61813,196.46453,50,139,239,0.02645,0.26952
trace_all,11,L2-19 (compress 2),27399,375,7.59154,192.87761,50,133,234,0.03242,0.26624
trace_all,12,L2-19 (compress 2),27399,379,7.71623,210.28886,57,152,249,0.04034,0.25013
trace_all,13,L2-19 (compress 2),27399,383,7.88943,237.11317,66,167,271,0.026,0.21276
trace_all,14,L2-19 (compress 2),27399,378,7.54557,186.82843,46,135,236,0.04518,0.27604
trace_all,15,L2-19 (compress 2),27399,383,7.64733,200.482,51,151,265,0.04893,0.2718
trace_all,16,L2-19 (compress 2),27399,376,7.34296,162.34906,40,118,213,0.06562,0.31482
trace_all,17,L2-19 (compress 2),27399,378,7.60729,194.99472,50,141,243,0.04417,0.27593
trace_all,18,L2-19 (compress 2),27399,377,7.44868,174.6932,41,123,230,0.03341,0.29913
trace_all,19,L2-19 (compress 2),27399,384,7.90938,240.41488,67,177,283,0.04622,0.2167
trace_all,20,L20-39 (compress 1),27399,381,7.44917,174.75305,42,128,230,0.04217,0.30533
trace_all,21,L20-39 (compress 1),27399,381,7.46079,176.1658,43,134,237,0.05193,0.31284
trace_all,22,L20-39 (compress 1),27399,382,7.20077,147.11232,32,122,240,0.0805,0.36798
trace_all,23,L20-39 (compress 1),27399,384,7.62941,198.00668,52,153,268,0.05638,0.28562
trace_all,24,L20-39 (compress 1),27399,377,7.14406,141.4414,30,105,210,0.06457,0.37731
trace_all,25,L20-39 (compress 1),27399,366,6.76473,108.73967,20,84,184,0.07983,0.45803
trace_all,26,L20-39 (compress 1),27399,375,6.97068,125.42508,25,98,211,0.0862,0.42635
trace_all,27,L20-39 (compress 1),27399,377,7.26521,153.83158,32,124,236,0.06596,0.3686
trace_all,28,L20-39 (compress 1),27399,375,6.93473,122.33838,23,98,210,0.06857,0.43589
trace_all,29,L20-39 (compress 1),27399,382,7.14432,141.46643,31,114,229,0.09747,0.38267
trace_all,30,L20-39 (compress 1),27399,376,7.21259,148.32171,33,125,233,0.07422,0.36827
trace_all,31,L20-39 (compress 1),27399,382,7.33226,161.1504,37,126,232,0.05128,0.35462
trace_all,32,L20-39 (compress 1),27399,382,7.14817,141.84457,31,126,243,0.07953,0.38844
trace_all,33,L20-39 (compress 1),27399,381,7.42561,171.92198,38,129,236,0.04337,0.33226
trace_all,34,L20-39 (compress 1),27399,384,7.30441,158.06898,34,128,238,0.06619,0.36577
trace_all,35,L20-39 (compress 1),27399,383,7.38281,166.8966,40,132,241,0.06601,0.33489
trace_all,36,L20-39 (compress 1),27399,378,7.59568,193.4315,46,135,240,0.03208,0.26654
trace_all,37,L20-39 (compress 1),27399,382,7.6209,196.84216,50,144,252,0.04697,0.26212
trace_all,38,L20-39 (compress 1),27399,381,7.52905,184.70163,46,136,241,0.04282,0.2979
trace_all,39,L20-39 (compress 1),27399,377,7.69281,206.90285,53,147,244,0.03158,0.24282
chat_decode,0,L0-1 (SWA only),2314,367,7.8963,238.24538,68,165,259,0.02218,0.19793
chat_decode,1,L0-1 (SWA only),2314,371,7.70852,209.16783,57,156,265,0.06129,0.25209
chat_decode,2,L2-19 (compress 2),2314,343,7.38905,167.61964,45,127,221,0.06612,0.30402
chat_decode,3,L2-19 (compress 2),2314,325,7.2298,150.10198,34,106,194,0.03846,0.33384
chat_decode,4,L2-19 (compress 2),2314,354,7.49801,180.77013,50,131,227,0.05445,0.28292
chat_decode,5,L2-19 (compress 2),2314,352,7.26462,153.76943,39,108,200,0.06237,0.32433
chat_decode,6,L2-19 (compress 2),2314,327,6.85048,115.39856,25,83,166,0.08175,0.41386
chat_decode,7,L2-19 (compress 2),2314,327,7.06812,134.18864,28,97,186,0.05697,0.37763
chat_decode,8,L2-19 (compress 2),2314,326,7.10738,137.89048,30,99,188,0.03594,0.37446
chat_decode,9,L2-19 (compress 2),2314,319,6.98387,126.5768,29,87,167,0.04955,0.37014
chat_decode,10,L2-19 (compress 2),2314,323,7.00957,128.8516,28,92,176,0.06353,0.37388
chat_decode,11,L2-19 (compress 2),2314,331,7.14449,141.48361,32,100,186,0.04041,0.34464
chat_decode,12,L2-19 (compress 2),2314,343,7.24514,151.7063,36,110,207,0.04725,0.34644
chat_decode,13,L2-19 (compress 2),2314,356,7.48375,178.99225,46,129,227,0.04638,0.28911
chat_decode,14,L2-19 (compress 2),2314,329,7.22003,149.08853,35,105,196,0.04221,0.3383
chat_decode,15,L2-19 (compress 2),2314,354,7.67898,204.92963,57,151,239,0.04134,0.24647
chat_decode,16,L2-19 (compress 2),2314,314,7.15478,142.49622,33,97,184,0.03572,0.34104
chat_decode,17,L2-19 (compress 2),2314,339,7.36956,165.37033,39,114,209,0.03284,0.30784
chat_decode,18,L2-19 (compress 2),2314,333,7.01874,129.67312,30,105,199,0.09262,0.38008
chat_decode,19,L2-19 (compress 2),2314,371,7.83843,228.87744,66,156,256,0.02823,0.21291
chat_decode,20,L20-39 (compress 1),2314,311,7.18869,145.88475,36,109,190,0.04768,0.35148
chat_decode,21,L20-39 (compress 1),2314,332,7.2921,156.72633,38,115,212,0.04048,0.33088
chat_decode,22,L20-39 (compress 1),2314,332,7.25161,152.38871,38,110,204,0.05748,0.32707
chat_decode,23,L20-39 (compress 1),2314,370,7.75963,216.71104,60,152,251,0.03551,0.23149
chat_decode,24,L20-39 (compress 1),2314,329,7.2022,147.2578,34,105,192,0.03717,0.34997
chat_decode,25,L20-39 (compress 1),2314,309,6.88992,118.59633,25,85,172,0.06353,0.39852
chat_decode,26,L20-39 (compress 1),2314,341,7.12509,139.59338,31,99,199,0.05532,0.36193
chat_decode,27,L20-39 (compress 1),2314,348,7.33998,162.01481,38,117,216,0.03925,0.32239
chat_decode,28,L20-39 (compress 1),2314,328,6.91074,120.32096,25,85,182,0.04963,0.41587
chat_decode,29,L20-39 (compress 1),2314,343,7.14611,141.6424,31,97,196,0.04055,0.35681
chat_decode,30,L20-39 (compress 1),2314,350,7.22218,149.31097,34,107,206,0.04286,0.35098
chat_decode,31,L20-39 (compress 1),2314,346,7.21152,148.21179,34,105,204,0.0497,0.34536
chat_decode,32,L20-39 (compress 1),2314,338,7.39698,168.54424,40,118,213,0.02751,0.30164
chat_decode,33,L20-39 (compress 1),2314,348,7.26367,153.66806,36,112,209,0.05085,0.33427
chat_decode,34,L20-39 (compress 1),2314,344,7.30957,158.635,37,110,210,0.03889,0.32094
chat_decode,35,L20-39 (compress 1),2314,344,7.36922,165.33166,40,115,216,0.04271,0.30726
chat_decode,36,L20-39 (compress 1),2314,358,7.34025,162.04496,39,113,219,0.0533,0.31151
chat_decode,37,L20-39 (compress 1),2314,363,7.39913,168.79547,39,119,232,0.04033,0.32253
chat_decode,38,L20-39 (compress 1),2314,355,7.4073,169.75345,41,126,230,0.05272,0.32203
chat_decode,39,L20-39 (compress 1),2314,366,7.53653,185.66191,48,131,233,0.03846,0.28162
