source,layer,group,jsd_between,jsd_within,jsd_excess,core80_size,union80_size,core80_mass,n_specific
trace,0,L0-1 (SWA only),0.16933,0.07241,0.09691,83,243,0.48788,70
trace,1,L0-1 (SWA only),0.19597,0.08715,0.10883,66,225,0.47688,80
trace,2,L2-19 (compress 2),0.24993,0.10331,0.14662,43,196,0.41212,84
trace,3,L2-19 (compress 2),0.24913,0.11832,0.13081,33,170,0.37608,66
trace,4,L2-19 (compress 2),0.20741,0.11541,0.092,51,195,0.46777,70
trace,5,L2-19 (compress 2),0.22021,0.12401,0.09621,45,194,0.40356,67
trace,6,L2-19 (compress 2),0.24425,0.15995,0.0843,30,142,0.44767,72
trace,7,L2-19 (compress 2),0.25609,0.11513,0.14096,24,149,0.41908,68
trace,8,L2-19 (compress 2),0.28165,0.15235,0.1293,25,155,0.3081,68
trace,9,L2-19 (compress 2),0.26281,0.1722,0.0906,32,152,0.4311,73
trace,10,L2-19 (compress 2),0.27988,0.17002,0.10987,33,196,0.32916,95
trace,11,L2-19 (compress 2),0.27345,0.14892,0.12453,39,180,0.34314,84
trace,12,L2-19 (compress 2),0.27325,0.13722,0.13603,36,206,0.29643,99
trace,13,L2-19 (compress 2),0.24378,0.09965,0.14413,52,230,0.37261,88
trace,14,L2-19 (compress 2),0.31204,0.13716,0.17488,30,184,0.29039,90
trace,15,L2-19 (compress 2),0.27509,0.08214,0.19295,44,205,0.34214,91
trace,16,L2-19 (compress 2),0.30956,0.15694,0.15263,25,162,0.28797,90
trace,17,L2-19 (compress 2),0.24712,0.14257,0.10454,45,191,0.39179,78
trace,18,L2-19 (compress 2),0.2836,0.16233,0.12127,30,172,0.34965,90
trace,19,L2-19 (compress 2),0.21079,0.06909,0.1417,71,235,0.45814,75
trace,20,L20-39 (compress 1),0.32802,0.14984,0.17818,22,174,0.27346,93
trace,21,L20-39 (compress 1),0.3122,0.11778,0.19443,30,185,0.29036,89
trace,22,L20-39 (compress 1),0.28771,0.12531,0.16241,29,166,0.42228,80
trace,23,L20-39 (compress 1),0.29218,0.08656,0.20563,41,207,0.34819,91
trace,24,L20-39 (compress 1),0.3034,0.15204,0.15137,25,145,0.33231,72
trace,25,L20-39 (compress 1),0.32089,0.14965,0.17123,13,118,0.32894,73
trace,26,L20-39 (compress 1),0.26375,0.14714,0.11662,24,143,0.46423,79
trace,27,L20-39 (compress 1),0.28314,0.12735,0.15579,27,178,0.37374,80
trace,28,L20-39 (compress 1),0.30902,0.13881,0.17021,20,136,0.42789,78
trace,29,L20-39 (compress 1),0.27671,0.1305,0.1462,29,156,0.36471,75
trace,30,L20-39 (compress 1),0.28244,0.11854,0.1639,25,177,0.34514,79
trace,31,L20-39 (compress 1),0.25626,0.1218,0.13446,33,175,0.4104,81
trace,32,L20-39 (compress 1),0.23781,0.12293,0.11488,35,179,0.4624,73
trace,33,L20-39 (compress 1),0.29983,0.116,0.18382,36,181,0.33726,92
trace,34,L20-39 (compress 1),0.32265,0.10129,0.22136,29,181,0.34964,97
trace,35,L20-39 (compress 1),0.32736,0.09362,0.23374,27,182,0.33466,89
trace,36,L20-39 (compress 1),0.29949,0.11137,0.18812,36,188,0.32752,99
trace,37,L20-39 (compress 1),0.29669,0.11149,0.18521,40,197,0.33259,99
trace,38,L20-39 (compress 1),0.3106,0.1021,0.2085,43,184,0.37309,90
trace,39,L20-39 (compress 1),0.32292,0.08879,0.23413,34,200,0.30831,100
chat,0,L0-1 (SWA only),0.4588,0.18378,0.27501,3,266,0.03186,112
chat,1,L0-1 (SWA only),0.49106,0.23797,0.25309,2,257,0.03793,116
chat,2,L2-19 (compress 2),0.48345,0.20181,0.28164,1,221,0.06169,112
chat,3,L2-19 (compress 2),0.53595,0.17446,0.36149,1,176,0.03167,107
chat,4,L2-19 (compress 2),0.49922,0.22733,0.27189,1,213,0.05134,125
chat,5,L2-19 (compress 2),0.53613,0.25144,0.28469,2,188,0.0742,116
chat,6,L2-19 (compress 2),0.558,0.22002,0.33798,2,143,0.10709,109
chat,7,L2-19 (compress 2),0.64473,0.20676,0.43797,1,169,0.02203,106
chat,8,L2-19 (compress 2),0.59558,0.19542,0.40016,3,175,0.07063,124
chat,9,L2-19 (compress 2),0.62734,0.19118,0.43615,2,150,0.06571,113
chat,10,L2-19 (compress 2),0.61789,0.24011,0.37778,4,157,0.11724,121
chat,11,L2-19 (compress 2),0.63553,0.22831,0.40722,2,172,0.05568,129
chat,12,L2-19 (compress 2),0.56409,0.24555,0.31855,2,195,0.03697,102
chat,13,L2-19 (compress 2),0.5097,0.2013,0.3084,4,225,0.11577,124
chat,14,L2-19 (compress 2),0.58404,0.24244,0.34161,2,181,0.07261,113
chat,15,L2-19 (compress 2),0.51329,0.18377,0.32953,2,255,0.06111,128
chat,16,L2-19 (compress 2),0.63547,0.22106,0.41442,1,164,0.03333,121
chat,17,L2-19 (compress 2),0.58306,0.21304,0.37003,3,199,0.05983,118
chat,18,L2-19 (compress 2),0.62778,0.22301,0.40477,0,178,0.0,120
chat,19,L2-19 (compress 2),0.52611,0.18219,0.34392,1,266,0.01162,138
chat,20,L20-39 (compress 1),0.65705,0.201,0.45605,0,186,0.0,135
chat,21,L20-39 (compress 1),0.61947,0.21533,0.40414,1,186,0.02848,130
chat,22,L20-39 (compress 1),0.61668,0.20243,0.41425,2,194,0.04393,140
chat,23,L20-39 (compress 1),0.57787,0.18562,0.39226,1,248,0.01456,150
chat,24,L20-39 (compress 1),0.70205,0.2321,0.46995,0,177,0.0,147
chat,25,L20-39 (compress 1),0.69057,0.21532,0.47525,1,140,0.01552,123
chat,26,L20-39 (compress 1),0.68163,0.23249,0.44914,0,179,0.0,127
chat,27,L20-39 (compress 1),0.63727,0.20025,0.43701,0,194,0.0,140
chat,28,L20-39 (compress 1),0.71467,0.20408,0.51059,0,158,0.0,121
chat,29,L20-39 (compress 1),0.6997,0.19166,0.50804,0,174,0.0,134
chat,30,L20-39 (compress 1),0.68583,0.19545,0.49037,0,177,0.0,146
chat,31,L20-39 (compress 1),0.67005,0.1874,0.48265,0,186,0.0,135
chat,32,L20-39 (compress 1),0.69532,0.19147,0.50385,0,192,0.0,148
chat,33,L20-39 (compress 1),0.6806,0.19228,0.48832,0,197,0.0,136
chat,34,L20-39 (compress 1),0.68164,0.18796,0.49369,0,192,0.0,143
chat,35,L20-39 (compress 1),0.6569,0.17454,0.48237,0,189,0.0,142
chat,36,L20-39 (compress 1),0.63945,0.18328,0.45617,0,205,0.0,132
chat,37,L20-39 (compress 1),0.65397,0.1783,0.47567,0,211,0.0,128
chat,38,L20-39 (compress 1),0.64896,0.17154,0.47742,0,219,0.0,138
chat,39,L20-39 (compress 1),0.63453,0.1818,0.45273,0,216,0.0,144
