layer,group,t1_zh_essay,t2_zh_follow-up,t3_en_explain,t4_en_follow-up,t5_code,t6_zh_travel,t7_en_email,t8_zh_math
0,L0-1 (SWA only),0.93908,0.93035,0.92308,0.93311,0.88296,0.93504,0.88368,0.93744
1,L0-1 (SWA only),0.92507,0.9403,0.91575,0.93701,0.86704,0.93615,0.87326,0.91595
2,L2-19 (compress 2),0.92717,0.95025,0.92949,0.93645,0.90215,0.94878,0.88715,0.95511
3,L2-19 (compress 2),0.93417,0.97512,0.94368,0.95151,0.92369,0.96028,0.92361,0.9489
4,L2-19 (compress 2),0.91947,0.95025,0.9272,0.94816,0.90543,0.94766,0.90365,0.93601
5,L2-19 (compress 2),0.93557,0.95771,0.93636,0.95039,0.91058,0.951,0.90972,0.9446
6,L2-19 (compress 2),0.94048,0.96269,0.95742,0.96934,0.92182,0.95657,0.91667,0.95033
7,L2-19 (compress 2),0.95448,0.95025,0.93773,0.96154,0.92837,0.96437,0.92622,0.9532
8,L2-19 (compress 2),0.94818,0.96766,0.9533,0.96321,0.93399,0.96696,0.9349,0.9532
9,L2-19 (compress 2),0.94398,0.96517,0.94963,0.96934,0.93633,0.96808,0.91927,0.96609
10,L2-19 (compress 2),0.94118,0.96517,0.94826,0.96265,0.91807,0.96288,0.93403,0.95559
11,L2-19 (compress 2),0.93347,0.97015,0.94597,0.96042,0.93024,0.97179,0.93663,0.96275
12,L2-19 (compress 2),0.93417,0.94776,0.93727,0.95262,0.90964,0.95917,0.91146,0.94747
13,L2-19 (compress 2),0.93908,0.96269,0.93361,0.95262,0.88202,0.96214,0.8941,0.94795
14,L2-19 (compress 2),0.93697,0.96517,0.9359,0.95652,0.92041,0.96251,0.92795,0.95893
15,L2-19 (compress 2),0.94258,0.95025,0.93452,0.95429,0.88436,0.95509,0.91667,0.94174
16,L2-19 (compress 2),0.94398,0.95771,0.94689,0.95987,0.92509,0.96993,0.94097,0.96657
17,L2-19 (compress 2),0.94118,0.9403,0.93681,0.95429,0.90777,0.96251,0.92361,0.95511
18,L2-19 (compress 2),0.94398,0.97015,0.94322,0.96656,0.9059,0.96659,0.92188,0.9575
19,L2-19 (compress 2),0.94538,0.9403,0.93407,0.95819,0.89232,0.9588,0.91493,0.93744
20,L20-39 (compress 1),0.95168,0.97264,0.95055,0.96265,0.9279,0.97327,0.93924,0.96275
21,L20-39 (compress 1),0.93978,0.96766,0.9478,0.9621,0.91339,0.95991,0.92882,0.95415
22,L20-39 (compress 1),0.94538,0.96269,0.94689,0.96878,0.90215,0.96659,0.92448,0.95893
23,L20-39 (compress 1),0.94188,0.94279,0.94322,0.95931,0.88249,0.96177,0.91667,0.93935
24,L20-39 (compress 1),0.94468,0.93532,0.96154,0.95931,0.93024,0.97661,0.94358,0.96609
25,L20-39 (compress 1),0.94888,0.94279,0.96108,0.96265,0.9471,0.97624,0.94358,0.95798
26,L20-39 (compress 1),0.94118,0.93781,0.9478,0.96321,0.92697,0.96214,0.92622,0.95463
27,L20-39 (compress 1),0.93908,0.95274,0.94048,0.95708,0.90637,0.95805,0.91753,0.94795
28,L20-39 (compress 1),0.94398,0.95771,0.95696,0.96433,0.9279,0.96993,0.93229,0.96609
29,L20-39 (compress 1),0.94958,0.97512,0.96108,0.96711,0.91058,0.96437,0.92448,0.96418
30,L20-39 (compress 1),0.95658,0.9602,0.94414,0.95819,0.92135,0.95657,0.92969,0.95606
31,L20-39 (compress 1),0.95868,0.96269,0.9533,0.95819,0.91573,0.9729,0.92882,0.95033
32,L20-39 (compress 1),0.94608,0.9602,0.94872,0.96377,0.91479,0.96882,0.92188,0.95463
33,L20-39 (compress 1),0.95938,0.95771,0.94826,0.96265,0.90356,0.96474,0.92882,0.96084
34,L20-39 (compress 1),0.96359,0.94776,0.94734,0.96377,0.90169,0.96845,0.92188,0.94938
35,L20-39 (compress 1),0.96779,0.95025,0.94551,0.96265,0.91433,0.96288,0.91927,0.95415
36,L20-39 (compress 1),0.96148,0.97264,0.93956,0.95485,0.90543,0.96028,0.90972,0.93792
37,L20-39 (compress 1),0.96218,0.93035,0.93956,0.95373,0.88155,0.95917,0.91059,0.94269
38,L20-39 (compress 1),0.96639,0.9204,0.93864,0.95987,0.90543,0.96399,0.91753,0.95415
39,L20-39 (compress 1),0.95798,0.92786,0.93315,0.95596,0.88951,0.96251,0.92448,0.94604
