layer,group,decode_hit,prefill_hit,decode_miss_per_tok,decode_miss_share,sim_decode_hit,sim_prefill_hit,step_agree,sim3000_decode_hit,sim3500_decode_hit,sim4000_decode_hit,sim4500_decode_hit,sim5000_decode_hit,sim5499_decode_hit,sim6000_decode_hit,sim6500_decode_hit,sim7000_decode_hit
0,L0-1 (SWA only),0.92128,0.79786,0.47234,0.0349,0.92128,0.79786,1.0,0.79466,0.83974,0.87028,0.89614,0.91011,0.92337,0.93359,0.94303,0.95081
1,L0-1 (SWA only),0.91314,0.80293,0.52118,0.0385,0.91314,0.80293,1.0,0.79941,0.83794,0.86394,0.88512,0.90341,0.91566,0.92639,0.93482,0.94231
2,L2-19 (compress 2),0.93064,0.82658,0.41616,0.03075,0.93064,0.82658,1.0,0.82966,0.86207,0.88598,0.90543,0.92077,0.93258,0.93921,0.94649,0.9529
3,L2-19 (compress 2),0.94389,0.82601,0.33665,0.02487,0.94389,0.82601,1.0,0.86186,0.88908,0.90932,0.92423,0.93647,0.94526,0.9503,0.95477,0.95945
4,L2-19 (compress 2),0.92978,0.80574,0.42135,0.03113,0.92978,0.80574,1.0,0.8347,0.86675,0.88966,0.90846,0.92041,0.93194,0.93871,0.94548,0.95138
5,L2-19 (compress 2),0.93662,0.81363,0.38029,0.0281,0.93662,0.81363,1.0,0.85933,0.88512,0.90478,0.91991,0.92978,0.93791,0.94468,0.94965,0.95441
6,L2-19 (compress 2),0.94728,0.85023,0.31634,0.02337,0.94728,0.85023,1.0,0.89744,0.91515,0.92639,0.93554,0.9431,0.94814,0.95246,0.95606,0.96039
7,L2-19 (compress 2),0.948,0.8277,0.31201,0.02305,0.948,0.8277,1.0,0.88836,0.9068,0.92142,0.93258,0.94238,0.94908,0.9539,0.95779,0.96147
8,L2-19 (compress 2),0.95261,0.82883,0.28436,0.02101,0.95261,0.82883,1.0,0.88382,0.90615,0.92264,0.93575,0.94692,0.95398,0.95902,0.96341,0.96636
9,L2-19 (compress 2),0.95354,0.83615,0.27874,0.02059,0.95354,0.83615,1.0,0.89175,0.91177,0.92603,0.93763,0.94699,0.95498,0.95959,0.9632,0.9655
10,L2-19 (compress 2),0.948,0.82264,0.31201,0.02305,0.948,0.82264,1.0,0.89304,0.91191,0.92553,0.93611,0.94339,0.94937,0.95491,0.95952,0.96175
11,L2-19 (compress 2),0.9516,0.78998,0.29041,0.02146,0.9516,0.78998,1.0,0.88519,0.90485,0.92084,0.93597,0.94396,0.95333,0.95873,0.96283,0.96528
12,L2-19 (compress 2),0.93863,0.817,0.36819,0.0272,0.93863,0.817,1.0,0.86214,0.8867,0.90406,0.91991,0.93201,0.94022,0.9467,0.95225,0.95642
13,L2-19 (compress 2),0.93395,0.79955,0.39628,0.02928,0.93395,0.79955,1.0,0.84226,0.87482,0.89636,0.91299,0.92589,0.93604,0.94188,0.94836,0.95448
14,L2-19 (compress 2),0.94512,0.8018,0.3293,0.02433,0.94512,0.8018,1.0,0.87511,0.89988,0.91782,0.93071,0.93885,0.94649,0.95182,0.95542,0.95931
15,L2-19 (compress 2),0.93424,0.75732,0.39455,0.02915,0.93424,0.75732,1.0,0.8293,0.86726,0.8911,0.91235,0.92625,0.93575,0.94396,0.95102,0.95628
16,L2-19 (compress 2),0.95218,0.81869,0.28695,0.0212,0.95218,0.81869,1.0,0.89333,0.91328,0.92855,0.9395,0.94685,0.95354,0.95801,0.96175,0.96521
17,L2-19 (compress 2),0.9418,0.80687,0.34918,0.0258,0.9418,0.80687,1.0,0.86956,0.89347,0.91199,0.92589,0.93583,0.94332,0.94944,0.95506,0.95779
18,L2-19 (compress 2),0.94627,0.82995,0.32239,0.02382,0.94627,0.82995,1.0,0.88281,0.90233,0.91818,0.93114,0.94058,0.94728,0.95268,0.957,0.96175
19,L2-19 (compress 2),0.93583,0.76914,0.38505,0.02845,0.93583,0.76914,1.0,0.82419,0.86322,0.88951,0.91047,0.92603,0.93763,0.94504,0.95088,0.95621
20,L20-39 (compress 1),0.9547,0.77703,0.27182,0.02008,0.9547,0.77703,1.0,0.88865,0.91011,0.9261,0.94036,0.94922,0.95534,0.96024,0.9642,0.96766
21,L20-39 (compress 1),0.94584,0.81532,0.32498,0.02401,0.94584,0.81532,1.0,0.8772,0.89945,0.9171,0.93179,0.94044,0.94721,0.9529,0.95751,0.96147
22,L20-39 (compress 1),0.94692,0.80518,0.3185,0.02353,0.94692,0.80518,1.0,0.87907,0.90226,0.92056,0.93309,0.94159,0.94793,0.9534,0.95801,0.96089
23,L20-39 (compress 1),0.93662,0.74043,0.38029,0.0281,0.93662,0.74043,1.0,0.84241,0.87367,0.89628,0.9158,0.92797,0.93878,0.94519,0.95109,0.95556
24,L20-39 (compress 1),0.95606,0.78604,0.26361,0.01948,0.95606,0.78604,1.0,0.89931,0.91883,0.93287,0.94411,0.9516,0.95707,0.96111,0.965,0.96737
25,L20-39 (compress 1),0.95837,0.80574,0.24978,0.01845,0.95837,0.80574,1.0,0.90651,0.92387,0.93619,0.9462,0.95419,0.95902,0.96226,0.96564,0.96795
26,L20-39 (compress 1),0.94764,0.79561,0.31417,0.02321,0.94764,0.79561,1.0,0.88865,0.90529,0.91984,0.93215,0.94123,0.9485,0.95412,0.95823,0.96161
27,L20-39 (compress 1),0.94022,0.78547,0.35869,0.0265,0.94022,0.78547,1.0,0.8692,0.89059,0.9091,0.92401,0.93359,0.94166,0.94778,0.95297,0.95823
28,L20-39 (compress 1),0.95398,0.79167,0.27615,0.0204,0.95398,0.79167,1.0,0.90169,0.91847,0.93273,0.94209,0.94965,0.95513,0.95981,0.9632,0.96644
29,L20-39 (compress 1),0.95138,0.79392,0.2917,0.02155,0.95138,0.79392,1.0,0.89124,0.90954,0.92387,0.9359,0.94519,0.9521,0.95678,0.95981,0.96283
30,L20-39 (compress 1),0.94721,0.77928,0.31677,0.0234,0.94721,0.77928,1.0,0.88037,0.90097,0.91602,0.92913,0.9395,0.94814,0.95318,0.95844,0.96147
31,L20-39 (compress 1),0.9503,0.78097,0.29818,0.02203,0.9503,0.78097,1.0,0.88267,0.90356,0.92135,0.93511,0.94533,0.95109,0.95542,0.9601,0.96392
32,L20-39 (compress 1),0.94807,0.78378,0.31158,0.02302,0.94807,0.78378,1.0,0.88296,0.90334,0.92056,0.93395,0.94252,0.94929,0.9547,0.95931,0.96269
33,L20-39 (compress 1),0.94814,0.77928,0.31115,0.02299,0.94814,0.77928,1.0,0.87813,0.90075,0.91789,0.93194,0.94144,0.94987,0.9547,0.95931,0.96255
34,L20-39 (compress 1),0.94641,0.78097,0.32152,0.02375,0.94641,0.78097,1.0,0.87734,0.89837,0.91602,0.92999,0.93921,0.94764,0.95254,0.95743,0.9606
35,L20-39 (compress 1),0.94785,0.78829,0.31288,0.02312,0.94785,0.78829,1.0,0.87813,0.90032,0.91868,0.9315,0.94166,0.94929,0.9547,0.95866,0.96255
36,L20-39 (compress 1),0.9408,0.76971,0.35523,0.02624,0.9408,0.76971,1.0,0.86502,0.89146,0.91004,0.92517,0.93518,0.94144,0.94591,0.95052,0.95498
37,L20-39 (compress 1),0.9364,0.79223,0.38159,0.02819,0.9364,0.79223,1.0,0.854,0.88195,0.90241,0.91717,0.9292,0.93791,0.94418,0.94922,0.95347
38,L20-39 (compress 1),0.94411,0.78266,0.33535,0.02478,0.94411,0.78266,1.0,0.8566,0.88987,0.90932,0.9261,0.93676,0.94555,0.95124,0.95542,0.95974
39,L20-39 (compress 1),0.93871,0.77027,0.36776,0.02717,0.93871,0.77027,1.0,0.8571,0.88642,0.90363,0.91962,0.9323,0.94022,0.94562,0.95088,0.95578
