layer,group,t1_zh-chat,t2_zh-write,t3_en-write,t4_code-py,t5_code-cpp,t6_code-sql,t7_math,t8_translate,t9_extract-json,t10_science,t11_zh-history,t12_story,t13_zh-chat,t14_zh-write,t15_en-write,t16_code-py,t17_code-cpp,t18_code-sql,t19_math,t20_translate,t21_extract-json,t22_science,t23_zh-history,t24_story
0,L0-1 (SWA only),0.93303,0.94742,0.90487,0.84932,0.87519,0.85997,0.91705,0.7402,0.81313,0.89878,0.90335,0.91262,0.9239,0.9193,0.89519,0.87367,0.8965,0.88356,0.90411,0.73333,0.89024,0.90487,0.92466,0.92553
1,L0-1 (SWA only),0.9414,0.92659,0.90411,0.83486,0.88052,0.84932,0.9102,0.64216,0.85859,0.88432,0.91553,0.88997,0.92618,0.92105,0.89175,0.85769,0.87519,0.88661,0.90715,0.81111,0.89431,0.92009,0.914,0.93262
2,L2-19 (compress 2),0.93379,0.96925,0.89726,0.87595,0.91476,0.8828,0.94521,0.78431,0.83838,0.90335,0.94521,0.91586,0.92314,0.95351,0.92096,0.88128,0.9239,0.89802,0.93531,0.76667,0.88618,0.91553,0.94064,0.9409
3,L2-19 (compress 2),0.94292,0.94444,0.92237,0.91096,0.91172,0.9003,0.9551,0.83333,0.87374,0.91172,0.92009,0.93042,0.94292,0.92544,0.92869,0.92237,0.9277,0.93455,0.93227,0.88889,0.92683,0.92618,0.9414,0.93499
4,L2-19 (compress 2),0.92694,0.94742,0.914,0.87823,0.89041,0.87443,0.93836,0.91176,0.88384,0.90335,0.93303,0.92071,0.91857,0.93333,0.92182,0.87823,0.90563,0.89954,0.90639,0.86667,0.91057,0.92009,0.9414,0.90898
5,L2-19 (compress 2),0.9277,0.93452,0.91705,0.88204,0.91629,0.87976,0.93227,0.84804,0.93939,0.91172,0.90487,0.92718,0.9239,0.92982,0.93729,0.89422,0.914,0.90868,0.92009,0.87778,0.94715,0.92009,0.92085,0.94563
6,L2-19 (compress 2),0.93531,0.96726,0.94597,0.92694,0.92161,0.90944,0.94977,0.92157,0.92424,0.9414,0.93683,0.93528,0.93075,0.94825,0.95017,0.92998,0.93303,0.92846,0.93836,0.91111,0.94715,0.93455,0.93988,0.96099
7,L2-19 (compress 2),0.95282,0.97321,0.94977,0.9277,0.91857,0.90411,0.95967,0.95588,0.94444,0.93379,0.93303,0.95227,0.93455,0.95351,0.93729,0.92694,0.93075,0.93988,0.96423,0.84444,0.97154,0.94064,0.95129,0.9539
8,L2-19 (compress 2),0.94216,0.96131,0.94444,0.9277,0.93455,0.91933,0.94901,0.93137,0.91919,0.93303,0.94292,0.94903,0.9414,0.94123,0.94158,0.92694,0.9376,0.93912,0.95129,0.94444,0.95935,0.94749,0.94597,0.94563
9,L2-19 (compress 2),0.94901,0.96329,0.94901,0.91781,0.93227,0.92314,0.96804,0.94118,0.92424,0.94444,0.94292,0.95874,0.93988,0.9386,0.95962,0.93455,0.92694,0.92694,0.9551,0.91111,0.97561,0.92846,0.9414,0.96217
10,L2-19 (compress 2),0.95282,0.95536,0.94368,0.91476,0.92542,0.9102,0.95282,0.94118,0.90404,0.93227,0.93988,0.94094,0.9414,0.9386,0.94931,0.92237,0.93379,0.9239,0.94444,0.94444,0.89837,0.93075,0.9376,0.95745
11,L2-19 (compress 2),0.94749,0.96627,0.93988,0.93227,0.92237,0.92314,0.94597,0.88235,0.91919,0.93303,0.93075,0.94822,0.94521,0.94561,0.94244,0.93075,0.94292,0.93531,0.94597,0.9,0.92683,0.93607,0.93455,0.9539
12,L2-19 (compress 2),0.94216,0.9623,0.93836,0.90487,0.91324,0.90259,0.92846,0.91176,0.91919,0.92009,0.9376,0.9377,0.93379,0.94561,0.95017,0.90868,0.93151,0.91476,0.94216,0.9,0.89837,0.91705,0.94064,0.95863
13,L2-19 (compress 2),0.94749,0.96528,0.91781,0.87367,0.90791,0.86682,0.93455,0.82843,0.90404,0.90335,0.93455,0.94094,0.9376,0.95789,0.91924,0.89117,0.91096,0.90107,0.93227,0.82222,0.90244,0.91933,0.93912,0.95863
14,L2-19 (compress 2),0.94749,0.97222,0.93151,0.90335,0.93836,0.9102,0.96195,0.91667,0.91414,0.90107,0.93912,0.9555,0.92922,0.95965,0.95017,0.91324,0.93455,0.90639,0.9551,0.9,0.93902,0.91857,0.93683,0.96336
15,L2-19 (compress 2),0.94292,0.96528,0.92237,0.85084,0.88508,0.87823,0.92846,0.72059,0.82323,0.91629,0.90944,0.90939,0.93683,0.94386,0.92698,0.87291,0.91553,0.89346,0.92542,0.68889,0.88211,0.92542,0.93075,0.92908
16,L2-19 (compress 2),0.95205,0.97123,0.94597,0.92694,0.94597,0.91857,0.96575,0.93627,0.91919,0.9277,0.94292,0.95469,0.93836,0.95789,0.9579,0.91857,0.92998,0.914,0.96119,0.86667,0.91057,0.92466,0.94064,0.95981
17,L2-19 (compress 2),0.94292,0.95933,0.92922,0.89574,0.91781,0.90715,0.94673,0.85784,0.87374,0.9239,0.92009,0.94984,0.93227,0.95965,0.94502,0.9003,0.91096,0.89878,0.94216,0.87778,0.89431,0.92542,0.93455,0.95035
18,L2-19 (compress 2),0.94673,0.96825,0.92922,0.91705,0.91629,0.89041,0.95434,0.88235,0.88384,0.9277,0.94825,0.94903,0.92998,0.94386,0.93986,0.90411,0.9376,0.90411,0.95053,0.77778,0.89024,0.93379,0.9551,0.95035
19,L2-19 (compress 2),0.9376,0.96925,0.92846,0.88128,0.89193,0.87367,0.93531,0.78431,0.85859,0.89269,0.93303,0.91181,0.93379,0.95877,0.91753,0.8828,0.91172,0.88661,0.90411,0.81111,0.86992,0.914,0.93227,0.95035
20,L20-39 (compress 1),0.94292,0.96925,0.94368,0.92618,0.94064,0.9239,0.96043,0.82353,0.92424,0.92466,0.94597,0.9466,0.95205,0.96053,0.93986,0.90487,0.95358,0.92085,0.94825,0.8,0.92683,0.93683,0.95738,0.95863
21,L20-39 (compress 1),0.94749,0.9752,0.93607,0.90715,0.92466,0.91096,0.94901,0.86765,0.91919,0.92466,0.93303,0.9466,0.92998,0.95175,0.94244,0.91476,0.9239,0.91324,0.94597,0.85556,0.88618,0.93912,0.94825,0.9669
22,L20-39 (compress 1),0.94368,0.9752,0.92998,0.89041,0.93607,0.90107,0.95282,0.85294,0.91919,0.92085,0.9414,0.94579,0.94673,0.95877,0.93041,0.9102,0.93075,0.90639,0.93379,0.75556,0.89837,0.92618,0.95282,0.9539
23,L20-39 (compress 1),0.94444,0.95833,0.90563,0.879,0.90944,0.87595,0.92846,0.66667,0.84848,0.9003,0.93151,0.91424,0.9376,0.94474,0.90979,0.88889,0.91248,0.90259,0.914,0.71111,0.82927,0.9239,0.9589,0.95272
24,L20-39 (compress 1),0.94901,0.96825,0.94444,0.92542,0.92998,0.9239,0.95814,0.86275,0.89899,0.94064,0.93683,0.93447,0.9551,0.94649,0.95017,0.91248,0.94521,0.93531,0.94444,0.85556,0.91463,0.92846,0.95434,0.93735
25,L20-39 (compress 1),0.9551,0.96329,0.93988,0.92846,0.95358,0.93683,0.95129,0.87745,0.86869,0.9551,0.94825,0.95388,0.94749,0.96228,0.94759,0.92237,0.94064,0.94368,0.95738,0.83333,0.92276,0.94368,0.96347,0.95154
26,L20-39 (compress 1),0.94749,0.97421,0.93379,0.92922,0.92161,0.93151,0.93912,0.95098,0.90404,0.93227,0.94901,0.94094,0.92542,0.95526,0.94502,0.92161,0.93075,0.93836,0.95129,0.86667,0.88618,0.94521,0.93988,0.95508
27,L20-39 (compress 1),0.94825,0.97321,0.92314,0.90944,0.9239,0.92009,0.93227,0.81373,0.88384,0.92466,0.9239,0.92395,0.93988,0.93684,0.94416,0.90791,0.91705,0.92922,0.90791,0.81111,0.87398,0.93607,0.94368,0.93853
28,L20-39 (compress 1),0.95434,0.97321,0.93075,0.91933,0.93607,0.93379,0.95967,0.88235,0.95455,0.93227,0.94292,0.95227,0.93988,0.96579,0.93814,0.92542,0.93836,0.94368,0.9414,0.9,0.95935,0.95586,0.95282,0.95745
29,L20-39 (compress 1),0.95053,0.9752,0.93227,0.89269,0.92694,0.92998,0.95358,0.80392,0.89899,0.92542,0.94292,0.92718,0.94521,0.96053,0.92869,0.90868,0.92618,0.9414,0.94368,0.85556,0.93496,0.9376,0.96651,0.96336
30,L20-39 (compress 1),0.94977,0.97024,0.92998,0.89726,0.92314,0.91096,0.93531,0.82843,0.86869,0.92085,0.94064,0.92718,0.92466,0.95439,0.92784,0.90944,0.92237,0.92618,0.93303,0.83333,0.86179,0.94444,0.95129,0.95863
31,L20-39 (compress 1),0.95967,0.97718,0.92466,0.90944,0.91781,0.91553,0.9376,0.78431,0.83838,0.92161,0.94673,0.92476,0.94673,0.95614,0.92784,0.9102,0.91324,0.92314,0.9277,0.85556,0.90244,0.95282,0.9589,0.95272
32,L20-39 (compress 1),0.95053,0.97222,0.92161,0.90335,0.92085,0.91553,0.93607,0.81373,0.87879,0.91933,0.93683,0.93285,0.93912,0.95789,0.92955,0.9102,0.90868,0.91933,0.93607,0.84444,0.86992,0.94825,0.95738,0.95272
33,L20-39 (compress 1),0.95586,0.9752,0.92466,0.88052,0.90563,0.89954,0.94216,0.78431,0.85354,0.92161,0.93683,0.93366,0.95967,0.95877,0.92869,0.91248,0.91553,0.93455,0.92237,0.83333,0.86585,0.9551,0.96119,0.9669
34,L20-39 (compress 1),0.96956,0.98512,0.92009,0.88432,0.91172,0.90868,0.9414,0.73039,0.87374,0.93151,0.94521,0.93204,0.95358,0.97105,0.92784,0.88661,0.91476,0.92846,0.91705,0.77778,0.87805,0.94444,0.96271,0.974
35,L20-39 (compress 1),0.96195,0.98214,0.91476,0.879,0.92009,0.89193,0.93303,0.7549,0.80808,0.92618,0.93836,0.9288,0.94521,0.97105,0.93299,0.88584,0.91476,0.92466,0.92085,0.81111,0.88211,0.95282,0.9589,0.97281
36,L20-39 (compress 1),0.96195,0.97321,0.93455,0.89878,0.90791,0.8965,0.93455,0.77941,0.83333,0.90791,0.92161,0.93528,0.94444,0.96316,0.92096,0.90107,0.91172,0.91172,0.914,0.83333,0.86992,0.96575,0.95129,0.96454
37,L20-39 (compress 1),0.95738,0.98611,0.91705,0.86225,0.89193,0.87823,0.92846,0.7451,0.83838,0.90487,0.93075,0.9288,0.94901,0.97632,0.91581,0.87671,0.90183,0.92161,0.9102,0.76667,0.87398,0.95967,0.94749,0.97872
38,L20-39 (compress 1),0.96195,0.97817,0.91553,0.87367,0.89802,0.87671,0.94064,0.71078,0.80808,0.92314,0.91857,0.93447,0.94444,0.97544,0.92612,0.88813,0.9003,0.91172,0.91248,0.83333,0.85366,0.9551,0.95586,0.97518
39,L20-39 (compress 1),0.97184,0.96726,0.92922,0.87671,0.89041,0.879,0.94216,0.69118,0.80808,0.92237,0.93836,0.93366,0.95205,0.96404,0.91237,0.87519,0.89726,0.89954,0.90791,0.75556,0.86585,0.94749,0.94521,0.97045
