task,profile,pinned,cap,hit,lru_hit,hit_after1000,lru_hit_after1000
code,task,1000,3000,0.8171,0.82433,0.81437,0.82292
code,task,1000,3500,0.84777,0.85177,0.8466,0.85113
code,task,1000,4000,0.8708,0.87227,0.87034,0.87241
code,task,1000,4500,0.88882,0.88985,0.88918,0.89135
code,task,1000,5000,0.90419,0.90436,0.9057,0.90685
code,task,1000,5499,0.91677,0.91678,0.91912,0.92012
code,task,1000,6000,0.92802,0.9282,0.93128,0.93261
code,task,1000,6500,0.93765,0.93699,0.94179,0.94203
code,task,1000,7000,0.94583,0.945,0.95047,0.95049
code,task,2000,3000,0.79967,0.82433,0.79663,0.82292
code,task,2000,3500,0.83845,0.85177,0.83599,0.85113
code,task,2000,4000,0.86656,0.87227,0.86523,0.87241
code,task,2000,4500,0.88747,0.88985,0.88694,0.89135
code,task,2000,5000,0.90363,0.90436,0.90391,0.90685
code,task,2000,5499,0.91708,0.91678,0.91835,0.92012
code,task,2000,6000,0.92848,0.9282,0.93053,0.93261
code,task,2000,6500,0.93878,0.93699,0.9418,0.94203
code,task,2000,7000,0.94681,0.945,0.95047,0.95049
code,task,3000,3500,0.8104,0.85177,0.8097,0.85113
code,task,3000,4000,0.85503,0.87227,0.85264,0.87241
code,task,3000,4500,0.88137,0.88985,0.88018,0.89135
code,task,3000,5000,0.90138,0.90436,0.9006,0.90685
code,task,3000,5499,0.91627,0.91678,0.91634,0.92012
code,task,3000,6000,0.92853,0.9282,0.92948,0.93261
code,task,3000,6500,0.93866,0.93699,0.94035,0.94203
code,task,3000,7000,0.94778,0.945,0.95043,0.95049
code,global,1000,3000,0.80316,0.82433,0.79906,0.82292
code,global,1000,3500,0.83714,0.85177,0.83499,0.85113
code,global,1000,4000,0.86407,0.87227,0.86305,0.87241
code,global,1000,4500,0.88354,0.88985,0.8833,0.89135
code,global,1000,5000,0.90009,0.90436,0.90119,0.90685
code,global,1000,5499,0.91381,0.91678,0.91597,0.92012
code,global,1000,6000,0.92561,0.9282,0.92869,0.93261
code,global,1000,6500,0.93583,0.93699,0.93989,0.94203
code,global,1000,7000,0.94422,0.945,0.94882,0.95049
code,global,2000,3000,0.75128,0.82433,0.74686,0.82292
code,global,2000,3500,0.80934,0.85177,0.8042,0.85113
code,global,2000,4000,0.84333,0.87227,0.83993,0.87241
code,global,2000,4500,0.87197,0.88985,0.87021,0.89135
code,global,2000,5000,0.89222,0.90436,0.89148,0.90685
code,global,2000,5499,0.90809,0.91678,0.9086,0.92012
code,global,2000,6000,0.92177,0.9282,0.92346,0.93261
code,global,2000,6500,0.93308,0.93699,0.93576,0.94203
code,global,2000,7000,0.94261,0.945,0.94626,0.95049
code,global,3000,3500,0.73289,0.85177,0.72826,0.85113
code,global,3000,4000,0.80336,0.87227,0.79882,0.87241
code,global,3000,4500,0.84768,0.88985,0.84347,0.89135
code,global,3000,5000,0.87767,0.90436,0.87531,0.90685
code,global,3000,5499,0.89937,0.91678,0.89806,0.92012
code,global,3000,6000,0.91552,0.9282,0.91547,0.93261
code,global,3000,6500,0.92902,0.93699,0.93022,0.94203
code,global,3000,7000,0.93996,0.945,0.94215,0.95049
en,task,1000,3000,0.8029,0.81919,0.80482,0.82268
en,task,1000,3500,0.83616,0.84595,0.83923,0.85051
en,task,1000,4000,0.86118,0.86676,0.86548,0.87178
en,task,1000,4500,0.88094,0.88508,0.88556,0.89139
en,task,1000,5000,0.89761,0.90035,0.90332,0.90761
en,task,1000,5499,0.91156,0.91258,0.9181,0.92024
en,task,1000,6000,0.92282,0.92295,0.92968,0.93097
en,task,1000,6500,0.9325,0.9325,0.93941,0.94032
en,task,1000,7000,0.94097,0.94054,0.94795,0.94835
en,task,2000,3000,0.77059,0.81919,0.76911,0.82268
en,task,2000,3500,0.81334,0.84595,0.81207,0.85051
en,task,2000,4000,0.85023,0.86676,0.85278,0.87178
en,task,2000,4500,0.87488,0.88508,0.87853,0.89139
en,task,2000,5000,0.89377,0.90035,0.89784,0.90761
en,task,2000,5499,0.90935,0.91258,0.91439,0.92024
en,task,2000,6000,0.92197,0.92295,0.92767,0.93097
en,task,2000,6500,0.93212,0.9325,0.9382,0.94032
en,task,2000,7000,0.94124,0.94054,0.94721,0.94835
en,task,3000,3500,0.77437,0.84595,0.7762,0.85051
en,task,3000,4000,0.82424,0.86676,0.82307,0.87178
en,task,3000,4500,0.86228,0.88508,0.86442,0.89139
en,task,3000,5000,0.88722,0.90035,0.89027,0.90761
en,task,3000,5499,0.90582,0.91258,0.90951,0.92024
en,task,3000,6000,0.92049,0.92295,0.92486,0.93097
en,task,3000,6500,0.93203,0.9325,0.93702,0.94032
en,task,3000,7000,0.94158,0.94054,0.94674,0.94835
en,global,1000,3000,0.8001,0.81919,0.79972,0.82268
en,global,1000,3500,0.83444,0.84595,0.83609,0.85051
en,global,1000,4000,0.85992,0.86676,0.86313,0.87178
en,global,1000,4500,0.87941,0.88508,0.88313,0.89139
en,global,1000,5000,0.8966,0.90035,0.90169,0.90761
en,global,1000,5499,0.91069,0.91258,0.91681,0.92024
en,global,1000,6000,0.922,0.92295,0.92854,0.93097
en,global,1000,6500,0.93184,0.9325,0.93852,0.94032
en,global,1000,7000,0.94034,0.94054,0.94713,0.94835
en,global,2000,3000,0.76648,0.81919,0.76127,0.82268
en,global,2000,3500,0.80941,0.84595,0.80527,0.85051
en,global,2000,4000,0.84654,0.86676,0.84666,0.87178
en,global,2000,4500,0.87203,0.88508,0.8739,0.89139
en,global,2000,5000,0.89121,0.90035,0.89389,0.90761
en,global,2000,5499,0.90742,0.91258,0.91146,0.92024
en,global,2000,6000,0.92044,0.92295,0.92539,0.93097
en,global,2000,6500,0.93084,0.9325,0.93642,0.94032
en,global,2000,7000,0.94009,0.94054,0.94569,0.94835
en,global,3000,3500,0.76862,0.84595,0.76424,0.85051
en,global,3000,4000,0.81844,0.86676,0.81361,0.87178
en,global,3000,4500,0.85768,0.88508,0.85741,0.89139
en,global,3000,5000,0.88325,0.90035,0.88453,0.90761
en,global,3000,5499,0.90215,0.91258,0.90426,0.92024
en,global,3000,6000,0.91765,0.92295,0.92097,0.93097
en,global,3000,6500,0.9297,0.9325,0.9339,0.94032
en,global,3000,7000,0.93952,0.94054,0.94415,0.94835
zh,task,1000,3000,0.82372,0.82525,0.82551,0.82664
zh,task,1000,3500,0.85015,0.85038,0.85179,0.85137
zh,task,1000,4000,0.87075,0.87047,0.87171,0.87079
zh,task,1000,4500,0.888,0.88726,0.88841,0.88747
zh,task,1000,5000,0.90246,0.90168,0.9026,0.90196
zh,task,1000,5499,0.91491,0.91373,0.91527,0.9143
zh,task,1000,6000,0.9256,0.92441,0.92625,0.92552
zh,task,1000,6500,0.93489,0.93395,0.93604,0.93566
zh,task,1000,7000,0.94321,0.9422,0.94483,0.94448
zh,task,2000,3000,0.81429,0.82525,0.81703,0.82664
zh,task,2000,3500,0.84743,0.85038,0.84887,0.85137
zh,task,2000,4000,0.87116,0.87047,0.87254,0.87079
zh,task,2000,4500,0.88932,0.88726,0.89013,0.88747
zh,task,2000,5000,0.90406,0.90168,0.90438,0.90196
zh,task,2000,5499,0.91667,0.91373,0.91692,0.9143
zh,task,2000,6000,0.92731,0.92441,0.92768,0.92552
zh,task,2000,6500,0.93641,0.93395,0.93708,0.93566
zh,task,2000,7000,0.94462,0.9422,0.94566,0.94448
zh,task,3000,3500,0.82323,0.85038,0.82511,0.85137
zh,task,3000,4000,0.86323,0.87047,0.86427,0.87079
zh,task,3000,4500,0.88727,0.88726,0.88799,0.88747
zh,task,3000,5000,0.90464,0.90168,0.90506,0.90196
zh,task,3000,5499,0.91808,0.91373,0.9181,0.9143
zh,task,3000,6000,0.92914,0.92441,0.92914,0.92552
zh,task,3000,6500,0.9384,0.93395,0.93858,0.93566
zh,task,3000,7000,0.94638,0.9422,0.94689,0.94448
zh,global,1000,3000,0.81941,0.82525,0.82096,0.82664
zh,global,1000,3500,0.84681,0.85038,0.84818,0.85137
zh,global,1000,4000,0.86848,0.87047,0.86932,0.87079
zh,global,1000,4500,0.88637,0.88726,0.88657,0.88747
zh,global,1000,5000,0.90124,0.90168,0.90112,0.90196
zh,global,1000,5499,0.91416,0.91373,0.91437,0.9143
zh,global,1000,6000,0.92492,0.92441,0.92539,0.92552
zh,global,1000,6500,0.9344,0.93395,0.93541,0.93566
zh,global,1000,7000,0.94285,0.9422,0.94437,0.94448
zh,global,2000,3000,0.7989,0.82525,0.80173,0.82664
zh,global,2000,3500,0.83632,0.85038,0.83787,0.85137
zh,global,2000,4000,0.86251,0.87047,0.86391,0.87079
zh,global,2000,4500,0.88299,0.88726,0.8837,0.88747
zh,global,2000,5000,0.8993,0.90168,0.89929,0.90196
zh,global,2000,5499,0.91288,0.91373,0.91264,0.9143
zh,global,2000,6000,0.92438,0.92441,0.92439,0.92552
zh,global,2000,6500,0.93449,0.93395,0.9349,0.93566
zh,global,2000,7000,0.94314,0.9422,0.94398,0.94448
zh,global,3000,3500,0.80187,0.85038,0.80513,0.85137
zh,global,3000,4000,0.84829,0.87047,0.85039,0.87079
zh,global,3000,4500,0.87601,0.88726,0.87701,0.88747
zh,global,3000,5000,0.89583,0.90168,0.89654,0.90196
zh,global,3000,5499,0.91139,0.91373,0.91132,0.9143
zh,global,3000,6000,0.92375,0.92441,0.92353,0.92552
zh,global,3000,6500,0.9341,0.93395,0.93408,0.93566
zh,global,3000,7000,0.9432,0.9422,0.94348,0.94448
