policy,prewarm_m,profile,a,b,cap,0-16,0-64,0-256,256-512,prewarm_loads
lru,0,,code,code,3000,0.6377,0.75592,0.79851,0.83102,
lru,0,,code,code,3500,0.66172,0.77586,0.82038,0.85608,
lru,0,,code,code,4000,0.68613,0.79858,0.83974,0.87692,
lru,0,,code,code,4500,0.70671,0.81597,0.85584,0.89154,
lru,0,,code,code,5000,0.73021,0.83402,0.87086,0.9063,
lru,0,,code,code,5499,0.75964,0.85348,0.8863,0.91821,
lru,0,,code,code,6000,0.78509,0.87181,0.90091,0.92766,
lru,0,,code,code,6500,0.80365,0.88779,0.91311,0.9363,
lru,0,,code,code,7000,0.83424,0.90693,0.9257,0.94521,
lru,0,,code,en,3000,0.63529,0.75898,0.80455,0.8032,
lru,0,,code,en,3500,0.65931,0.77882,0.82979,0.83084,
lru,0,,code,en,4000,0.68099,0.79451,0.84873,0.85301,
lru,0,,code,en,4500,0.70189,0.80957,0.86417,0.8722,
lru,0,,code,en,5000,0.72298,0.82401,0.87831,0.88923,
lru,0,,code,en,5499,0.75293,0.83945,0.891,0.90393,
lru,0,,code,en,6000,0.77344,0.85726,0.90258,0.91682,
lru,0,,code,en,6500,0.80059,0.87368,0.91333,0.92922,
lru,0,,code,en,7000,0.82969,0.89302,0.92431,0.94035,
lru,0,,code,zh,3000,0.64622,0.76175,0.82508,0.83436,
lru,0,,code,zh,3500,0.67005,0.78185,0.84894,0.85983,
lru,0,,code,zh,4000,0.69258,0.79787,0.86797,0.88073,
lru,0,,code,zh,4500,0.71608,0.81452,0.88241,0.8984,
lru,0,,code,zh,5000,0.72923,0.82736,0.89397,0.91255,
lru,0,,code,zh,5499,0.74095,0.83895,0.90407,0.92312,
lru,0,,code,zh,6000,0.75547,0.8508,0.91298,0.93314,
lru,0,,code,zh,6500,0.7765,0.86252,0.92076,0.94285,
lru,0,,code,zh,7000,0.7987,0.87599,0.92868,0.95075,
lru,0,,en,code,3000,0.60514,0.74613,0.79606,0.83102,
lru,0,,en,code,3500,0.62676,0.76562,0.81782,0.85608,
lru,0,,en,code,4000,0.64889,0.78167,0.83551,0.87692,
lru,0,,en,code,4500,0.67122,0.79567,0.85065,0.89154,
lru,0,,en,code,5000,0.69245,0.80881,0.8641,0.9063,
lru,0,,en,code,5499,0.71432,0.82253,0.87744,0.91821,
lru,0,,en,code,6000,0.73607,0.83553,0.88986,0.92766,
lru,0,,en,code,6500,0.75488,0.8491,0.90019,0.9363,
lru,0,,en,code,7000,0.77148,0.86081,0.90891,0.94521,
lru,0,,en,en,3000,0.62507,0.75654,0.80394,0.8032,
lru,0,,en,en,3500,0.64798,0.77638,0.82917,0.83084,
lru,0,,en,en,4000,0.67012,0.7908,0.8478,0.85301,
lru,0,,en,en,4500,0.69043,0.80542,0.86318,0.8722,
lru,0,,en,en,5000,0.70996,0.81925,0.87716,0.88923,
lru,0,,en,en,5499,0.73034,0.83275,0.88928,0.90393,
lru,0,,en,en,6000,0.75677,0.84787,0.90002,0.91682,
lru,0,,en,en,6500,0.77474,0.86087,0.90959,0.92922,
lru,0,,en,en,7000,0.79023,0.87176,0.91766,0.94035,
lru,0,,en,zh,3000,0.63861,0.7589,0.82437,0.83436,
lru,0,,en,zh,3500,0.65573,0.77417,0.84702,0.85983,
lru,0,,en,zh,4000,0.67331,0.78761,0.86542,0.88073,
lru,0,,en,zh,4500,0.69284,0.80094,0.87906,0.8984,
lru,0,,en,zh,5000,0.7153,0.81455,0.89085,0.91255,
lru,0,,en,zh,5499,0.73353,0.82684,0.90067,0.92312,
lru,0,,en,zh,6000,0.75247,0.83901,0.90951,0.93314,
lru,0,,en,zh,6500,0.77031,0.85088,0.91729,0.94288,
lru,0,,en,zh,7000,0.78464,0.86235,0.92408,0.95082,
lru,0,,zh,code,3000,0.59232,0.74087,0.79474,0.83102,
lru,0,,zh,code,3500,0.61296,0.75949,0.81628,0.85608,
lru,0,,zh,code,4000,0.63171,0.77445,0.83371,0.87692,
lru,0,,zh,code,4500,0.6554,0.78986,0.84919,0.89154,
lru,0,,zh,code,5000,0.67891,0.80526,0.86322,0.9063,
lru,0,,zh,code,5499,0.69993,0.82031,0.8769,0.91821,
lru,0,,zh,code,6000,0.72142,0.8355,0.88978,0.92766,
lru,0,,zh,code,6500,0.74349,0.84987,0.90031,0.9363,
lru,0,,zh,code,7000,0.76191,0.86204,0.90904,0.94521,
lru,0,,zh,en,3000,0.62161,0.75483,0.80352,0.8032,
lru,0,,zh,en,3500,0.64186,0.77293,0.82831,0.83084,
lru,0,,zh,en,4000,0.661,0.78822,0.84716,0.85301,
lru,0,,zh,en,4500,0.69134,0.80526,0.8632,0.8722,
lru,0,,zh,en,5000,0.71751,0.82249,0.8779,0.88923,
lru,0,,zh,en,5499,0.73678,0.83874,0.89065,0.90393,
lru,0,,zh,en,6000,0.75586,0.85231,0.90103,0.91682,
lru,0,,zh,en,6500,0.77259,0.86541,0.91055,0.92922,
lru,0,,zh,en,7000,0.78763,0.87674,0.91904,0.94035,
lru,0,,zh,zh,3000,0.63125,0.76095,0.82488,0.83436,
lru,0,,zh,zh,3500,0.65462,0.77922,0.84828,0.85983,
lru,0,,zh,zh,4000,0.67715,0.79806,0.86801,0.88073,
lru,0,,zh,zh,4500,0.70065,0.81802,0.88329,0.8984,
lru,0,,zh,zh,5000,0.72161,0.83685,0.89672,0.91255,
lru,0,,zh,zh,5499,0.7429,0.85415,0.90843,0.92312,
lru,0,,zh,zh,6000,0.76497,0.86948,0.91908,0.93314,
lru,0,,zh,zh,6500,0.7849,0.88084,0.92782,0.94285,
lru,0,,zh,zh,7000,0.79987,0.89059,0.9351,0.95097,
lru,0,,cold,code,3000,0.50052,0.71463,0.78818,0.83102,
lru,0,,cold,code,3500,0.50052,0.72235,0.807,0.85608,
lru,0,,cold,code,4000,0.50052,0.72518,0.82139,0.87692,
lru,0,,cold,code,4500,0.50052,0.7258,0.83309,0.89154,
lru,0,,cold,code,5000,0.50052,0.7258,0.84285,0.9063,
lru,0,,cold,code,5499,0.50052,0.7258,0.85184,0.91821,
lru,0,,cold,code,6000,0.50052,0.7258,0.85924,0.92766,
lru,0,,cold,code,6500,0.50052,0.7258,0.86416,0.9363,
lru,0,,cold,code,7000,0.50052,0.7258,0.86731,0.94521,
lru,0,,cold,en,3000,0.51621,0.72311,0.79559,0.8032,
lru,0,,cold,en,3500,0.51621,0.73078,0.81777,0.83084,
lru,0,,cold,en,4000,0.51621,0.73258,0.83325,0.85301,
lru,0,,cold,en,4500,0.51621,0.73268,0.84484,0.8722,
lru,0,,cold,en,5000,0.51621,0.73268,0.85455,0.88923,
lru,0,,cold,en,5499,0.51621,0.73268,0.86176,0.90393,
lru,0,,cold,en,6000,0.51621,0.73268,0.8667,0.91682,
lru,0,,cold,en,6500,0.51621,0.73268,0.87058,0.92922,
lru,0,,cold,en,7000,0.51621,0.73268,0.8726,0.94035,
lru,0,,cold,zh,3000,0.53581,0.7269,0.81637,0.83436,
lru,0,,cold,zh,3500,0.53581,0.73228,0.83654,0.85983,
lru,0,,cold,zh,4000,0.53581,0.73361,0.85188,0.88073,
lru,0,,cold,zh,4500,0.53581,0.73379,0.86201,0.8984,
lru,0,,cold,zh,5000,0.53581,0.73379,0.86955,0.91255,
lru,0,,cold,zh,5499,0.53581,0.73379,0.87495,0.92312,
lru,0,,cold,zh,6000,0.53581,0.73379,0.87878,0.93314,
lru,0,,cold,zh,6500,0.53581,0.73379,0.88097,0.94285,
lru,0,,cold,zh,7000,0.53581,0.73379,0.88199,0.95059,
prewarm,500,task,code,code,3000,0.64108,0.75804,0.79904,0.83102,135.0
prewarm,500,task,code,code,3500,0.66387,0.77811,0.82094,0.85608,105.0
prewarm,500,task,code,code,4000,0.68672,0.79665,0.83926,0.87692,86.0
prewarm,500,task,code,code,4500,0.70775,0.81628,0.85592,0.89154,76.0
prewarm,500,task,code,code,5000,0.72865,0.83231,0.8705,0.9063,69.0
prewarm,500,task,code,code,5499,0.75866,0.85273,0.88619,0.91821,53.0
prewarm,500,task,code,code,6000,0.78424,0.87052,0.90076,0.92766,47.0
prewarm,500,task,code,code,6500,0.80332,0.88735,0.91307,0.9363,43.0
prewarm,500,task,code,code,7000,0.83288,0.90594,0.92545,0.94521,42.0
prewarm,1000,task,code,code,3000,0.64049,0.75938,0.79937,0.83102,349.0
prewarm,1000,task,code,code,3500,0.66686,0.78079,0.82161,0.85608,268.0
prewarm,1000,task,code,code,4000,0.689,0.79725,0.83941,0.87692,226.0
prewarm,1000,task,code,code,4500,0.71029,0.81696,0.85613,0.89154,205.0
prewarm,1000,task,code,code,5000,0.73014,0.83298,0.87091,0.9063,188.0
prewarm,1000,task,code,code,5499,0.75775,0.85146,0.8862,0.91821,159.0
prewarm,1000,task,code,code,6000,0.78158,0.86836,0.90052,0.92766,143.0
prewarm,1000,task,code,code,6500,0.80267,0.8859,0.91292,0.9363,129.0
prewarm,1000,task,code,code,7000,0.83125,0.90413,0.92504,0.94521,123.0
prewarm,2000,task,code,code,3000,0.6444,0.76022,0.79958,0.83102,1043.0
prewarm,2000,task,code,code,3500,0.66602,0.7826,0.82206,0.85608,801.0
prewarm,2000,task,code,code,4000,0.69395,0.80257,0.84074,0.87692,629.0
prewarm,2000,task,code,code,4500,0.71673,0.81847,0.85652,0.89154,533.0
prewarm,2000,task,code,code,5000,0.73516,0.83589,0.87193,0.9063,481.0
prewarm,2000,task,code,code,5499,0.75553,0.85063,0.88661,0.91821,433.0
prewarm,2000,task,code,code,6000,0.78014,0.86764,0.90094,0.92766,364.0
prewarm,2000,task,code,code,6500,0.80358,0.88525,0.91359,0.9363,321.0
prewarm,2000,task,code,code,7000,0.82721,0.90169,0.92481,0.94521,288.0
prewarm,3000,task,code,code,3000,0.65312,0.7624,0.80013,0.83102,2141.0
prewarm,3000,task,code,code,3500,0.68158,0.78641,0.82301,0.85608,1688.0
prewarm,3000,task,code,code,4000,0.70384,0.80575,0.84153,0.87692,1336.0
prewarm,3000,task,code,code,4500,0.72786,0.82474,0.85809,0.89154,1055.0
prewarm,3000,task,code,code,5000,0.74583,0.83906,0.87273,0.9063,897.0
prewarm,3000,task,code,code,5499,0.76217,0.85374,0.8876,0.91821,785.0
prewarm,3000,task,code,code,6000,0.78385,0.86816,0.9016,0.92766,674.0
prewarm,3000,task,code,code,6500,0.8028,0.88275,0.91383,0.9363,575.0
prewarm,3000,task,code,code,7000,0.82253,0.89814,0.92448,0.94521,504.0
prewarm,500,global,code,code,3000,0.64134,0.75833,0.79911,0.83102,161.0
prewarm,500,global,code,code,3500,0.66367,0.77808,0.82093,0.85608,144.0
prewarm,500,global,code,code,4000,0.68639,0.7965,0.83923,0.87692,126.0
prewarm,500,global,code,code,4500,0.70807,0.81621,0.85584,0.89154,115.0
prewarm,500,global,code,code,5000,0.72884,0.8325,0.87037,0.9063,105.0
prewarm,500,global,code,code,5499,0.7599,0.85313,0.88597,0.91821,96.0
prewarm,500,global,code,code,6000,0.7849,0.87095,0.90053,0.92766,91.0
prewarm,500,global,code,code,6500,0.80286,0.88714,0.91274,0.9363,86.0
prewarm,500,global,code,code,7000,0.83249,0.90555,0.925,0.94521,76.0
prewarm,1000,global,code,code,3000,0.64707,0.76146,0.79989,0.83102,423.0
prewarm,1000,global,code,code,3500,0.67083,0.78192,0.82189,0.85608,372.0
prewarm,1000,global,code,code,4000,0.69076,0.79813,0.83963,0.87692,329.0
prewarm,1000,global,code,code,4500,0.71172,0.81753,0.85615,0.89154,299.0
prewarm,1000,global,code,code,5000,0.73223,0.83309,0.87051,0.9063,269.0
prewarm,1000,global,code,code,5499,0.7597,0.85171,0.88571,0.91821,249.0
prewarm,1000,global,code,code,6000,0.78385,0.86912,0.89997,0.92766,216.0
prewarm,1000,global,code,code,6500,0.80378,0.8868,0.91254,0.9363,197.0
prewarm,1000,global,code,code,7000,0.83125,0.90433,0.92432,0.94521,174.0
prewarm,2000,global,code,code,3000,0.65397,0.76299,0.80027,0.83102,1122.0
prewarm,2000,global,code,code,3500,0.67474,0.78507,0.82268,0.85608,977.0
prewarm,2000,global,code,code,4000,0.69961,0.80402,0.84111,0.87692,857.0
prewarm,2000,global,code,code,4500,0.71842,0.81851,0.8564,0.89154,754.0
prewarm,2000,global,code,code,5000,0.73776,0.83566,0.87109,0.9063,688.0
prewarm,2000,global,code,code,5499,0.75658,0.84964,0.88527,0.91821,630.0
prewarm,2000,global,code,code,6000,0.78242,0.86733,0.89932,0.92766,551.0
prewarm,2000,global,code,code,6500,0.8056,0.88379,0.91162,0.9363,482.0
prewarm,2000,global,code,code,7000,0.82493,0.90011,0.9225,0.94521,429.0
prewarm,3000,global,code,code,3000,0.66068,0.76466,0.80069,0.83102,2278.0
prewarm,3000,global,code,code,3500,0.68665,0.78786,0.82338,0.85608,1880.0
prewarm,3000,global,code,code,4000,0.70534,0.80636,0.84169,0.87692,1632.0
prewarm,3000,global,code,code,4500,0.72839,0.82399,0.85777,0.89154,1415.0
prewarm,3000,global,code,code,5000,0.74629,0.83773,0.87161,0.9063,1258.0
prewarm,3000,global,code,code,5499,0.76172,0.85177,0.88578,0.91821,1131.0
prewarm,3000,global,code,code,6000,0.77904,0.86465,0.89869,0.92766,1008.0
prewarm,3000,global,code,code,6500,0.80202,0.8807,0.91053,0.9363,870.0
prewarm,3000,global,code,code,7000,0.82376,0.89701,0.92135,0.94521,755.0
prewarm,500,task,code,en,3000,0.64264,0.76162,0.80521,0.8032,255.0
prewarm,500,task,code,en,3500,0.66563,0.78221,0.83063,0.83084,235.0
prewarm,500,task,code,en,4000,0.68809,0.79803,0.84961,0.85301,222.0
prewarm,500,task,code,en,4500,0.70996,0.81213,0.86495,0.8722,207.0
prewarm,500,task,code,en,5000,0.72975,0.82653,0.8791,0.88923,197.0
prewarm,500,task,code,en,5499,0.75293,0.84022,0.89134,0.90393,188.0
prewarm,500,task,code,en,6000,0.7776,0.85757,0.90287,0.91682,172.0
prewarm,500,task,code,en,6500,0.79909,0.87362,0.91335,0.92922,161.0
prewarm,500,task,code,en,7000,0.82786,0.89186,0.92389,0.94035,146.0
prewarm,1000,task,code,en,3000,0.64987,0.76429,0.80588,0.8032,569.0
prewarm,1000,task,code,en,3500,0.67559,0.78556,0.83147,0.83084,529.0
prewarm,1000,task,code,en,4000,0.69681,0.8016,0.8505,0.85301,490.0
prewarm,1000,task,code,en,4500,0.71602,0.81567,0.86589,0.8722,448.0
prewarm,1000,task,code,en,5000,0.73457,0.82896,0.87993,0.88923,407.0
prewarm,1000,task,code,en,5499,0.75755,0.84268,0.89212,0.90393,383.0
prewarm,1000,task,code,en,6000,0.78307,0.85841,0.90315,0.91682,362.0
prewarm,1000,task,code,en,6500,0.80286,0.87518,0.91392,0.92922,333.0
prewarm,1000,task,code,en,7000,0.82852,0.89089,0.92359,0.94035,299.0
prewarm,2000,task,code,en,3000,0.66908,0.77072,0.80749,0.8032,1327.0
prewarm,2000,task,code,en,3500,0.68743,0.79176,0.83302,0.83084,1199.0
prewarm,2000,task,code,en,4000,0.7082,0.80804,0.85211,0.85301,1110.0
prewarm,2000,task,code,en,4500,0.72598,0.82215,0.86751,0.8722,1007.0
prewarm,2000,task,code,en,5000,0.74447,0.83537,0.88182,0.88923,931.0
prewarm,2000,task,code,en,5499,0.76165,0.84733,0.89366,0.90393,847.0
prewarm,2000,task,code,en,6000,0.78372,0.86006,0.90425,0.91682,786.0
prewarm,2000,task,code,en,6500,0.80475,0.8748,0.91467,0.92922,709.0
prewarm,2000,task,code,en,7000,0.82396,0.88962,0.92364,0.94035,634.0
prewarm,3000,task,code,en,3000,0.67747,0.77282,0.80801,0.8032,2366.0
prewarm,3000,task,code,en,3500,0.70352,0.79627,0.83415,0.83084,2071.0
prewarm,3000,task,code,en,4000,0.72298,0.81349,0.85347,0.85301,1883.0
prewarm,3000,task,code,en,4500,0.73984,0.82884,0.86919,0.8722,1714.0
prewarm,3000,task,code,en,5000,0.75579,0.84307,0.88375,0.88923,1549.0
prewarm,3000,task,code,en,5499,0.77396,0.85568,0.89598,0.90393,1420.0
prewarm,3000,task,code,en,6000,0.78887,0.86587,0.90618,0.91682,1264.0
prewarm,3000,task,code,en,6500,0.80924,0.87746,0.91617,0.92922,1141.0
prewarm,3000,task,code,en,7000,0.82949,0.89217,0.92533,0.94035,1011.0
prewarm,500,global,code,en,3000,0.64115,0.76177,0.80525,0.8032,161.0
prewarm,500,global,code,en,3500,0.66296,0.78141,0.83043,0.83084,144.0
prewarm,500,global,code,en,4000,0.68568,0.79749,0.84948,0.85301,126.0
prewarm,500,global,code,en,4500,0.70638,0.81117,0.86473,0.8722,115.0
prewarm,500,global,code,en,5000,0.72611,0.82546,0.87882,0.88923,105.0
prewarm,500,global,code,en,5499,0.75332,0.84006,0.89121,0.90393,96.0
prewarm,500,global,code,en,6000,0.77493,0.85719,0.90264,0.91682,91.0
prewarm,500,global,code,en,6500,0.80026,0.87378,0.91324,0.92922,86.0
prewarm,500,global,code,en,7000,0.8276,0.89173,0.92398,0.94035,76.0
prewarm,1000,global,code,en,3000,0.64948,0.76465,0.80597,0.8032,423.0
prewarm,1000,global,code,en,3500,0.66986,0.78403,0.83109,0.83084,372.0
prewarm,1000,global,code,en,4000,0.69173,0.80135,0.85044,0.85301,329.0
prewarm,1000,global,code,en,4500,0.71139,0.81449,0.8656,0.8722,299.0
prewarm,1000,global,code,en,5000,0.72988,0.82767,0.87962,0.88923,269.0
prewarm,1000,global,code,en,5499,0.75404,0.84113,0.89167,0.90393,249.0
prewarm,1000,global,code,en,6000,0.77806,0.85731,0.90297,0.91682,216.0
prewarm,1000,global,code,en,6500,0.79941,0.87383,0.91353,0.92922,197.0
prewarm,1000,global,code,en,7000,0.82786,0.89168,0.92392,0.94035,174.0
prewarm,2000,global,code,en,3000,0.66471,0.76976,0.80725,0.8032,1122.0
prewarm,2000,global,code,en,3500,0.68288,0.78984,0.83254,0.83084,977.0
prewarm,2000,global,code,en,4000,0.70189,0.80591,0.85158,0.85301,857.0
prewarm,2000,global,code,en,4500,0.72083,0.82106,0.86724,0.8722,754.0
prewarm,2000,global,code,en,5000,0.73828,0.83335,0.88121,0.88923,688.0
prewarm,2000,global,code,en,5499,0.75573,0.84531,0.89316,0.90393,630.0
prewarm,2000,global,code,en,6000,0.77956,0.85799,0.90357,0.91682,551.0
prewarm,2000,global,code,en,6500,0.79974,0.87412,0.91429,0.92922,482.0
prewarm,2000,global,code,en,7000,0.82559,0.88965,0.92371,0.94035,429.0
prewarm,3000,global,code,en,3000,0.67318,0.77187,0.80778,0.8032,2278.0
prewarm,3000,global,code,en,3500,0.69844,0.79396,0.83357,0.83084,1880.0
prewarm,3000,global,code,en,4000,0.71497,0.81043,0.85271,0.85301,1632.0
prewarm,3000,global,code,en,4500,0.73158,0.82593,0.86846,0.8722,1415.0
prewarm,3000,global,code,en,5000,0.74779,0.83966,0.88278,0.88923,1258.0
prewarm,3000,global,code,en,5499,0.76374,0.85202,0.89498,0.90393,1131.0
prewarm,3000,global,code,en,6000,0.77975,0.86265,0.90516,0.91682,1008.0
prewarm,3000,global,code,en,6500,0.80312,0.8748,0.91515,0.92922,870.0
prewarm,3000,global,code,en,7000,0.82422,0.89084,0.92478,0.94035,755.0
prewarm,500,task,code,zh,3000,0.66257,0.76974,0.82708,0.83436,188.0
prewarm,500,task,code,zh,3500,0.68411,0.78877,0.85067,0.85983,172.0
prewarm,500,task,code,zh,4000,0.70521,0.80454,0.86966,0.88073,152.0
prewarm,500,task,code,zh,4500,0.72747,0.82044,0.88396,0.8984,139.0
prewarm,500,task,code,zh,5000,0.74225,0.83315,0.89556,0.91255,130.0
prewarm,500,task,code,zh,5499,0.75449,0.84461,0.90547,0.92312,123.0
prewarm,500,task,code,zh,6000,0.7668,0.85558,0.91423,0.93314,112.0
prewarm,500,task,code,zh,6500,0.78737,0.86701,0.92202,0.94286,103.0
prewarm,500,task,code,zh,7000,0.80638,0.87943,0.92945,0.95083,93.0
prewarm,1000,task,code,zh,3000,0.67741,0.77681,0.82885,0.83436,465.0
prewarm,1000,task,code,zh,3500,0.69577,0.79525,0.85229,0.85983,429.0
prewarm,1000,task,code,zh,4000,0.71491,0.81071,0.8712,0.88073,387.0
prewarm,1000,task,code,zh,4500,0.73581,0.82656,0.88551,0.8984,347.0
prewarm,1000,task,code,zh,5000,0.75365,0.8394,0.89733,0.91255,321.0
prewarm,1000,task,code,zh,5499,0.76452,0.84979,0.90683,0.92312,304.0
prewarm,1000,task,code,zh,6000,0.77656,0.86112,0.91582,0.93314,270.0
prewarm,1000,task,code,zh,6500,0.79206,0.87067,0.92319,0.94286,245.0
prewarm,1000,task,code,zh,7000,0.81211,0.88291,0.93064,0.95092,226.0
prewarm,2000,task,code,zh,3000,0.68978,0.7819,0.83012,0.83436,1219.0
prewarm,2000,task,code,zh,3500,0.70781,0.80238,0.85407,0.85983,1081.0
prewarm,2000,task,code,zh,4000,0.72669,0.82002,0.87353,0.88073,1001.0
prewarm,2000,task,code,zh,4500,0.74342,0.83646,0.88802,0.8984,899.0
prewarm,2000,task,code,zh,5000,0.76393,0.85073,0.90054,0.91255,818.0
prewarm,2000,task,code,zh,5499,0.77956,0.86182,0.91062,0.92312,734.0
prewarm,2000,task,code,zh,6000,0.78893,0.87144,0.91931,0.93314,652.0
prewarm,2000,task,code,zh,6500,0.79928,0.88044,0.92684,0.94286,563.0
prewarm,2000,task,code,zh,7000,0.81751,0.89033,0.93373,0.95105,506.0
prewarm,3000,task,code,zh,3000,0.69323,0.78276,0.83033,0.83436,2354.0
prewarm,3000,task,code,zh,3500,0.71895,0.80562,0.85488,0.85983,1969.0
prewarm,3000,task,code,zh,4000,0.73822,0.8252,0.87482,0.88073,1743.0
prewarm,3000,task,code,zh,4500,0.75495,0.84429,0.88997,0.8984,1570.0
prewarm,3000,task,code,zh,5000,0.76908,0.85868,0.90256,0.91255,1382.0
prewarm,3000,task,code,zh,5499,0.7875,0.87144,0.9135,0.92312,1239.0
prewarm,3000,task,code,zh,6000,0.8028,0.88158,0.92271,0.93314,1074.0
prewarm,3000,task,code,zh,6500,0.81016,0.8897,0.93035,0.94286,935.0
prewarm,3000,task,code,zh,7000,0.82057,0.89704,0.93695,0.95106,815.0
prewarm,500,global,code,zh,3000,0.65846,0.76834,0.82673,0.83436,161.0
prewarm,500,global,code,zh,3500,0.67962,0.78693,0.85021,0.85983,144.0
prewarm,500,global,code,zh,4000,0.70111,0.80283,0.86925,0.88073,126.0
prewarm,500,global,code,zh,4500,0.7235,0.81898,0.88361,0.8984,115.0
prewarm,500,global,code,zh,5000,0.73802,0.83151,0.89518,0.91255,105.0
prewarm,500,global,code,zh,5499,0.74987,0.8429,0.90504,0.92312,96.0
prewarm,500,global,code,zh,6000,0.76296,0.8541,0.91391,0.93314,91.0
prewarm,500,global,code,zh,6500,0.78385,0.86562,0.92169,0.94287,86.0
prewarm,500,global,code,zh,7000,0.80332,0.87826,0.92921,0.95083,76.0
prewarm,1000,global,code,zh,3000,0.67402,0.77493,0.82838,0.83436,423.0
prewarm,1000,global,code,zh,3500,0.69173,0.79312,0.85175,0.85983,372.0
prewarm,1000,global,code,zh,4000,0.71003,0.80763,0.87043,0.88073,329.0
prewarm,1000,global,code,zh,4500,0.73151,0.82354,0.8848,0.8984,299.0
prewarm,1000,global,code,zh,5000,0.74831,0.83595,0.89644,0.91255,269.0
prewarm,1000,global,code,zh,5499,0.75951,0.84666,0.90599,0.92312,249.0
prewarm,1000,global,code,zh,6000,0.7722,0.85809,0.91504,0.93314,216.0
prewarm,1000,global,code,zh,6500,0.78828,0.86802,0.92241,0.94287,197.0
prewarm,1000,global,code,zh,7000,0.80814,0.88032,0.92985,0.95086,174.0
prewarm,2000,global,code,zh,3000,0.69199,0.78092,0.82987,0.83436,1122.0
prewarm,2000,global,code,zh,3500,0.70807,0.79993,0.85346,0.85983,977.0
prewarm,2000,global,code,zh,4000,0.72708,0.81663,0.87268,0.88073,857.0
prewarm,2000,global,code,zh,4500,0.74362,0.8312,0.88676,0.8984,754.0
prewarm,2000,global,code,zh,5000,0.76204,0.84473,0.89888,0.91255,688.0
prewarm,2000,global,code,zh,5499,0.7748,0.85495,0.9085,0.92312,630.0
prewarm,2000,global,code,zh,6000,0.78522,0.8645,0.91706,0.93314,551.0
prewarm,2000,global,code,zh,6500,0.79772,0.87427,0.9245,0.94287,482.0
prewarm,2000,global,code,zh,7000,0.8168,0.88472,0.9314,0.95092,429.0
prewarm,3000,global,code,zh,3000,0.70299,0.78368,0.83056,0.83436,2278.0
prewarm,3000,global,code,zh,3500,0.72604,0.8048,0.85468,0.85983,1880.0
prewarm,3000,global,code,zh,4000,0.74368,0.82336,0.87436,0.88073,1632.0
prewarm,3000,global,code,zh,4500,0.75977,0.83919,0.88876,0.8984,1415.0
prewarm,3000,global,code,zh,5000,0.77337,0.85202,0.9007,0.91255,1258.0
prewarm,3000,global,code,zh,5499,0.78978,0.86421,0.91104,0.92312,1131.0
prewarm,3000,global,code,zh,6000,0.80182,0.8735,0.91965,0.93314,1008.0
prewarm,3000,global,code,zh,6500,0.81055,0.88206,0.92704,0.94287,870.0
prewarm,3000,global,code,zh,7000,0.82259,0.8902,0.93383,0.95092,755.0
prewarm,500,task,en,code,3000,0.62546,0.75353,0.79791,0.83102,361.0
prewarm,500,task,en,code,3500,0.64915,0.77358,0.81981,0.85608,347.0
prewarm,500,task,en,code,4000,0.66895,0.79124,0.83791,0.87692,336.0
prewarm,500,task,en,code,4500,0.69186,0.80474,0.85299,0.89154,327.0
prewarm,500,task,en,code,5000,0.7099,0.81759,0.86657,0.9063,313.0
prewarm,500,task,en,code,5499,0.73125,0.83066,0.88007,0.91821,306.0
prewarm,500,task,en,code,6000,0.75267,0.84352,0.89239,0.92766,291.0
prewarm,500,task,en,code,6500,0.77142,0.85651,0.90277,0.9363,278.0
prewarm,500,task,en,code,7000,0.78906,0.86842,0.91167,0.94521,254.0
prewarm,1000,task,en,code,3000,0.63639,0.75809,0.79905,0.83102,742.0
prewarm,1000,task,en,code,3500,0.65859,0.77842,0.82102,0.85608,711.0
prewarm,1000,task,en,code,4000,0.68184,0.79611,0.83912,0.87692,682.0
prewarm,1000,task,en,code,4500,0.70163,0.8109,0.8546,0.89154,652.0
prewarm,1000,task,en,code,5000,0.72194,0.82342,0.86841,0.9063,628.0
prewarm,1000,task,en,code,5499,0.74102,0.83535,0.88174,0.91821,601.0
prewarm,1000,task,en,code,6000,0.76198,0.8485,0.8943,0.92766,568.0
prewarm,1000,task,en,code,6500,0.7806,0.86038,0.90463,0.9363,545.0
prewarm,1000,task,en,code,7000,0.79811,0.87303,0.91366,0.94521,511.0
prewarm,2000,task,en,code,3000,0.64746,0.76099,0.79977,0.83102,1551.0
prewarm,2000,task,en,code,3500,0.67129,0.78374,0.82235,0.85608,1454.0
prewarm,2000,task,en,code,4000,0.69284,0.8022,0.84065,0.87692,1380.0
prewarm,2000,task,en,code,4500,0.71361,0.81842,0.85651,0.89154,1297.0
prewarm,2000,task,en,code,5000,0.73164,0.83223,0.87101,0.9063,1228.0
prewarm,2000,task,en,code,5499,0.75117,0.84325,0.88465,0.91821,1167.0
prewarm,2000,task,en,code,6000,0.76725,0.85399,0.89705,0.92766,1119.0
prewarm,2000,task,en,code,6500,0.78581,0.86543,0.90757,0.9363,1056.0
prewarm,2000,task,en,code,7000,0.8026,0.87637,0.91651,0.94521,995.0
prewarm,3000,task,en,code,3000,0.65312,0.7624,0.80013,0.83102,2497.0
prewarm,3000,task,en,code,3500,0.68307,0.78678,0.82311,0.85608,2308.0
prewarm,3000,task,en,code,4000,0.70527,0.8061,0.84162,0.87692,2134.0
prewarm,3000,task,en,code,4500,0.72689,0.82454,0.85804,0.89154,2006.0
prewarm,3000,task,en,code,5000,0.74655,0.83996,0.87296,0.9063,1890.0
prewarm,3000,task,en,code,5499,0.76387,0.85267,0.88733,0.91821,1769.0
prewarm,3000,task,en,code,6000,0.78066,0.86265,0.90012,0.92766,1654.0
prewarm,3000,task,en,code,6500,0.79551,0.87223,0.91074,0.9363,1553.0
prewarm,3000,task,en,code,7000,0.81204,0.88258,0.91976,0.94521,1454.0
prewarm,500,global,en,code,3000,0.62578,0.75386,0.79799,0.83102,260.0
prewarm,500,global,en,code,3500,0.65039,0.77433,0.82,0.85608,237.0
prewarm,500,global,en,code,4000,0.66895,0.79079,0.8378,0.87692,220.0
prewarm,500,global,en,code,4500,0.68991,0.80358,0.85266,0.89154,206.0
prewarm,500,global,en,code,5000,0.70814,0.81634,0.86608,0.9063,194.0
prewarm,500,global,en,code,5499,0.72819,0.82933,0.87933,0.91821,180.0
prewarm,500,global,en,code,6000,0.74974,0.84176,0.89144,0.92766,170.0
prewarm,500,global,en,code,6500,0.76836,0.85488,0.90181,0.9363,158.0
prewarm,500,global,en,code,7000,0.7847,0.86637,0.91052,0.94521,140.0
prewarm,1000,global,en,code,3000,0.64115,0.75947,0.79939,0.83102,579.0
prewarm,1000,global,en,code,3500,0.66198,0.77972,0.82134,0.85608,516.0
prewarm,1000,global,en,code,4000,0.6819,0.79689,0.83932,0.87692,478.0
prewarm,1000,global,en,code,4500,0.7026,0.81045,0.85438,0.89154,448.0
prewarm,1000,global,en,code,5000,0.72096,0.82254,0.86771,0.9063,414.0
prewarm,1000,global,en,code,5499,0.74056,0.83452,0.88093,0.91821,383.0
prewarm,1000,global,en,code,6000,0.76042,0.84723,0.89321,0.92766,358.0
prewarm,1000,global,en,code,6500,0.77799,0.85955,0.90354,0.9363,340.0
prewarm,1000,global,en,code,7000,0.79427,0.87106,0.91205,0.94521,314.0
prewarm,2000,global,en,code,3000,0.65423,0.76305,0.80029,0.83102,1302.0
prewarm,2000,global,en,code,3500,0.67559,0.78511,0.82269,0.85608,1176.0
prewarm,2000,global,en,code,4000,0.6959,0.80326,0.84091,0.87692,1065.0
prewarm,2000,global,en,code,4500,0.71647,0.81886,0.85649,0.89154,982.0
prewarm,2000,global,en,code,5000,0.73398,0.83185,0.87014,0.9063,911.0
prewarm,2000,global,en,code,5499,0.7513,0.84284,0.88344,0.91821,837.0
prewarm,2000,global,en,code,6000,0.76908,0.85396,0.89559,0.92766,770.0
prewarm,2000,global,en,code,6500,0.78757,0.86468,0.90554,0.9363,701.0
prewarm,2000,global,en,code,7000,0.8041,0.87679,0.91426,0.94521,660.0
prewarm,3000,global,en,code,3000,0.66068,0.76466,0.80069,0.83102,2337.0
prewarm,3000,global,en,code,3500,0.68529,0.78752,0.82329,0.85608,2051.0
prewarm,3000,global,en,code,4000,0.70729,0.80685,0.84181,0.87692,1810.0
prewarm,3000,global,en,code,4500,0.72754,0.82367,0.85769,0.89154,1647.0
prewarm,3000,global,en,code,5000,0.74831,0.83882,0.87188,0.9063,1514.0
prewarm,3000,global,en,code,5499,0.764,0.85047,0.88545,0.91821,1392.0
prewarm,3000,global,en,code,6000,0.77936,0.86034,0.89752,0.92766,1266.0
prewarm,3000,global,en,code,6500,0.79499,0.87,0.90754,0.9363,1147.0
prewarm,3000,global,en,code,7000,0.8112,0.88,0.91585,0.94521,1046.0
prewarm,500,task,en,en,3000,0.63691,0.76053,0.80494,0.8032,164.0
prewarm,500,task,en,en,3500,0.65768,0.78021,0.83013,0.83084,137.0
prewarm,500,task,en,en,4000,0.67839,0.79447,0.84872,0.85301,121.0
prewarm,500,task,en,en,4500,0.6972,0.80814,0.86395,0.8722,116.0
prewarm,500,task,en,en,5000,0.71621,0.8221,0.87802,0.88923,102.0
prewarm,500,task,en,en,5499,0.73483,0.83472,0.8898,0.90393,92.0
prewarm,500,task,en,en,6000,0.76068,0.84969,0.90066,0.91682,88.0
prewarm,500,task,en,en,6500,0.77897,0.86274,0.91026,0.92922,82.0
prewarm,500,task,en,en,7000,0.79486,0.87334,0.91817,0.94035,78.0
prewarm,1000,task,en,en,3000,0.65423,0.76663,0.80647,0.8032,426.0
prewarm,1000,task,en,en,3500,0.67012,0.78442,0.83118,0.83084,358.0
prewarm,1000,task,en,en,4000,0.69102,0.79987,0.85007,0.85301,312.0
prewarm,1000,task,en,en,4500,0.70859,0.81304,0.86523,0.8722,287.0
prewarm,1000,task,en,en,5000,0.72493,0.82549,0.87909,0.88923,262.0
prewarm,1000,task,en,en,5499,0.74212,0.83807,0.89083,0.90393,229.0
prewarm,1000,task,en,en,6000,0.76693,0.85226,0.90166,0.91682,211.0
prewarm,1000,task,en,en,6500,0.78431,0.86533,0.91128,0.92922,199.0
prewarm,1000,task,en,en,7000,0.80117,0.87607,0.9191,0.94035,191.0
prewarm,2000,task,en,en,3000,0.67038,0.77104,0.80757,0.8032,1116.0
prewarm,2000,task,en,en,3500,0.69316,0.79364,0.83349,0.83084,958.0
prewarm,2000,task,en,en,4000,0.70716,0.80773,0.85203,0.85301,822.0
prewarm,2000,task,en,en,4500,0.72611,0.8221,0.8675,0.8722,721.0
prewarm,2000,task,en,en,5000,0.74134,0.83387,0.88145,0.88923,658.0
prewarm,2000,task,en,en,5499,0.75586,0.84513,0.89312,0.90393,589.0
prewarm,2000,task,en,en,6000,0.77292,0.85685,0.9033,0.91682,527.0
prewarm,2000,task,en,en,6500,0.79681,0.87044,0.91347,0.92922,482.0
prewarm,2000,task,en,en,7000,0.81178,0.88133,0.92121,0.94035,440.0
prewarm,3000,task,en,en,3000,0.67747,0.77282,0.80801,0.8032,2175.0
prewarm,3000,task,en,en,3500,0.70345,0.79626,0.83414,0.83084,1833.0
prewarm,3000,task,en,en,4000,0.72643,0.81436,0.85369,0.85301,1521.0
prewarm,3000,task,en,en,4500,0.74108,0.82936,0.86932,0.8722,1326.0
prewarm,3000,task,en,en,5000,0.75723,0.84263,0.88364,0.88923,1158.0
prewarm,3000,task,en,en,5499,0.77116,0.85369,0.89548,0.90393,1060.0
prewarm,3000,task,en,en,6000,0.78431,0.86393,0.90569,0.91682,946.0
prewarm,3000,task,en,en,6500,0.80286,0.87539,0.91549,0.92922,833.0
prewarm,3000,task,en,en,7000,0.82103,0.88714,0.92393,0.94035,754.0
prewarm,500,global,en,en,3000,0.64258,0.76257,0.80545,0.8032,260.0
prewarm,500,global,en,en,3500,0.66081,0.78102,0.83033,0.83084,237.0
prewarm,500,global,en,en,4000,0.68262,0.79626,0.84917,0.85301,220.0
prewarm,500,global,en,en,4500,0.7015,0.80981,0.86438,0.8722,206.0
prewarm,500,global,en,en,5000,0.71914,0.8236,0.87842,0.88923,194.0
prewarm,500,global,en,en,5499,0.73698,0.83594,0.89008,0.90393,180.0
prewarm,500,global,en,en,6000,0.76296,0.85078,0.90086,0.91682,170.0
prewarm,500,global,en,en,6500,0.78073,0.86375,0.91041,0.92922,158.0
prewarm,500,global,en,en,7000,0.79746,0.87453,0.91833,0.94035,140.0
prewarm,1000,global,en,en,3000,0.65807,0.76823,0.80686,0.8032,579.0
prewarm,1000,global,en,en,3500,0.67318,0.7856,0.83148,0.83084,516.0
prewarm,1000,global,en,en,4000,0.69362,0.80195,0.85059,0.85301,478.0
prewarm,1000,global,en,en,4500,0.71198,0.81478,0.86567,0.8722,448.0
prewarm,1000,global,en,en,5000,0.72897,0.8279,0.8797,0.88923,414.0
prewarm,1000,global,en,en,5499,0.74583,0.84002,0.89129,0.90393,383.0
prewarm,1000,global,en,en,6000,0.76654,0.85327,0.90183,0.91682,358.0
prewarm,1000,global,en,en,6500,0.78809,0.86676,0.91155,0.92922,340.0
prewarm,1000,global,en,en,7000,0.80312,0.8771,0.91942,0.94035,314.0
prewarm,2000,global,en,en,3000,0.66855,0.77072,0.80749,0.8032,1302.0
prewarm,2000,global,en,en,3500,0.69108,0.79237,0.83317,0.83084,1176.0
prewarm,2000,global,en,en,4000,0.71003,0.80811,0.85213,0.85301,1065.0
prewarm,2000,global,en,en,4500,0.72813,0.82287,0.8677,0.8722,982.0
prewarm,2000,global,en,en,5000,0.74466,0.83543,0.88173,0.88923,911.0
prewarm,2000,global,en,en,5499,0.75964,0.84717,0.89362,0.90393,837.0
prewarm,2000,global,en,en,6000,0.7748,0.85822,0.90353,0.91682,770.0
prewarm,2000,global,en,en,6500,0.79785,0.87101,0.91351,0.92922,701.0
prewarm,2000,global,en,en,7000,0.81341,0.8826,0.92151,0.94035,660.0
prewarm,3000,global,en,en,3000,0.67318,0.77187,0.80778,0.8032,2337.0
prewarm,3000,global,en,en,3500,0.70085,0.79456,0.83372,0.83084,2051.0
prewarm,3000,global,en,en,4000,0.72064,0.81185,0.85306,0.85301,1810.0
prewarm,3000,global,en,en,4500,0.74186,0.82876,0.86917,0.8722,1647.0
prewarm,3000,global,en,en,5000,0.75618,0.84157,0.88326,0.88923,1514.0
prewarm,3000,global,en,en,5499,0.77233,0.85379,0.89542,0.90393,1392.0
prewarm,3000,global,en,en,6000,0.78574,0.86479,0.90567,0.91682,1266.0
prewarm,3000,global,en,en,6500,0.79883,0.87456,0.91501,0.92922,1147.0
prewarm,3000,global,en,en,7000,0.82044,0.88615,0.92355,0.94035,1046.0
prewarm,500,task,en,zh,3000,0.66113,0.76934,0.82698,0.83436,339.0
prewarm,500,task,en,zh,3500,0.67624,0.78478,0.84967,0.85983,309.0
prewarm,500,task,en,zh,4000,0.69193,0.79831,0.8681,0.88073,293.0
prewarm,500,task,en,zh,4500,0.7097,0.81073,0.88153,0.8984,273.0
prewarm,500,task,en,zh,5000,0.7293,0.82414,0.89333,0.91255,259.0
prewarm,500,task,en,zh,5499,0.74746,0.83556,0.90306,0.92312,237.0
prewarm,500,task,en,zh,6000,0.76387,0.84673,0.91167,0.93314,220.0
prewarm,500,task,en,zh,6500,0.78275,0.8583,0.91936,0.94286,206.0
prewarm,500,task,en,zh,7000,0.79629,0.86922,0.92605,0.95091,182.0
prewarm,1000,task,en,zh,3000,0.67734,0.77694,0.82888,0.83436,693.0
prewarm,1000,task,en,zh,3500,0.69342,0.7936,0.85188,0.85983,651.0
prewarm,1000,task,en,zh,4000,0.70937,0.80776,0.87046,0.88073,611.0
prewarm,1000,task,en,zh,4500,0.72389,0.81992,0.88387,0.8984,573.0
prewarm,1000,task,en,zh,5000,0.74089,0.83218,0.89555,0.91255,528.0
prewarm,1000,task,en,zh,5499,0.76061,0.84385,0.90539,0.92312,494.0
prewarm,1000,task,en,zh,6000,0.77546,0.85443,0.91392,0.93314,467.0
prewarm,1000,task,en,zh,6500,0.79395,0.86543,0.9215,0.94286,423.0
prewarm,1000,task,en,zh,7000,0.80937,0.8764,0.92828,0.95097,394.0
prewarm,2000,task,en,zh,3000,0.69193,0.78244,0.83025,0.83436,1453.0
prewarm,2000,task,en,zh,3500,0.71224,0.80355,0.85436,0.85983,1342.0
prewarm,2000,task,en,zh,4000,0.72871,0.82052,0.87365,0.88073,1265.0
prewarm,2000,task,en,zh,4500,0.74251,0.8354,0.88775,0.8984,1165.0
prewarm,2000,task,en,zh,5000,0.75592,0.84629,0.89945,0.91255,1095.0
prewarm,2000,task,en,zh,5499,0.77168,0.85708,0.90948,0.92312,1015.0
prewarm,2000,task,en,zh,6000,0.7903,0.8672,0.91808,0.93314,930.0
prewarm,2000,task,en,zh,6500,0.80352,0.87676,0.92558,0.94286,872.0
prewarm,2000,task,en,zh,7000,0.82031,0.88698,0.93234,0.95107,793.0
prewarm,3000,task,en,zh,3000,0.69323,0.78276,0.83033,0.83436,2441.0
prewarm,3000,task,en,zh,3500,0.72188,0.80635,0.85506,0.85983,2237.0
prewarm,3000,task,en,zh,4000,0.7401,0.82567,0.87494,0.88073,2037.0
prewarm,3000,task,en,zh,4500,0.7569,0.84466,0.89007,0.8984,1910.0
prewarm,3000,task,en,zh,5000,0.76992,0.85864,0.90255,0.91255,1762.0
prewarm,3000,task,en,zh,5499,0.78288,0.86886,0.91286,0.92312,1627.0
prewarm,3000,task,en,zh,6000,0.79668,0.87843,0.92192,0.93314,1490.0
prewarm,3000,task,en,zh,6500,0.81367,0.88713,0.92947,0.94286,1365.0
prewarm,3000,task,en,zh,7000,0.8265,0.89535,0.93605,0.95106,1246.0
prewarm,500,global,en,zh,3000,0.65781,0.76805,0.82666,0.83436,260.0
prewarm,500,global,en,zh,3500,0.67331,0.78335,0.84931,0.85983,237.0
prewarm,500,global,en,zh,4000,0.68809,0.79626,0.86759,0.88073,220.0
prewarm,500,global,en,zh,4500,0.70645,0.80892,0.88111,0.8984,206.0
prewarm,500,global,en,zh,5000,0.72591,0.82202,0.89282,0.91255,194.0
prewarm,500,global,en,zh,5499,0.74479,0.83374,0.9026,0.92312,180.0
prewarm,500,global,en,zh,6000,0.76204,0.84557,0.91136,0.93314,170.0
prewarm,500,global,en,zh,6500,0.78008,0.85666,0.91896,0.94287,158.0
prewarm,500,global,en,zh,7000,0.79355,0.86764,0.92565,0.95089,140.0
prewarm,1000,global,en,zh,3000,0.67513,0.77515,0.82843,0.83436,579.0
prewarm,1000,global,en,zh,3500,0.69017,0.79132,0.85131,0.85983,516.0
prewarm,1000,global,en,zh,4000,0.7056,0.80482,0.86973,0.88073,478.0
prewarm,1000,global,en,zh,4500,0.72096,0.8168,0.88314,0.8984,448.0
prewarm,1000,global,en,zh,5000,0.73841,0.82878,0.89471,0.91255,414.0
prewarm,1000,global,en,zh,5499,0.75716,0.84022,0.90446,0.92312,383.0
prewarm,1000,global,en,zh,6000,0.77266,0.85099,0.91301,0.93314,358.0
prewarm,1000,global,en,zh,6500,0.79063,0.86206,0.92052,0.94287,340.0
prewarm,1000,global,en,zh,7000,0.80605,0.87314,0.92731,0.9509,314.0
prewarm,2000,global,en,zh,3000,0.6957,0.78185,0.83011,0.83436,1302.0
prewarm,2000,global,en,zh,3500,0.71608,0.80195,0.85396,0.85983,1176.0
prewarm,2000,global,en,zh,4000,0.73027,0.81753,0.8729,0.88073,1065.0
prewarm,2000,global,en,zh,4500,0.74447,0.83079,0.88666,0.8984,982.0
prewarm,2000,global,en,zh,5000,0.75768,0.84108,0.89798,0.91255,911.0
prewarm,2000,global,en,zh,5499,0.77331,0.8519,0.90775,0.92312,837.0
prewarm,2000,global,en,zh,6000,0.78932,0.8617,0.91617,0.93314,770.0
prewarm,2000,global,en,zh,6500,0.80417,0.87168,0.92349,0.94287,701.0
prewarm,2000,global,en,zh,7000,0.82038,0.8818,0.93023,0.95092,660.0
prewarm,3000,global,en,zh,3000,0.70299,0.78368,0.83056,0.83436,2337.0
prewarm,3000,global,en,zh,3500,0.72884,0.8055,0.85485,0.85983,2051.0
prewarm,3000,global,en,zh,4000,0.74844,0.82453,0.87465,0.88073,1810.0
prewarm,3000,global,en,zh,4500,0.76602,0.84071,0.88914,0.8984,1647.0
prewarm,3000,global,en,zh,5000,0.77773,0.85238,0.90079,0.91255,1514.0
prewarm,3000,global,en,zh,5499,0.78952,0.86224,0.91057,0.92312,1392.0
prewarm,3000,global,en,zh,6000,0.80293,0.87191,0.91921,0.93314,1266.0
prewarm,3000,global,en,zh,6500,0.81699,0.8805,0.92641,0.94287,1147.0
prewarm,3000,global,en,zh,7000,0.8319,0.88958,0.93326,0.95092,1046.0
prewarm,500,task,zh,code,3000,0.60358,0.74696,0.79626,0.83102,297.0
prewarm,500,task,zh,code,3500,0.62617,0.76589,0.81788,0.85608,272.0
prewarm,500,task,zh,code,4000,0.64479,0.78099,0.83534,0.87692,264.0
prewarm,500,task,zh,code,4500,0.66367,0.79502,0.85055,0.89154,250.0
prewarm,500,task,zh,code,5000,0.68789,0.80967,0.86457,0.9063,244.0
prewarm,500,task,zh,code,5499,0.70697,0.82378,0.87817,0.91821,229.0
prewarm,500,task,zh,code,6000,0.73001,0.8397,0.89146,0.92766,203.0
prewarm,500,task,zh,code,6500,0.75143,0.85316,0.90165,0.9363,191.0
prewarm,500,task,zh,code,7000,0.76862,0.86536,0.91072,0.94521,175.0
prewarm,1000,task,zh,code,3000,0.61784,0.75291,0.79775,0.83102,679.0
prewarm,1000,task,zh,code,3500,0.63789,0.77173,0.81934,0.85608,647.0
prewarm,1000,task,zh,code,4000,0.65697,0.78755,0.83698,0.87692,613.0
prewarm,1000,task,zh,code,4500,0.67285,0.80021,0.85192,0.89154,579.0
prewarm,1000,task,zh,code,5000,0.69525,0.81398,0.86602,0.9063,553.0
prewarm,1000,task,zh,code,5499,0.7166,0.82835,0.87992,0.91821,528.0
prewarm,1000,task,zh,code,6000,0.73659,0.84269,0.89282,0.92766,483.0
prewarm,1000,task,zh,code,6500,0.75664,0.85648,0.90338,0.9363,433.0
prewarm,1000,task,zh,code,7000,0.77422,0.86864,0.91235,0.94521,406.0
prewarm,2000,task,zh,code,3000,0.63796,0.75861,0.79918,0.83102,1512.0
prewarm,2000,task,zh,code,3500,0.65234,0.77897,0.82115,0.85608,1398.0
prewarm,2000,task,zh,code,4000,0.66927,0.79539,0.83894,0.87692,1329.0
prewarm,2000,task,zh,code,4500,0.68939,0.81017,0.85444,0.89154,1241.0
prewarm,2000,task,zh,code,5000,0.70488,0.82201,0.86845,0.9063,1164.0
prewarm,2000,task,zh,code,5499,0.72363,0.8339,0.88228,0.91821,1099.0
prewarm,2000,task,zh,code,6000,0.74329,0.84704,0.89526,0.92766,1029.0
prewarm,2000,task,zh,code,6500,0.76237,0.86038,0.90627,0.9363,958.0
prewarm,2000,task,zh,code,7000,0.78184,0.87347,0.91558,0.94521,876.0
prewarm,3000,task,zh,code,3000,0.65312,0.7624,0.80013,0.83102,2547.0
prewarm,3000,task,zh,code,3500,0.67865,0.78568,0.82283,0.85608,2364.0
prewarm,3000,task,zh,code,4000,0.69655,0.80392,0.84108,0.87692,2131.0
prewarm,3000,task,zh,code,4500,0.71035,0.82,0.8569,0.89154,1974.0
prewarm,3000,task,zh,code,5000,0.72526,0.83306,0.87123,0.9063,1839.0
prewarm,3000,task,zh,code,5499,0.73965,0.84385,0.88512,0.91821,1692.0
prewarm,3000,task,zh,code,6000,0.75521,0.85428,0.898,0.92766,1576.0
prewarm,3000,task,zh,code,6500,0.77363,0.86615,0.90916,0.9363,1456.0
prewarm,3000,task,zh,code,7000,0.79043,0.87804,0.91856,0.94521,1329.0
prewarm,500,global,zh,code,3000,0.60605,0.74762,0.79643,0.83102,184.0
prewarm,500,global,zh,code,3500,0.62663,0.76647,0.81803,0.85608,164.0
prewarm,500,global,zh,code,4000,0.64434,0.78092,0.83533,0.87692,153.0
prewarm,500,global,zh,code,4500,0.66536,0.79521,0.85056,0.89154,122.0
prewarm,500,global,zh,code,5000,0.68646,0.8089,0.86416,0.9063,107.0
prewarm,500,global,zh,code,5499,0.70612,0.82311,0.87765,0.91821,94.0
prewarm,500,global,zh,code,6000,0.72793,0.83875,0.89076,0.92766,81.0
prewarm,500,global,zh,code,6500,0.74928,0.85226,0.90092,0.9363,73.0
prewarm,500,global,zh,code,7000,0.76725,0.86442,0.90986,0.94521,62.0
prewarm,1000,global,zh,code,3000,0.62109,0.75373,0.79796,0.83102,501.0
prewarm,1000,global,zh,code,3500,0.64147,0.77233,0.81949,0.85608,448.0
prewarm,1000,global,zh,code,4000,0.65697,0.78781,0.83705,0.87692,414.0
prewarm,1000,global,zh,code,4500,0.67487,0.8006,0.85192,0.89154,349.0
prewarm,1000,global,zh,code,5000,0.69583,0.81403,0.86557,0.9063,296.0
prewarm,1000,global,zh,code,5499,0.71419,0.82739,0.879,0.91821,265.0
prewarm,1000,global,zh,code,6000,0.73587,0.84248,0.89195,0.92766,229.0
prewarm,1000,global,zh,code,6500,0.75658,0.85549,0.90222,0.9363,199.0
prewarm,1000,global,zh,code,7000,0.77266,0.86719,0.91097,0.94521,173.0
prewarm,2000,global,zh,code,3000,0.64557,0.76089,0.79975,0.83102,1267.0
prewarm,2000,global,zh,code,3500,0.661,0.78133,0.82174,0.85608,1130.0
prewarm,2000,global,zh,code,4000,0.67884,0.79777,0.83954,0.87692,1040.0
prewarm,2000,global,zh,code,4500,0.69525,0.81164,0.85468,0.89154,930.0
prewarm,2000,global,zh,code,5000,0.71061,0.82347,0.86804,0.9063,795.0
prewarm,2000,global,zh,code,5499,0.72949,0.83522,0.88153,0.91821,680.0
prewarm,2000,global,zh,code,6000,0.74655,0.84753,0.89381,0.92766,590.0
prewarm,2000,global,zh,code,6500,0.7653,0.8613,0.90469,0.9363,525.0
prewarm,2000,global,zh,code,7000,0.78294,0.87298,0.91324,0.94521,467.0
prewarm,3000,global,zh,code,3000,0.66068,0.76466,0.80069,0.83102,2310.0
prewarm,3000,global,zh,code,3500,0.68184,0.78665,0.82308,0.85608,2017.0
prewarm,3000,global,zh,code,4000,0.69915,0.80482,0.8413,0.87692,1735.0
prewarm,3000,global,zh,code,4500,0.71309,0.81963,0.85668,0.89154,1573.0
prewarm,3000,global,zh,code,5000,0.72832,0.83239,0.87027,0.9063,1388.0
prewarm,3000,global,zh,code,5499,0.74095,0.84255,0.88347,0.91821,1203.0
prewarm,3000,global,zh,code,6000,0.75898,0.8535,0.89582,0.92766,1038.0
prewarm,3000,global,zh,code,6500,0.77461,0.86496,0.90619,0.9363,917.0
prewarm,3000,global,zh,code,7000,0.79206,0.87703,0.91507,0.94521,815.0
prewarm,500,task,zh,en,3000,0.62982,0.75827,0.80437,0.8032,296.0
prewarm,500,task,zh,en,3500,0.65273,0.77738,0.82942,0.83084,272.0
prewarm,500,task,zh,en,4000,0.66953,0.79128,0.84792,0.85301,255.0
prewarm,500,task,zh,en,4500,0.69544,0.80716,0.86375,0.8722,203.0
prewarm,500,task,zh,en,5000,0.72122,0.82415,0.87855,0.88923,170.0
prewarm,500,task,zh,en,5499,0.74062,0.83942,0.89095,0.90393,155.0
prewarm,500,task,zh,en,6000,0.76035,0.85409,0.90176,0.91682,144.0
prewarm,500,task,zh,en,6500,0.77734,0.86732,0.91134,0.92922,131.0
prewarm,500,task,zh,en,7000,0.79173,0.87829,0.91948,0.94035,118.0
prewarm,1000,task,zh,en,3000,0.64303,0.76304,0.80557,0.8032,680.0
prewarm,1000,task,zh,en,3500,0.66764,0.78332,0.83091,0.83084,635.0
prewarm,1000,task,zh,en,4000,0.68477,0.79751,0.84948,0.85301,595.0
prewarm,1000,task,zh,en,4500,0.70078,0.81053,0.8646,0.8722,538.0
prewarm,1000,task,zh,en,5000,0.72839,0.82653,0.87937,0.88923,412.0
prewarm,1000,task,zh,en,5499,0.74876,0.84147,0.89171,0.90393,366.0
prewarm,1000,task,zh,en,6000,0.76816,0.85687,0.90272,0.91682,329.0
prewarm,1000,task,zh,en,6500,0.7832,0.86966,0.9124,0.92922,306.0
prewarm,1000,task,zh,en,7000,0.79746,0.88065,0.92008,0.94035,276.0
prewarm,2000,task,zh,en,3000,0.66426,0.76951,0.80719,0.8032,1500.0
prewarm,2000,task,zh,en,3500,0.6832,0.79085,0.83279,0.83084,1386.0
prewarm,2000,task,zh,en,4000,0.70078,0.80604,0.85161,0.85301,1281.0
prewarm,2000,task,zh,en,4500,0.71947,0.81953,0.86686,0.8722,1179.0
prewarm,2000,task,zh,en,5000,0.73353,0.8318,0.88093,0.88923,1058.0
prewarm,2000,task,zh,en,5499,0.75801,0.84621,0.89345,0.90393,862.0
prewarm,2000,task,zh,en,6000,0.77604,0.85965,0.90402,0.91682,760.0
prewarm,2000,task,zh,en,6500,0.79316,0.87298,0.91417,0.92922,689.0
prewarm,2000,task,zh,en,7000,0.80833,0.88501,0.92221,0.94035,630.0
prewarm,3000,task,zh,en,3000,0.67747,0.77282,0.80801,0.8032,2496.0
prewarm,3000,task,zh,en,3500,0.70098,0.79564,0.83399,0.83084,2296.0
prewarm,3000,task,zh,en,4000,0.71803,0.81226,0.85317,0.85301,2095.0
prewarm,3000,task,zh,en,4500,0.7349,0.82773,0.86891,0.8722,1906.0
prewarm,3000,task,zh,en,5000,0.7543,0.8417,0.88341,0.88923,1738.0
prewarm,3000,task,zh,en,5499,0.76693,0.85282,0.89526,0.90393,1551.0
prewarm,3000,task,zh,en,6000,0.786,0.86499,0.90601,0.91682,1309.0
prewarm,3000,task,zh,en,6500,0.80273,0.87728,0.91598,0.92922,1167.0
prewarm,3000,task,zh,en,7000,0.81816,0.88903,0.92452,0.94035,1049.0
prewarm,500,global,zh,en,3000,0.62995,0.75833,0.80439,0.8032,184.0
prewarm,500,global,zh,en,3500,0.64974,0.77619,0.82913,0.83084,164.0
prewarm,500,global,zh,en,4000,0.66608,0.79082,0.84781,0.85301,153.0
prewarm,500,global,zh,en,4500,0.69479,0.80666,0.86364,0.8722,122.0
prewarm,500,global,zh,en,5000,0.72018,0.82355,0.87839,0.88923,107.0
prewarm,500,global,zh,en,5499,0.73887,0.83932,0.89084,0.90393,94.0
prewarm,500,global,zh,en,6000,0.75892,0.85342,0.9015,0.91682,81.0
prewarm,500,global,zh,en,6500,0.77539,0.86652,0.911,0.92922,73.0
prewarm,500,global,zh,en,7000,0.79069,0.87773,0.91934,0.94035,62.0
prewarm,1000,global,zh,en,3000,0.63835,0.76208,0.80533,0.8032,501.0
prewarm,1000,global,zh,en,3500,0.66276,0.78158,0.83047,0.83084,448.0
prewarm,1000,global,zh,en,4000,0.67891,0.79548,0.84897,0.85301,414.0
prewarm,1000,global,zh,en,4500,0.6972,0.8092,0.86427,0.8722,349.0
prewarm,1000,global,zh,en,5000,0.72493,0.82563,0.87916,0.88923,296.0
prewarm,1000,global,zh,en,5499,0.7431,0.83932,0.89114,0.90393,265.0
prewarm,1000,global,zh,en,6000,0.76322,0.85428,0.90211,0.91682,229.0
prewarm,1000,global,zh,en,6500,0.77962,0.86813,0.91187,0.92922,199.0
prewarm,1000,global,zh,en,7000,0.79414,0.87882,0.91975,0.94035,173.0
prewarm,2000,global,zh,en,3000,0.66022,0.76864,0.80697,0.8032,1267.0
prewarm,2000,global,zh,en,3500,0.67793,0.78853,0.83221,0.83084,1130.0
prewarm,2000,global,zh,en,4000,0.69746,0.80423,0.85116,0.85301,1040.0
prewarm,2000,global,zh,en,4500,0.71341,0.81787,0.86645,0.8722,930.0
prewarm,2000,global,zh,en,5000,0.72858,0.82972,0.8803,0.88923,795.0
prewarm,2000,global,zh,en,5499,0.75488,0.84465,0.89303,0.90393,680.0
prewarm,2000,global,zh,en,6000,0.77155,0.85819,0.90359,0.91682,590.0
prewarm,2000,global,zh,en,6500,0.78815,0.87096,0.91358,0.92922,525.0
prewarm,2000,global,zh,en,7000,0.80221,0.88244,0.92156,0.94035,467.0
prewarm,3000,global,zh,en,3000,0.67318,0.77187,0.80778,0.8032,2310.0
prewarm,3000,global,zh,en,3500,0.69616,0.79339,0.83343,0.83084,2017.0
prewarm,3000,global,zh,en,4000,0.711,0.80941,0.85245,0.85301,1735.0
prewarm,3000,global,zh,en,4500,0.72832,0.82489,0.8682,0.8722,1573.0
prewarm,3000,global,zh,en,5000,0.74388,0.83783,0.88232,0.88923,1388.0
prewarm,3000,global,zh,en,5499,0.75671,0.84902,0.89423,0.90393,1203.0
prewarm,3000,global,zh,en,6000,0.7791,0.86177,0.90496,0.91682,1038.0
prewarm,3000,global,zh,en,6500,0.7946,0.87432,0.915,0.92922,917.0
prewarm,3000,global,zh,en,7000,0.80977,0.88535,0.92334,0.94035,815.0
prewarm,500,task,zh,zh,3000,0.64128,0.76618,0.82619,0.83436,145.0
prewarm,500,task,zh,zh,3500,0.66387,0.78389,0.84945,0.85983,131.0
prewarm,500,task,zh,zh,4000,0.68568,0.80161,0.86892,0.88073,118.0
prewarm,500,task,zh,zh,4500,0.70853,0.82021,0.88381,0.8984,101.0
prewarm,500,task,zh,zh,5000,0.72813,0.83805,0.897,0.91255,91.0
prewarm,500,task,zh,zh,5499,0.7485,0.85589,0.9088,0.92312,80.0
prewarm,500,task,zh,zh,6000,0.76868,0.87072,0.91927,0.93314,67.0
prewarm,500,task,zh,zh,6500,0.78945,0.88203,0.92802,0.94286,58.0
prewarm,500,task,zh,zh,7000,0.80417,0.89186,0.93529,0.95101,51.0
prewarm,1000,task,zh,zh,3000,0.65742,0.77277,0.82784,0.83436,379.0
prewarm,1000,task,zh,zh,3500,0.67422,0.79027,0.85104,0.85983,334.0
prewarm,1000,task,zh,zh,4000,0.69798,0.80776,0.87046,0.88073,310.0
prewarm,1000,task,zh,zh,4500,0.71849,0.82448,0.88495,0.8984,265.0
prewarm,1000,task,zh,zh,5000,0.7375,0.84185,0.89795,0.91255,240.0
prewarm,1000,task,zh,zh,5499,0.7569,0.85837,0.90931,0.92312,208.0
prewarm,1000,task,zh,zh,6000,0.77604,0.87331,0.91983,0.93314,177.0
prewarm,1000,task,zh,zh,6500,0.7957,0.88442,0.9285,0.94286,155.0
prewarm,1000,task,zh,zh,7000,0.81009,0.89416,0.93593,0.95097,132.0
prewarm,2000,task,zh,zh,3000,0.68405,0.78047,0.82976,0.83436,938.0
prewarm,2000,task,zh,zh,3500,0.69655,0.79972,0.85341,0.85983,807.0
prewarm,2000,task,zh,zh,4000,0.70957,0.81606,0.87254,0.88073,707.0
prewarm,2000,task,zh,zh,4500,0.72982,0.83286,0.88712,0.8984,606.0
prewarm,2000,task,zh,zh,5000,0.7487,0.84735,0.89966,0.91255,525.0
prewarm,2000,task,zh,zh,5499,0.76576,0.86276,0.91096,0.92312,453.0
prewarm,2000,task,zh,zh,6000,0.78457,0.87783,0.92132,0.93314,390.0
prewarm,2000,task,zh,zh,6500,0.80352,0.88888,0.92985,0.94286,342.0
prewarm,2000,task,zh,zh,7000,0.81784,0.89801,0.93726,0.95105,296.0
prewarm,3000,task,zh,zh,3000,0.69323,0.78276,0.83033,0.83436,2002.0
prewarm,3000,task,zh,zh,3500,0.71712,0.80516,0.85476,0.85983,1538.0
prewarm,3000,task,zh,zh,4000,0.73184,0.8236,0.87442,0.88073,1262.0
prewarm,3000,task,zh,zh,4500,0.74167,0.84087,0.88912,0.8984,1095.0
prewarm,3000,task,zh,zh,5000,0.75638,0.85511,0.90166,0.91255,928.0
prewarm,3000,task,zh,zh,5499,0.775,0.86844,0.91273,0.92312,802.0
prewarm,3000,task,zh,zh,6000,0.78958,0.88096,0.92269,0.93314,682.0
prewarm,3000,task,zh,zh,6500,0.8084,0.89349,0.9316,0.94286,587.0
prewarm,3000,task,zh,zh,7000,0.82422,0.9026,0.93897,0.95106,514.0
prewarm,500,global,zh,zh,3000,0.64193,0.76632,0.82622,0.83436,184.0
prewarm,500,global,zh,zh,3500,0.66452,0.78447,0.84959,0.85983,164.0
prewarm,500,global,zh,zh,4000,0.68522,0.80174,0.86896,0.88073,153.0
prewarm,500,global,zh,zh,4500,0.70827,0.82041,0.8839,0.8984,122.0
prewarm,500,global,zh,zh,5000,0.72715,0.83809,0.89703,0.91255,107.0
prewarm,500,global,zh,zh,5499,0.74753,0.85568,0.90874,0.92312,94.0
prewarm,500,global,zh,zh,6000,0.76875,0.871,0.91939,0.93314,81.0
prewarm,500,global,zh,zh,6500,0.78965,0.88237,0.92816,0.94287,73.0
prewarm,500,global,zh,zh,7000,0.80423,0.89212,0.93549,0.95102,62.0
prewarm,1000,global,zh,zh,3000,0.65911,0.77238,0.82774,0.83436,501.0
prewarm,1000,global,zh,zh,3500,0.67546,0.78984,0.85094,0.85983,448.0
prewarm,1000,global,zh,zh,4000,0.69714,0.8062,0.87007,0.88073,414.0
prewarm,1000,global,zh,zh,4500,0.71706,0.8231,0.88465,0.8984,349.0
prewarm,1000,global,zh,zh,5000,0.7375,0.84211,0.89799,0.91255,296.0
prewarm,1000,global,zh,zh,5499,0.75495,0.85825,0.90924,0.92312,265.0
prewarm,1000,global,zh,zh,6000,0.77578,0.87378,0.92001,0.93314,229.0
prewarm,1000,global,zh,zh,6500,0.79544,0.88498,0.92865,0.94287,199.0
prewarm,1000,global,zh,zh,7000,0.8097,0.89479,0.93622,0.95092,173.0
prewarm,2000,global,zh,zh,3000,0.68958,0.78032,0.82972,0.83436,1267.0
prewarm,2000,global,zh,zh,3500,0.70345,0.79922,0.85328,0.85983,1130.0
prewarm,2000,global,zh,zh,4000,0.71595,0.81551,0.8724,0.88073,1040.0
prewarm,2000,global,zh,zh,4500,0.73457,0.83027,0.88653,0.8984,930.0
prewarm,2000,global,zh,zh,5000,0.75273,0.84613,0.89919,0.91255,795.0
prewarm,2000,global,zh,zh,5499,0.7722,0.86315,0.91061,0.92312,680.0
prewarm,2000,global,zh,zh,6000,0.78945,0.87848,0.92098,0.93314,590.0
prewarm,2000,global,zh,zh,6500,0.80677,0.89076,0.92974,0.94287,525.0
prewarm,2000,global,zh,zh,7000,0.82383,0.90075,0.93762,0.95092,467.0
prewarm,3000,global,zh,zh,3000,0.70299,0.78368,0.83056,0.83436,2310.0
prewarm,3000,global,zh,zh,3500,0.72441,0.80439,0.85457,0.85983,2017.0
prewarm,3000,global,zh,zh,4000,0.74173,0.82285,0.87424,0.88073,1735.0
prewarm,3000,global,zh,zh,4500,0.75241,0.83848,0.88858,0.8984,1573.0
prewarm,3000,global,zh,zh,5000,0.7681,0.85127,0.90051,0.91255,1388.0
prewarm,3000,global,zh,zh,5499,0.78301,0.86496,0.91121,0.92312,1203.0
prewarm,3000,global,zh,zh,6000,0.80013,0.88063,0.92148,0.93314,1038.0
prewarm,3000,global,zh,zh,6500,0.81576,0.89443,0.93054,0.94287,917.0
prewarm,3000,global,zh,zh,7000,0.83346,0.90495,0.93847,0.95092,815.0
prewarm,500,task,cold,code,3000,0.54518,0.73109,0.7923,0.83102,500.0
prewarm,500,task,cold,code,3500,0.54518,0.74128,0.81173,0.85608,500.0
prewarm,500,task,cold,code,4000,0.54518,0.74596,0.82659,0.87692,500.0
prewarm,500,task,cold,code,4500,0.54518,0.74709,0.83855,0.89154,500.0
prewarm,500,task,cold,code,5000,0.54518,0.7471,0.84867,0.9063,500.0
prewarm,500,task,cold,code,5499,0.54518,0.7471,0.85807,0.91821,500.0
prewarm,500,task,cold,code,6000,0.54518,0.7471,0.86578,0.92766,500.0
prewarm,500,task,cold,code,6500,0.54518,0.7471,0.87097,0.9363,500.0
prewarm,500,task,cold,code,7000,0.54518,0.7471,0.8743,0.94521,500.0
prewarm,1000,task,cold,code,3000,0.58021,0.74307,0.79529,0.83102,1000.0
prewarm,1000,task,cold,code,3500,0.58021,0.75547,0.81528,0.85608,1000.0
prewarm,1000,task,cold,code,4000,0.58021,0.76206,0.83061,0.87692,1000.0
prewarm,1000,task,cold,code,4500,0.58021,0.7646,0.84302,0.89154,1000.0
prewarm,1000,task,cold,code,5000,0.58021,0.76489,0.85362,0.9063,1000.0
prewarm,1000,task,cold,code,5499,0.58021,0.76489,0.86342,0.91821,1000.0
prewarm,1000,task,cold,code,6000,0.58021,0.76489,0.87153,0.92766,1000.0
prewarm,1000,task,cold,code,6500,0.58021,0.76489,0.87708,0.9363,1000.0
prewarm,1000,task,cold,code,7000,0.58021,0.76489,0.88066,0.94521,1000.0
prewarm,2000,task,cold,code,3000,0.63079,0.75682,0.79873,0.83102,2000.0
prewarm,2000,task,cold,code,3500,0.63392,0.77435,0.82,0.85608,2000.0
prewarm,2000,task,cold,code,4000,0.63392,0.78579,0.83654,0.87692,2000.0
prewarm,2000,task,cold,code,4500,0.63392,0.793,0.85015,0.89154,2000.0
prewarm,2000,task,cold,code,5000,0.63392,0.79572,0.86188,0.9063,2000.0
prewarm,2000,task,cold,code,5499,0.63392,0.79596,0.87267,0.91821,2000.0
prewarm,2000,task,cold,code,6000,0.63392,0.79596,0.88184,0.92766,2000.0
prewarm,2000,task,cold,code,6500,0.63392,0.79596,0.88828,0.9363,2000.0
prewarm,2000,task,cold,code,7000,0.63392,0.79596,0.89267,0.94521,2000.0
prewarm,3000,task,cold,code,3000,0.65312,0.7624,0.80013,0.83102,3000.0
prewarm,3000,task,cold,code,3500,0.67728,0.78534,0.82275,0.85608,3000.0
prewarm,3000,task,cold,code,4000,0.68861,0.80194,0.84058,0.87692,3000.0
prewarm,3000,task,cold,code,4500,0.68971,0.81462,0.85555,0.89154,3000.0
prewarm,3000,task,cold,code,5000,0.68971,0.82248,0.86859,0.9063,3000.0
prewarm,3000,task,cold,code,5499,0.68971,0.82539,0.88051,0.91821,3000.0
prewarm,3000,task,cold,code,6000,0.68971,0.82594,0.89081,0.92766,3000.0
prewarm,3000,task,cold,code,6500,0.68971,0.82594,0.89847,0.9363,3000.0
prewarm,3000,task,cold,code,7000,0.68971,0.82594,0.90369,0.94521,3000.0
prewarm,500,global,cold,code,3000,0.54961,0.73226,0.79259,0.83102,500.0
prewarm,500,global,cold,code,3500,0.54961,0.74235,0.812,0.85608,500.0
prewarm,500,global,cold,code,4000,0.54961,0.74692,0.82683,0.87692,500.0
prewarm,500,global,cold,code,4500,0.54961,0.74787,0.8387,0.89154,500.0
prewarm,500,global,cold,code,5000,0.54961,0.74788,0.84864,0.9063,500.0
prewarm,500,global,cold,code,5499,0.54961,0.74788,0.85786,0.91821,500.0
prewarm,500,global,cold,code,6000,0.54961,0.74788,0.86551,0.92766,500.0
prewarm,500,global,cold,code,6500,0.54961,0.74788,0.87062,0.9363,500.0
prewarm,500,global,cold,code,7000,0.54961,0.74788,0.87386,0.94521,500.0
prewarm,1000,global,cold,code,3000,0.58633,0.74466,0.79569,0.83102,1000.0
prewarm,1000,global,cold,code,3500,0.58633,0.75682,0.81562,0.85608,1000.0
prewarm,1000,global,cold,code,4000,0.58633,0.76364,0.83101,0.87692,1000.0
prewarm,1000,global,cold,code,4500,0.58633,0.76572,0.8432,0.89154,1000.0
prewarm,1000,global,cold,code,5000,0.58633,0.76593,0.85341,0.9063,1000.0
prewarm,1000,global,cold,code,5499,0.58633,0.76593,0.86302,0.91821,1000.0
prewarm,1000,global,cold,code,6000,0.58633,0.76593,0.871,0.92766,1000.0
prewarm,1000,global,cold,code,6500,0.58633,0.76593,0.87644,0.9363,1000.0
prewarm,1000,global,cold,code,7000,0.58633,0.76593,0.8799,0.94521,1000.0
prewarm,2000,global,cold,code,3000,0.63887,0.75921,0.79933,0.83102,2000.0
prewarm,2000,global,cold,code,3500,0.64186,0.77651,0.82054,0.85608,2000.0
prewarm,2000,global,cold,code,4000,0.64186,0.78786,0.83706,0.87692,2000.0
prewarm,2000,global,cold,code,4500,0.64186,0.79414,0.85031,0.89154,2000.0
prewarm,2000,global,cold,code,5000,0.64186,0.79686,0.86139,0.9063,2000.0
prewarm,2000,global,cold,code,5499,0.64186,0.79704,0.87186,0.91821,2000.0
prewarm,2000,global,cold,code,6000,0.64186,0.79704,0.8806,0.92766,2000.0
prewarm,2000,global,cold,code,6500,0.64186,0.79704,0.88673,0.9363,2000.0
prewarm,2000,global,cold,code,7000,0.64186,0.79704,0.89068,0.94521,2000.0
prewarm,3000,global,cold,code,3000,0.66068,0.76466,0.80069,0.83102,3000.0
prewarm,3000,global,cold,code,3500,0.68053,0.78633,0.82299,0.85608,3000.0
prewarm,3000,global,cold,code,4000,0.69043,0.80264,0.84076,0.87692,3000.0
prewarm,3000,global,cold,code,4500,0.69134,0.81398,0.85527,0.89154,3000.0
prewarm,3000,global,cold,code,5000,0.69134,0.82093,0.86741,0.9063,3000.0
prewarm,3000,global,cold,code,5499,0.69134,0.82402,0.87884,0.91821,3000.0
prewarm,3000,global,cold,code,6000,0.69134,0.82424,0.88842,0.92766,3000.0
prewarm,3000,global,cold,code,6500,0.69134,0.82424,0.89542,0.9363,3000.0
prewarm,3000,global,cold,code,7000,0.69134,0.82424,0.90008,0.94521,3000.0
prewarm,500,task,cold,en,3000,0.56315,0.7388,0.79951,0.8032,500.0
prewarm,500,task,cold,en,3500,0.56315,0.74826,0.82214,0.83084,500.0
prewarm,500,task,cold,en,4000,0.56315,0.75164,0.83801,0.85301,500.0
prewarm,500,task,cold,en,4500,0.56315,0.75218,0.84994,0.8722,500.0
prewarm,500,task,cold,en,5000,0.56315,0.75218,0.86001,0.88923,500.0
prewarm,500,task,cold,en,5499,0.56315,0.75218,0.86748,0.90393,500.0
prewarm,500,task,cold,en,6000,0.56315,0.75218,0.87267,0.91682,500.0
prewarm,500,task,cold,en,6500,0.56315,0.75218,0.87677,0.92922,500.0
prewarm,500,task,cold,en,7000,0.56315,0.75218,0.87896,0.94035,500.0
prewarm,1000,task,cold,en,3000,0.60065,0.75129,0.80263,0.8032,1000.0
prewarm,1000,task,cold,en,3500,0.60065,0.76281,0.82578,0.83084,1000.0
prewarm,1000,task,cold,en,4000,0.60065,0.76787,0.84207,0.85301,1000.0
prewarm,1000,task,cold,en,4500,0.60065,0.76948,0.85434,0.8722,1000.0
prewarm,1000,task,cold,en,5000,0.60065,0.76951,0.86485,0.88923,1000.0
prewarm,1000,task,cold,en,5499,0.60065,0.76951,0.87268,0.90393,1000.0
prewarm,1000,task,cold,en,6000,0.60065,0.76951,0.87819,0.91682,1000.0
prewarm,1000,task,cold,en,6500,0.60065,0.76951,0.8826,0.92922,1000.0
prewarm,1000,task,cold,en,7000,0.60065,0.76951,0.88501,0.94035,1000.0
prewarm,2000,task,cold,en,3000,0.65658,0.76759,0.80671,0.8032,2000.0
prewarm,2000,task,cold,en,3500,0.65931,0.78451,0.83121,0.83084,2000.0
prewarm,2000,task,cold,en,4000,0.65931,0.79388,0.84857,0.85301,2000.0
prewarm,2000,task,cold,en,4500,0.65931,0.7992,0.86178,0.8722,2000.0
prewarm,2000,task,cold,en,5000,0.65931,0.80109,0.87325,0.88923,2000.0
prewarm,2000,task,cold,en,5499,0.65931,0.80117,0.88195,0.90393,2000.0
prewarm,2000,task,cold,en,6000,0.65931,0.80117,0.88838,0.91682,2000.0
prewarm,2000,task,cold,en,6500,0.65931,0.80117,0.89349,0.92922,2000.0
prewarm,2000,task,cold,en,7000,0.65931,0.80117,0.89652,0.94035,2000.0
prewarm,3000,task,cold,en,3000,0.67747,0.77282,0.80801,0.8032,3000.0
prewarm,3000,task,cold,en,3500,0.69928,0.79521,0.83388,0.83084,3000.0
prewarm,3000,task,cold,en,4000,0.70996,0.81024,0.85266,0.85301,3000.0
prewarm,3000,task,cold,en,4500,0.71048,0.82091,0.8672,0.8722,3000.0
prewarm,3000,task,cold,en,5000,0.71048,0.82765,0.8799,0.88923,3000.0
prewarm,3000,task,cold,en,5499,0.71048,0.83042,0.88966,0.90393,3000.0
prewarm,3000,task,cold,en,6000,0.71048,0.83053,0.89719,0.91682,3000.0
prewarm,3000,task,cold,en,6500,0.71048,0.83053,0.90334,0.92922,3000.0
prewarm,3000,task,cold,en,7000,0.71048,0.83053,0.90731,0.94035,3000.0
prewarm,500,global,cold,en,3000,0.56465,0.73958,0.7997,0.8032,500.0
prewarm,500,global,cold,en,3500,0.56465,0.74873,0.82226,0.83084,500.0
prewarm,500,global,cold,en,4000,0.56465,0.75223,0.83816,0.85301,500.0
prewarm,500,global,cold,en,4500,0.56465,0.75286,0.85012,0.8722,500.0
prewarm,500,global,cold,en,5000,0.56465,0.75286,0.86021,0.88923,500.0
prewarm,500,global,cold,en,5499,0.56465,0.75286,0.86761,0.90393,500.0
prewarm,500,global,cold,en,6000,0.56465,0.75286,0.87275,0.91682,500.0
prewarm,500,global,cold,en,6500,0.56465,0.75286,0.87679,0.92922,500.0
prewarm,500,global,cold,en,7000,0.56465,0.75286,0.87901,0.94035,500.0
prewarm,1000,global,cold,en,3000,0.60091,0.75182,0.80276,0.8032,1000.0
prewarm,1000,global,cold,en,3500,0.60091,0.763,0.82583,0.83084,1000.0
prewarm,1000,global,cold,en,4000,0.60091,0.76839,0.8422,0.85301,1000.0
prewarm,1000,global,cold,en,4500,0.60091,0.77007,0.85449,0.8722,1000.0
prewarm,1000,global,cold,en,5000,0.60091,0.77012,0.86502,0.88923,1000.0
prewarm,1000,global,cold,en,5499,0.60091,0.77012,0.87282,0.90393,1000.0
prewarm,1000,global,cold,en,6000,0.60091,0.77012,0.87834,0.91682,1000.0
prewarm,1000,global,cold,en,6500,0.60091,0.77012,0.88263,0.92922,1000.0
prewarm,1000,global,cold,en,7000,0.60091,0.77012,0.88515,0.94035,1000.0
prewarm,2000,global,cold,en,3000,0.65306,0.76685,0.80652,0.8032,2000.0
prewarm,2000,global,cold,en,3500,0.65573,0.78276,0.83077,0.83084,2000.0
prewarm,2000,global,cold,en,4000,0.65573,0.79238,0.8482,0.85301,2000.0
prewarm,2000,global,cold,en,4500,0.65573,0.79829,0.86155,0.8722,2000.0
prewarm,2000,global,cold,en,5000,0.65573,0.80037,0.87296,0.88923,2000.0
prewarm,2000,global,cold,en,5499,0.65573,0.80042,0.88175,0.90393,2000.0
prewarm,2000,global,cold,en,6000,0.65573,0.80042,0.88812,0.91682,2000.0
prewarm,2000,global,cold,en,6500,0.65573,0.80042,0.8932,0.92922,2000.0
prewarm,2000,global,cold,en,7000,0.65573,0.80042,0.89636,0.94035,2000.0
prewarm,3000,global,cold,en,3000,0.67318,0.77187,0.80778,0.8032,3000.0
prewarm,3000,global,cold,en,3500,0.69473,0.79303,0.83334,0.83084,3000.0
prewarm,3000,global,cold,en,4000,0.70332,0.80749,0.85197,0.85301,3000.0
prewarm,3000,global,cold,en,4500,0.7041,0.81834,0.86656,0.8722,3000.0
prewarm,3000,global,cold,en,5000,0.7041,0.82513,0.87915,0.88923,3000.0
prewarm,3000,global,cold,en,5499,0.7041,0.82835,0.88906,0.90393,3000.0
prewarm,3000,global,cold,en,6000,0.7041,0.82861,0.8965,0.91682,3000.0
prewarm,3000,global,cold,en,6500,0.7041,0.82861,0.90263,0.92922,3000.0
prewarm,3000,global,cold,en,7000,0.7041,0.82861,0.90674,0.94035,3000.0
prewarm,500,task,cold,zh,3000,0.58392,0.74681,0.82135,0.83436,500.0
prewarm,500,task,cold,zh,3500,0.58392,0.75415,0.84201,0.85983,500.0
prewarm,500,task,cold,zh,4000,0.58392,0.75718,0.8578,0.88073,500.0
prewarm,500,task,cold,zh,4500,0.58392,0.75781,0.86814,0.8984,500.0
prewarm,500,task,cold,zh,5000,0.58392,0.75781,0.87597,0.91255,500.0
prewarm,500,task,cold,zh,5499,0.58392,0.75781,0.88152,0.92312,500.0
prewarm,500,task,cold,zh,6000,0.58392,0.75781,0.8855,0.93314,500.0
prewarm,500,task,cold,zh,6500,0.58392,0.75781,0.88785,0.94286,500.0
prewarm,500,task,cold,zh,7000,0.58392,0.75781,0.889,0.95071,500.0
prewarm,1000,task,cold,zh,3000,0.62246,0.7617,0.82507,0.83436,1000.0
prewarm,1000,task,cold,zh,3500,0.62246,0.77157,0.84637,0.85983,1000.0
prewarm,1000,task,cold,zh,4000,0.62246,0.77653,0.86265,0.88073,1000.0
prewarm,1000,task,cold,zh,4500,0.62246,0.77837,0.87341,0.8984,1000.0
prewarm,1000,task,cold,zh,5000,0.62246,0.77839,0.88163,0.91255,1000.0
prewarm,1000,task,cold,zh,5499,0.62246,0.77839,0.88744,0.92312,1000.0
prewarm,1000,task,cold,zh,6000,0.62246,0.77839,0.89168,0.93314,1000.0
prewarm,1000,task,cold,zh,6500,0.62246,0.77839,0.89425,0.94286,1000.0
prewarm,1000,task,cold,zh,7000,0.62246,0.77839,0.89559,0.95084,1000.0
prewarm,2000,task,cold,zh,3000,0.67533,0.77829,0.82922,0.83436,2000.0
prewarm,2000,task,cold,zh,3500,0.67715,0.79438,0.85207,0.85983,2000.0
prewarm,2000,task,cold,zh,4000,0.67715,0.80529,0.86984,0.88073,2000.0
prewarm,2000,task,cold,zh,4500,0.67715,0.81237,0.88199,0.8984,2000.0
prewarm,2000,task,cold,zh,5000,0.67715,0.81408,0.89133,0.91255,2000.0
prewarm,2000,task,cold,zh,5499,0.67715,0.81408,0.89822,0.92312,2000.0
prewarm,2000,task,cold,zh,6000,0.67715,0.81408,0.90319,0.93314,2000.0
prewarm,2000,task,cold,zh,6500,0.67715,0.81408,0.90655,0.94286,2000.0
prewarm,2000,task,cold,zh,7000,0.67715,0.81408,0.90839,0.95105,2000.0
prewarm,3000,task,cold,zh,3000,0.69323,0.78276,0.83033,0.83436,3000.0
prewarm,3000,task,cold,zh,3500,0.71497,0.80462,0.85463,0.85983,3000.0
prewarm,3000,task,cold,zh,4000,0.72298,0.82139,0.87387,0.88073,3000.0
prewarm,3000,task,cold,zh,4500,0.72324,0.8354,0.88775,0.8984,3000.0
prewarm,3000,task,cold,zh,5000,0.72324,0.84323,0.89869,0.91255,3000.0
prewarm,3000,task,cold,zh,5499,0.72324,0.84523,0.90692,0.92312,3000.0
prewarm,3000,task,cold,zh,6000,0.72324,0.84523,0.91318,0.93314,3000.0
prewarm,3000,task,cold,zh,6500,0.72324,0.84523,0.91745,0.94286,3000.0
prewarm,3000,task,cold,zh,7000,0.72324,0.84523,0.92017,0.95106,3000.0
prewarm,500,global,cold,zh,3000,0.58177,0.74604,0.82115,0.83436,500.0
prewarm,500,global,cold,zh,3500,0.58177,0.75332,0.84181,0.85983,500.0
prewarm,500,global,cold,zh,4000,0.58177,0.75636,0.85761,0.88073,500.0
prewarm,500,global,cold,zh,4500,0.58177,0.75703,0.86797,0.8984,500.0
prewarm,500,global,cold,zh,5000,0.58177,0.75703,0.87583,0.91255,500.0
prewarm,500,global,cold,zh,5499,0.58177,0.75703,0.8814,0.92312,500.0
prewarm,500,global,cold,zh,6000,0.58177,0.75703,0.88542,0.93314,500.0
prewarm,500,global,cold,zh,6500,0.58177,0.75703,0.88779,0.94287,500.0
prewarm,500,global,cold,zh,7000,0.58177,0.75703,0.88897,0.95071,500.0
prewarm,1000,global,cold,zh,3000,0.62077,0.76038,0.82474,0.83436,1000.0
prewarm,1000,global,cold,zh,3500,0.62077,0.76994,0.84596,0.85983,1000.0
prewarm,1000,global,cold,zh,4000,0.62077,0.77472,0.8622,0.88073,1000.0
prewarm,1000,global,cold,zh,4500,0.62077,0.77612,0.8729,0.8984,1000.0
prewarm,1000,global,cold,zh,5000,0.62077,0.77617,0.88109,0.91255,1000.0
prewarm,1000,global,cold,zh,5499,0.62077,0.77617,0.88695,0.92312,1000.0
prewarm,1000,global,cold,zh,6000,0.62077,0.77617,0.89123,0.93314,1000.0
prewarm,1000,global,cold,zh,6500,0.62077,0.77617,0.8938,0.94287,1000.0
prewarm,1000,global,cold,zh,7000,0.62077,0.77617,0.89519,0.9508,1000.0
prewarm,2000,global,cold,zh,3000,0.67988,0.7779,0.82912,0.83436,2000.0
prewarm,2000,global,cold,zh,3500,0.68118,0.79287,0.85169,0.85983,2000.0
prewarm,2000,global,cold,zh,4000,0.68118,0.80304,0.86928,0.88073,2000.0
prewarm,2000,global,cold,zh,4500,0.68118,0.80833,0.88104,0.8984,2000.0
prewarm,2000,global,cold,zh,5000,0.68118,0.80973,0.89008,0.91255,2000.0
prewarm,2000,global,cold,zh,5499,0.68118,0.80973,0.89679,0.92312,2000.0
prewarm,2000,global,cold,zh,6000,0.68118,0.80973,0.90173,0.93314,2000.0
prewarm,2000,global,cold,zh,6500,0.68118,0.80973,0.90499,0.94287,2000.0
prewarm,2000,global,cold,zh,7000,0.68118,0.80973,0.90691,0.95092,2000.0
prewarm,3000,global,cold,zh,3000,0.70299,0.78368,0.83056,0.83436,3000.0
prewarm,3000,global,cold,zh,3500,0.72259,0.80394,0.85446,0.85983,3000.0
prewarm,3000,global,cold,zh,4000,0.73132,0.82025,0.87358,0.88073,3000.0
prewarm,3000,global,cold,zh,4500,0.73158,0.83127,0.88678,0.8984,3000.0
prewarm,3000,global,cold,zh,5000,0.73158,0.83709,0.89697,0.91255,3000.0
prewarm,3000,global,cold,zh,5499,0.73158,0.83911,0.90475,0.92312,3000.0
prewarm,3000,global,cold,zh,6000,0.73158,0.83913,0.9107,0.93314,3000.0
prewarm,3000,global,cold,zh,6500,0.73158,0.83913,0.91477,0.94287,3000.0
prewarm,3000,global,cold,zh,7000,0.73158,0.83913,0.91762,0.95092,3000.0
