prewarm_m,cap,decode_hit,decode_miss_per_tok,newtopic_first64_decode_hit,prefill_hit,prewarm_loads_total,prewarm_events
0,5000,0.93694,15.13354,0.90562,0.78847,0,0
0,5400,0.9436,13.53544,0.91265,0.79831,0,0
0,5499,0.94498,13.2057,0.91404,0.80137,0,0
500,5000,0.93657,15.22299,0.90382,0.78999,2273,6
500,5400,0.94316,13.64088,0.91071,0.7992,2228,6
500,5499,0.9445,13.32109,0.91194,0.80176,2216,6
1000,5000,0.93653,15.23207,0.90371,0.79178,4432,6
1000,5400,0.94307,13.66422,0.91025,0.801,4354,6
1000,5499,0.94441,13.3414,0.91157,0.80349,4330,6
2000,5000,0.93653,15.23336,0.90371,0.79427,8557,6
2000,5400,0.94322,13.62705,0.91107,0.80474,8335,6
2000,5499,0.94458,13.30121,0.91233,0.80798,8276,6
