scenario,cap,hit,hit_after1000,miss_per_tok,approx_tok_s
single_code,3000,0.81901,0.82246,43.43654,3.12414
single_code,3500,0.84605,0.84988,36.94706,3.51421
single_code,4000,0.86674,0.8704,31.98271,3.87646
single_code,4500,0.88399,0.88776,27.84265,4.2469
single_code,5000,0.89821,0.9019,24.43077,4.60549
single_code,5499,0.91069,0.91446,21.43533,4.97863
single_code,6000,0.92195,0.92577,18.73261,5.37056
single_code,6500,0.93164,0.9353,16.40678,5.75211
single_code,7000,0.94064,0.94452,14.24608,6.17637
single_en,3000,0.82834,0.81963,41.19895,3.08872
single_en,3500,0.85411,0.84666,35.01367,3.46344
single_en,4000,0.876,0.86935,29.76047,3.85618
single_en,4500,0.89433,0.88867,25.36074,4.26842
single_en,5000,0.90868,0.90382,21.91788,4.65887
single_en,5499,0.9207,0.91667,19.033,5.05057
single_en,6000,0.93156,0.92834,16.42653,5.46816
single_en,6500,0.9406,0.93813,14.25694,5.87613
single_en,7000,0.94837,0.9466,12.39022,6.28103
single_zh,3000,0.82923,0.82664,40.98458,3.17786
single_zh,3500,0.85494,0.85287,34.81559,3.56277
single_zh,4000,0.87578,0.87403,29.81303,3.94852
single_zh,4500,0.89317,0.89177,25.64016,4.3427
single_zh,5000,0.90774,0.90671,22.14186,4.74146
single_zh,5499,0.92053,0.91979,19.07178,5.15578
single_zh,6000,0.9316,0.93128,16.41507,5.58465
single_zh,6500,0.94092,0.94103,14.17912,6.0086
single_zh,7000,0.94908,0.9496,12.22007,6.43834
trace_order,3000,0.82562,0.82276,41.85116,3.12788
trace_order,3500,0.85164,0.84919,35.60564,3.50323
trace_order,4000,0.8727,0.87047,30.55101,3.87796
trace_order,4500,0.89028,0.88834,26.33187,4.26051
trace_order,5000,0.90465,0.90296,22.88481,4.63461
trace_order,5499,0.91703,0.91561,19.91397,5.01582
trace_order,6000,0.92795,0.92679,17.29173,5.40907
trace_order,6500,0.93715,0.93624,15.08362,5.79266
trace_order,7000,0.94528,0.9446,13.13267,6.18056
blocked_code_en_zh,3000,0.82625,0.82737,41.69933,3.18748
blocked_code_en_zh,3500,0.85239,0.85356,35.42713,3.5742
blocked_code_en_zh,4000,0.8736,0.87476,30.3356,3.96329
blocked_code_en_zh,4500,0.89133,0.89253,26.08022,4.36153
blocked_code_en_zh,5000,0.9058,0.90699,22.60798,4.74976
blocked_code_en_zh,5499,0.91832,0.91953,19.60327,5.14706
blocked_code_en_zh,6000,0.92947,0.93069,16.92638,5.56111
blocked_code_en_zh,6500,0.9389,0.94008,14.66309,5.96438
blocked_code_en_zh,7000,0.94727,0.94847,12.65411,6.37846
prompt_round_robin,3000,0.82559,0.82461,41.85755,3.1516
prompt_round_robin,3500,0.85164,0.8509,35.60623,3.53063
prompt_round_robin,4000,0.87267,0.87201,30.55867,3.90812
prompt_round_robin,4500,0.89025,0.8898,26.34071,4.29517
prompt_round_robin,5000,0.90458,0.90427,22.90076,4.67143
prompt_round_robin,5499,0.91685,0.91672,19.95591,5.05211
prompt_round_robin,6000,0.92774,0.92775,17.34184,5.44548
prompt_round_robin,6500,0.93693,0.93703,15.13774,5.82716
prompt_round_robin,7000,0.94499,0.94523,13.20161,6.21199
token_round_robin_3streams,3000,0.73001,0.7287,64.79674,2.26448
token_round_robin_3streams,3500,0.7661,0.76499,56.13519,2.53437
token_round_robin_3streams,4000,0.7977,0.7968,48.55257,2.83007
token_round_robin_3streams,4500,0.82516,0.82449,41.9612,3.15001
token_round_robin_3streams,5000,0.84887,0.84837,36.2711,3.49028
token_round_robin_3streams,5499,0.86898,0.86865,31.44429,3.84279
token_round_robin_3streams,6000,0.88698,0.88674,27.1249,4.22326
token_round_robin_3streams,6500,0.90322,0.90309,23.228,4.63839
token_round_robin_3streams,7000,0.91732,0.91738,19.8428,5.07435
