source,task,layer,tokens,distinct,entropy_bits,eff_experts,n50,n80,n95,top1,top16,distinct_per_128tok,top8
trace,code,0,7461,372,7.9489,247.09191,71,171,270,0.0271,0.1878,214.25862,130:0.027;237:0.016;323:0.015;35:0.014;30:0.013;105:0.013;2:0.011;250:0.011
trace,code,1,7461,374,7.73723,213.3722,55,153,258,0.0313,0.24872,193.98276,85:0.031;340:0.022;0:0.021;217:0.018;318:0.017;5:0.016;361:0.016;110:0.015
trace,code,2,7461,362,7.18684,145.6985,34,106,202,0.06154,0.34832,148.94828,58:0.062;132:0.040;91:0.026;35:0.025;13:0.025;323:0.024;199:0.023;352:0.021
trace,code,3,7461,352,6.65187,100.55705,19,82,182,0.12049,0.4744,135.34483,147:0.120;224:0.043;349:0.042;61:0.032;167:0.031;214:0.030;288:0.028;357:0.025
trace,code,4,7461,366,7.33262,161.1898,40,116,207,0.04876,0.31899,154.7069,94:0.049;12:0.035;85:0.033;0:0.029;195:0.023;201:0.021;278:0.019;224:0.014
trace,code,5,7461,355,7.21561,148.63287,35,105,207,0.05935,0.33606,141.53448,179:0.059;208:0.043;187:0.026;369:0.024;263:0.023;314:0.020;379:0.020;344:0.015
trace,code,6,7461,346,6.59328,96.55485,19,75,163,0.11075,0.46694,106.25862,28:0.111;367:0.051;160:0.037;257:0.034;31:0.030;79:0.028;117:0.025;360:0.021
trace,code,7,7461,343,6.51498,91.45458,18,77,165,0.11605,0.48787,114.31034,270:0.116;154:0.086;337:0.035;32:0.032;94:0.029;357:0.023;324:0.022;245:0.021
trace,code,8,7461,336,6.5944,96.62989,19,75,164,0.10041,0.47608,117.98276,94:0.100;258:0.050;248:0.046;212:0.044;90:0.039;185:0.029;352:0.023;186:0.023
trace,code,9,7461,340,6.89219,118.78331,26,85,177,0.06462,0.38701,120.41379,134:0.065;82:0.065;129:0.036;26:0.021;264:0.021;77:0.021;33:0.020;308:0.017
trace,code,10,7461,349,6.99104,127.2071,26,92,188,0.06601,0.38875,121.98276,324:0.066;263:0.041;292:0.032;307:0.025;284:0.024;140:0.024;161:0.021;163:0.019
trace,code,11,7461,341,7.02082,129.86037,30,91,192,0.08634,0.35319,126.06897,345:0.086;286:0.027;121:0.025;227:0.024;98:0.023;73:0.019;14:0.018;147:0.017
trace,code,12,7461,357,7.23547,150.69352,35,103,197,0.03603,0.33088,135.32759,180:0.036;242:0.029;262:0.029;95:0.029;265:0.028;340:0.020;88:0.020;102:0.017
trace,code,13,7461,368,7.39512,168.32691,40,117,224,0.04124,0.30597,157.37931,318:0.041;188:0.033;161:0.028;63:0.028;39:0.023;293:0.019;34:0.017;57:0.017
trace,code,14,7461,351,6.75312,107.86813,26,83,172,0.12941,0.41165,115.77586,135:0.129;226:0.041;165:0.032;228:0.022;203:0.019;18:0.018;245:0.018;99:0.018
trace,code,15,7461,366,7.08368,135.64357,33,111,218,0.12782,0.35603,160.86207,26:0.128;165:0.022;136:0.022;20:0.021;133:0.021;50:0.016;299:0.016;177:0.015
trace,code,16,7461,334,6.77148,109.24907,25,74,158,0.07188,0.39972,107.84483,226:0.072;223:0.062;136:0.028;206:0.027;370:0.026;30:0.019;332:0.019;179:0.019
trace,code,17,7461,357,7.13422,140.47963,31,93,198,0.04939,0.34723,133.87931,360:0.049;161:0.029;373:0.027;220:0.026;82:0.024;272:0.022;171:0.021;255:0.019
trace,code,18,7461,353,6.78999,110.65988,24,71,170,0.07722,0.4018,112.96552,169:0.077;207:0.032;106:0.029;72:0.027;147:0.023;222:0.023;11:0.023;34:0.023
trace,code,19,7461,379,7.50672,181.86464,43,130,236,0.04104,0.2927,178.63793,195:0.041;260:0.030;112:0.029;102:0.021;131:0.019;366:0.018;271:0.017;150:0.017
trace,code,20,7461,349,6.78355,110.16731,22,70,159,0.03867,0.41016,106.56897,129:0.039;213:0.034;107:0.032;360:0.032;156:0.027;177:0.026;45:0.026;135:0.023
trace,code,21,7461,351,6.6051,97.34931,20,84,186,0.1337,0.46509,122.72414,5:0.134;257:0.073;89:0.035;22:0.025;184:0.020;375:0.020;367:0.019;192:0.018
trace,code,22,7461,357,6.75551,108.04657,21,76,181,0.07874,0.44264,120.93103,107:0.079;228:0.048;335:0.032;167:0.031;277:0.028;125:0.027;172:0.023;67:0.023
trace,code,23,7461,367,7.10374,137.54299,30,105,218,0.0898,0.3703,156.06897,153:0.090;277:0.039;177:0.031;94:0.026;266:0.023;147:0.019;17:0.016;121:0.016
trace,code,24,7461,351,6.55687,94.14898,19,65,172,0.11361,0.46323,111.27586,346:0.114;223:0.051;284:0.032;105:0.029;348:0.028;281:0.026;162:0.021;57:0.021
trace,code,25,7461,338,6.43671,86.62509,16,57,152,0.08446,0.5008,104.96552,92:0.084;164:0.048;178:0.046;242:0.042;321:0.035;337:0.033;111:0.031;208:0.028
trace,code,26,7461,337,6.58315,95.87921,18,66,160,0.08002,0.47494,110.7931,27:0.080;116:0.046;51:0.041;265:0.035;188:0.034;331:0.032;93:0.027;173:0.025
trace,code,27,7461,352,6.93616,122.4591,25,93,199,0.07477,0.40783,140.03448,336:0.075;380:0.059;86:0.035;45:0.028;103:0.024;77:0.023;282:0.020;368:0.019
trace,code,28,7461,344,6.58686,96.12633,19,64,166,0.0736,0.47011,114.31034,137:0.074;175:0.069;352:0.033;353:0.032;56:0.032;118:0.028;101:0.027;127:0.026
trace,code,29,7461,360,6.67723,102.3405,20,78,190,0.09451,0.46321,128.7069,181:0.095;75:0.054;142:0.050;209:0.040;161:0.036;72:0.031;17:0.019;33:0.018
trace,code,30,7461,359,6.90968,120.23221,23,93,202,0.07405,0.43808,138.2931,175:0.074;22:0.046;87:0.037;161:0.034;379:0.034;16:0.029;2:0.029;334:0.027
trace,code,31,7461,354,7.00846,128.75246,29,94,184,0.04798,0.39327,142.89655,297:0.048;52:0.047;276:0.043;308:0.041;229:0.031;191:0.029;103:0.022;330:0.022
trace,code,32,7461,359,7.02853,130.55671,26,100,205,0.07001,0.39689,146.36207,276:0.070;283:0.048;338:0.037;303:0.029;221:0.029;248:0.027;105:0.022;282:0.018
trace,code,33,7461,361,7.23518,150.6626,34,105,203,0.04347,0.32712,150.15517,301:0.043;187:0.035;3:0.032;153:0.026;119:0.025;69:0.024;92:0.021;96:0.020
trace,code,34,7461,364,6.98502,126.6778,28,100,205,0.11381,0.38473,148.0,270:0.114;103:0.035;44:0.023;146:0.021;65:0.020;122:0.020;183:0.019;204:0.018
trace,code,35,7461,354,7.09165,136.39567,27,103,207,0.06085,0.38232,151.41379,46:0.061;335:0.041;118:0.032;266:0.028;306:0.027;292:0.025;38:0.025;103:0.021
trace,code,36,7461,352,7.1429,141.32719,29,103,205,0.04662,0.36164,151.58621,4:0.047;1:0.040;345:0.038;56:0.026;322:0.023;22:0.022;26:0.020;114:0.020
trace,code,37,7461,361,7.37565,166.0704,38,120,221,0.05667,0.3038,166.39655,218:0.057;282:0.024;69:0.022;298:0.020;186:0.020;380:0.020;105:0.018;242:0.017
trace,code,38,7461,352,7.22827,149.94299,37,113,209,0.09031,0.32806,163.01724,98:0.090;296:0.025;88:0.022;268:0.021;70:0.021;363:0.018;152:0.016;131:0.016
trace,code,39,7461,353,7.40904,169.95825,42,117,213,0.03212,0.29598,171.25862,224:0.032;368:0.028;349:0.028;54:0.026;336:0.019;179:0.019;18:0.018;303:0.018
trace,en,0,9364,379,7.7215,211.05879,57,157,264,0.03174,0.27816,181.69863,116:0.032;105:0.027;133:0.025;251:0.023;35:0.022;191:0.021;43:0.020;2:0.019
trace,en,1,9364,379,7.66987,203.63922,52,155,270,0.04485,0.28165,169.28767,85:0.045;223:0.035;15:0.027;376:0.024;327:0.021;213:0.021;277:0.014;318:0.013
trace,en,2,9364,378,7.46192,176.3037,42,132,238,0.05487,0.31242,142.53425,213:0.055;323:0.032;300:0.029;27:0.021;91:0.020;108:0.019;250:0.017;128:0.016
trace,en,3,9364,367,7.16124,143.13574,33,116,216,0.08232,0.37783,132.67123,224:0.082;153:0.050;37:0.023;148:0.023;214:0.022;309:0.021;329:0.021;117:0.021
trace,en,4,9364,382,7.15132,142.15517,33,127,235,0.11404,0.38999,136.09589,195:0.114;12:0.035;213:0.033;94:0.026;59:0.026;252:0.024;174:0.022;123:0.018
trace,en,5,9364,372,7.40999,170.07026,42,127,233,0.0585,0.32621,136.61644,187:0.059;147:0.043;45:0.026;40:0.021;304:0.017;95:0.017;37:0.017;355:0.016
trace,en,6,9364,370,7.00264,128.23479,28,96,197,0.07308,0.38477,104.76712,255:0.073;360:0.051;51:0.045;122:0.039;292:0.020;311:0.017;31:0.016;101:0.015
trace,en,7,9364,355,6.62145,98.45893,21,91,184,0.14773,0.45905,110.27397,207:0.148;337:0.064;51:0.041;357:0.032;245:0.024;125:0.022;13:0.017;53:0.016
trace,en,8,9364,361,6.97998,126.23567,28,104,191,0.10975,0.39716,117.71233,186:0.110;192:0.032;121:0.029;246:0.023;67:0.023;304:0.021;276:0.021;271:0.020
trace,en,9,9364,362,6.77525,109.53521,22,90,187,0.08348,0.44411,107.89041,270:0.083;263:0.078;86:0.043;150:0.035;197:0.034;303:0.024;22:0.021;242:0.020
trace,en,10,9364,362,7.37917,166.47554,40,119,219,0.05219,0.30644,122.71233,178:0.052;182:0.034;270:0.024;95:0.021;292:0.020;237:0.017;268:0.017;309:0.017
trace,en,11,9364,360,7.36631,164.99842,42,119,209,0.06607,0.29747,126.75342,175:0.066;99:0.026;203:0.020;145:0.020;285:0.018;353:0.017;108:0.016;13:0.016
trace,en,12,9364,368,7.58208,191.61672,49,132,229,0.02752,0.26657,138.83562,287:0.028;383:0.024;90:0.023;47:0.019;223:0.018;252:0.018;285:0.018;253:0.016
trace,en,13,9364,380,7.71536,210.16173,57,151,251,0.04823,0.24124,160.30137,10:0.048;370:0.028;293:0.017;376:0.015;90:0.015;265:0.014;19:0.011;296:0.011
trace,en,14,9364,364,7.35089,163.24465,37,120,216,0.04957,0.32611,122.08219,256:0.050;363:0.034;181:0.026;383:0.022;1:0.020;337:0.018;259:0.017;380:0.017
trace,en,15,9364,380,7.38208,166.81155,42,135,248,0.09549,0.33013,160.32877,177:0.095;255:0.025;0:0.023;202:0.023;216:0.022;382:0.020;113:0.018;50:0.015
trace,en,16,9364,354,6.98531,126.70335,33,106,202,0.13943,0.3609,112.75342,263:0.139;378:0.029;237:0.019;94:0.018;265:0.017;8:0.017;182:0.017;331:0.015
trace,en,17,9364,366,7.3906,167.79988,40,129,224,0.05482,0.32486,135.50685,329:0.055;346:0.037;306:0.031;281:0.029;161:0.023;274:0.019;70:0.019;62:0.015
trace,en,18,9364,361,7.26061,153.34192,37,113,209,0.06635,0.32529,121.0137,44:0.066;147:0.045;354:0.024;193:0.024;27:0.021;144:0.016;311:0.016;90:0.016
trace,en,19,9364,383,7.65983,202.22724,66,159,259,0.10136,0.23517,182.36986,118:0.101;255:0.012;49:0.011;28:0.011;342:0.011;350:0.010;345:0.009;112:0.008
trace,en,20,9364,364,7.20956,148.01141,38,112,206,0.08356,0.34227,118.72603,14:0.084;228:0.036;51:0.026;282:0.026;196:0.024;70:0.019;382:0.017;185:0.015
trace,en,21,9364,363,7.34872,162.99944,38,123,215,0.03513,0.34223,129.38356,151:0.035;87:0.035;331:0.030;61:0.028;367:0.026;34:0.026;29:0.024;89:0.022
trace,en,22,9364,369,6.64936,100.38257,22,104,216,0.14235,0.45655,120.32877,277:0.142;158:0.119;52:0.021;314:0.020;276:0.017;232:0.016;259:0.015;313:0.013
trace,en,23,9364,376,7.28163,155.59211,44,130,234,0.11103,0.33378,157.0,152:0.111;155:0.038;104:0.026;177:0.025;312:0.023;147:0.018;205:0.012;232:0.012
trace,en,24,9364,362,6.89493,119.00912,28,98,196,0.11489,0.40688,115.94521,47:0.115;158:0.052;171:0.043;76:0.023;308:0.022;2:0.019;348:0.019;57:0.017
trace,en,25,9364,346,6.33142,80.52781,16,74,165,0.14381,0.506,98.9863,359:0.144;21:0.114;242:0.037;323:0.022;208:0.021;241:0.020;164:0.018;301:0.018
trace,en,26,9364,351,6.85528,115.78288,24,95,192,0.1004,0.42149,115.17808,116:0.100;63:0.060;188:0.034;276:0.032;93:0.028;235:0.022;340:0.018;170:0.016
trace,en,27,9364,366,6.87473,117.35486,26,99,212,0.13789,0.40905,128.80822,363:0.138;105:0.030;208:0.028;84:0.028;266:0.027;45:0.019;98:0.016;69:0.015
trace,en,28,9364,363,6.30224,78.91567,12,76,185,0.11567,0.54661,103.13699,352:0.116;315:0.102;38:0.076;357:0.052;328:0.035;348:0.024;98:0.023;109:0.017
trace,en,29,9364,372,6.81393,112.51135,25,98,203,0.13881,0.423,125.09589,75:0.139;39:0.055;130:0.030;22:0.025;62:0.025;35:0.021;378:0.014;318:0.014
trace,en,30,9364,367,6.56643,94.77492,19,101,204,0.1362,0.47894,127.23288,379:0.136;2:0.120;225:0.042;50:0.026;352:0.023;30:0.015;181:0.015;216:0.015
trace,en,31,9364,374,7.22245,149.33966,33,109,208,0.04928,0.35327,134.84932,269:0.049;276:0.040;141:0.038;250:0.028;229:0.022;41:0.021;94:0.019;5:0.019
trace,en,32,9364,372,6.76932,109.0857,25,106,213,0.1352,0.43712,129.82192,221:0.135;283:0.097;181:0.025;314:0.024;329:0.021;267:0.018;226:0.017;41:0.017
trace,en,33,9364,370,7.11198,138.33046,35,117,221,0.10642,0.37091,142.60274,143:0.106;306:0.055;198:0.030;330:0.030;153:0.025;369:0.019;317:0.015;13:0.012
trace,en,34,9364,369,6.88295,118.02481,26,104,215,0.12384,0.42092,134.52055,65:0.124;148:0.054;54:0.048;178:0.027;245:0.022;44:0.022;120:0.019;115:0.016
trace,en,35,9364,369,7.11458,138.58,38,118,218,0.13365,0.34574,143.89041,215:0.134;235:0.038;335:0.022;311:0.017;38:0.016;185:0.014;11:0.012;324:0.011
trace,en,36,9364,371,7.45181,175.07224,42,120,210,0.02618,0.27905,144.46575,214:0.026;183:0.026;301:0.019;353:0.018;9:0.018;322:0.018;359:0.018;313:0.018
trace,en,37,9364,369,7.27563,154.94722,40,121,223,0.10619,0.31829,143.42466,359:0.106;218:0.023;258:0.019;64:0.017;225:0.016;130:0.016;228:0.016;377:0.015
trace,en,38,9364,370,7.35856,164.11485,41,117,217,0.06231,0.31448,144.30137,131:0.062;269:0.026;298:0.025;73:0.024;24:0.023;268:0.018;364:0.016;30:0.016
trace,en,39,9364,362,7.41488,170.64745,42,119,217,0.0333,0.30007,148.39726,149:0.033;58:0.032;18:0.029;48:0.026;54:0.023;367:0.020;155:0.018;234:0.017
trace,zh,0,10574,377,7.63463,198.72511,52,142,245,0.03625,0.26368,195.87805,144:0.036;2:0.033;237:0.031;69:0.020;105:0.015;68:0.015;116:0.014;330:0.014
trace,zh,1,10574,379,7.1643,143.43935,32,110,230,0.07867,0.37148,164.28049,85:0.079;213:0.046;334:0.034;217:0.033;383:0.028;318:0.026;361:0.016;274:0.015
trace,zh,2,10574,374,7.0886,136.10767,28,100,206,0.05629,0.38872,144.31707,120:0.056;323:0.047;132:0.034;27:0.030;352:0.026;11:0.026;216:0.025;380:0.023
trace,zh,3,10574,373,6.76892,109.05563,22,85,184,0.0871,0.44721,131.34146,224:0.087;153:0.053;167:0.051;147:0.040;349:0.033;357:0.025;310:0.025;17:0.022
trace,zh,4,10574,376,6.96375,124.82401,25,98,205,0.0662,0.42423,138.84146,94:0.066;195:0.058;127:0.044;221:0.039;12:0.028;335:0.025;191:0.024;313:0.024
trace,zh,5,10574,375,7.22871,149.98854,32,112,220,0.04335,0.3798,147.96341,187:0.043;232:0.039;40:0.036;136:0.031;147:0.029;361:0.026;42:0.025;280:0.022
trace,zh,6,10574,361,6.5921,96.47628,16,70,165,0.05884,0.5008,104.12195,360:0.059;122:0.054;117:0.053;28:0.041;257:0.039;255:0.033;47:0.032;51:0.030
trace,zh,7,10574,359,6.4967,90.30277,15,75,164,0.08554,0.51951,114.08537,154:0.086;337:0.075;245:0.046;270:0.045;207:0.042;201:0.035;90:0.034;241:0.027
trace,zh,8,10574,361,6.69992,103.96244,20,81,174,0.07972,0.46315,119.86585,258:0.080;90:0.049;186:0.049;246:0.044;271:0.044;67:0.041;212:0.023;94:0.022
trace,zh,9,10574,359,6.85346,115.63725,24,83,177,0.06434,0.41763,117.18293,134:0.064;263:0.046;303:0.036;10:0.035;102:0.033;86:0.028;82:0.027;197:0.022
trace,zh,10,10574,368,7.28194,155.62557,35,113,210,0.04604,0.34216,131.57317,307:0.046;95:0.034;274:0.030;332:0.025;339:0.024;381:0.022;292:0.022;182:0.021
trace,zh,11,10574,365,7.24,151.16709,34,103,203,0.03595,0.33556,134.68293,203:0.036;35:0.032;194:0.030;285:0.026;60:0.025;131:0.025;227:0.022;175:0.020
trace,zh,12,10574,369,7.20453,147.49586,33,111,212,0.06759,0.36234,137.87805,180:0.068;318:0.031;135:0.029;287:0.028;340:0.028;21:0.026;95:0.024;285:0.021
trace,zh,13,10574,374,7.51493,182.9025,46,128,231,0.03832,0.27732,164.29268,334:0.038;376:0.037;19:0.026;293:0.021;10:0.018;235:0.016;184:0.015;370:0.013
trace,zh,14,10574,363,7.17878,144.88659,33,104,203,0.0671,0.34244,130.78049,358:0.067;337:0.043;185:0.029;135:0.026;284:0.018;254:0.017;221:0.017;323:0.016
trace,zh,15,10574,369,7.29915,157.49317,37,111,209,0.04166,0.3273,161.17073,30:0.042;253:0.034;177:0.032;26:0.030;305:0.022;351:0.020;73:0.019;200:0.016
trace,zh,16,10574,360,6.99026,127.13896,26,89,181,0.04054,0.3873,117.29268,48:0.041;263:0.037;309:0.036;20:0.036;97:0.030;213:0.026;223:0.024;206:0.024
trace,zh,17,10574,370,7.27867,155.27367,36,116,213,0.05895,0.34716,141.2561,329:0.059;336:0.036;360:0.029;161:0.029;331:0.025;346:0.021;297:0.017;373:0.017
trace,zh,18,10574,362,7.09427,136.64292,29,99,199,0.0555,0.3812,130.2439,72:0.055;90:0.041;147:0.031;11:0.031;371:0.029;71:0.024;348:0.023;370:0.022
trace,zh,19,10574,380,7.65783,201.94622,51,143,248,0.02925,0.26527,191.82927,350:0.029;331:0.029;118:0.024;106:0.018;112:0.017;309:0.016;372:0.015;0:0.015
trace,zh,20,10574,365,6.9833,126.52718,27,99,192,0.06853,0.40964,123.93902,51:0.069;70:0.050;196:0.046;14:0.034;121:0.028;43:0.027;81:0.025;282:0.020
trace,zh,21,10574,365,7.07093,134.45073,30,98,195,0.06346,0.37165,131.97561,367:0.063;89:0.047;5:0.040;375:0.028;189:0.025;151:0.021;123:0.018;18:0.018
trace,zh,22,10574,373,6.99648,127.68773,26,95,203,0.06303,0.39996,129.93902,277:0.063;314:0.051;228:0.043;158:0.038;112:0.031;313:0.024;118:0.017;156:0.017
trace,zh,23,10574,371,7.26309,153.60556,36,109,208,0.04591,0.33924,160.15854,177:0.046;17:0.037;152:0.037;147:0.026;310:0.021;153:0.020;292:0.020;155:0.019
trace,zh,24,10574,359,6.73248,106.33531,20,75,172,0.05288,0.4599,112.02439,47:0.053;308:0.046;2:0.043;372:0.038;346:0.033;57:0.033;10:0.032;103:0.028
trace,zh,25,10574,347,6.24896,76.05418,13,54,154,0.09166,0.56149,94.53659,164:0.092;359:0.060;242:0.054;323:0.052;75:0.049;227:0.040;260:0.035;238:0.035
trace,zh,26,10574,361,6.42239,85.76949,14,69,184,0.10168,0.54416,109.09756,116:0.102;265:0.061;127:0.054;276:0.048;51:0.039;341:0.035;338:0.029;147:0.027
trace,zh,27,10574,367,6.86183,116.30993,20,93,204,0.05611,0.4538,132.87805,45:0.056;105:0.053;380:0.039;363:0.039;368:0.038;225:0.037;39:0.030;362:0.030
trace,zh,28,10574,369,6.65573,100.82651,18,72,178,0.0717,0.47459,112.87805,175:0.072;352:0.052;348:0.046;137:0.041;332:0.041;249:0.033;353:0.025;11:0.024
trace,zh,29,10574,375,6.7978,111.26034,22,87,201,0.09121,0.44836,127.81707,75:0.091;142:0.051;72:0.050;55:0.035;24:0.034;258:0.032;307:0.025;209:0.024
trace,zh,30,10574,370,6.99638,127.67905,25,95,200,0.05462,0.40866,131.07317,2:0.055;161:0.051;379:0.048;235:0.029;51:0.028;216:0.027;99:0.025;102:0.019
trace,zh,31,10574,370,6.74832,107.50941,19,87,195,0.09145,0.47517,128.71951,297:0.091;276:0.049;52:0.046;229:0.046;227:0.038;141:0.036;28:0.026;298:0.021
trace,zh,32,10574,367,6.72206,105.57046,18,92,207,0.08352,0.48667,131.97561,283:0.084;221:0.066;276:0.060;303:0.056;248:0.029;372:0.029;215:0.026;328:0.024
trace,zh,33,10574,364,6.76583,108.82259,20,76,176,0.05625,0.44543,121.54878,85:0.056;136:0.046;32:0.038;369:0.038;172:0.031;153:0.029;306:0.026;69:0.025
trace,zh,34,10574,363,6.73688,106.65998,19,79,186,0.07328,0.46887,127.10976,194:0.073;65:0.048;44:0.046;128:0.035;189:0.033;270:0.030;307:0.029;6:0.029
trace,zh,35,10574,356,6.62542,98.7302,19,77,179,0.08953,0.47138,125.95122,208:0.090;335:0.075;35:0.044;215:0.043;101:0.040;150:0.033;38:0.021;306:0.018
trace,zh,36,10574,353,6.94372,123.1028,26,91,179,0.05704,0.41251,133.62195,90:0.057;1:0.043;120:0.039;133:0.038;359:0.032;206:0.031;126:0.025;322:0.024
trace,zh,37,10574,353,7.00294,128.26128,26,91,189,0.06147,0.38035,136.73171,218:0.061;235:0.037;342:0.032;354:0.027;133:0.026;225:0.026;185:0.022;211:0.021
trace,zh,38,10574,355,6.74295,107.11034,22,84,176,0.08775,0.43897,133.03659,154:0.088;129:0.061;88:0.050;131:0.045;134:0.027;73:0.026;195:0.018;296:0.015
trace,zh,39,10574,346,6.92698,121.6824,27,89,175,0.08024,0.38199,136.21951,209:0.080;77:0.034;366:0.030;0:0.029;57:0.023;18:0.022;16:0.020;111:0.019
chat,1:zh essay,0,267,204,6.44595,87.18163,19,56,131,0.05368,0.46255,151.0,287:0.054;54:0.044;309:0.039;146:0.038;92:0.029;306:0.029;177:0.026;230:0.026
chat,1:zh essay,1,267,199,5.94962,61.80358,13,45,123,0.15231,0.57303,141.0,94:0.152;335:0.064;261:0.037;367:0.034;116:0.033;140:0.031;123:0.027;331:0.025
chat,1:zh essay,2,267,166,5.71624,52.57276,11,36,97,0.12609,0.61174,117.0,305:0.126;348:0.091;149:0.073;22:0.036;275:0.032;330:0.032;255:0.031;148:0.025
chat,1:zh essay,3,267,193,6.25647,76.45141,16,54,124,0.08427,0.50999,144.0,131:0.084;362:0.061;165:0.055;227:0.044;269:0.032;85:0.030;256:0.026;5:0.024
chat,1:zh essay,4,267,199,6.35327,81.75724,17,62,133,0.098,0.49563,147.0,329:0.098;251:0.056;283:0.046;211:0.044;369:0.039;256:0.035;235:0.024;330:0.022
chat,1:zh essay,5,267,174,6.2495,76.08298,18,50,107,0.06617,0.48377,127.0,323:0.066;40:0.054;189:0.050;370:0.050;66:0.037;231:0.032;126:0.025;159:0.024
chat,1:zh essay,6,267,143,5.70589,52.19675,12,34,78,0.12297,0.58989,102.0,122:0.123;118:0.059;249:0.054;252:0.044;329:0.042;244:0.037;175:0.028;337:0.026
chat,1:zh essay,7,267,131,5.55584,47.04082,9,33,72,0.103,0.62547,96.5,376:0.103;227:0.097;70:0.071;146:0.058;345:0.049;102:0.040;321:0.032;172:0.028
chat,1:zh essay,8,267,143,5.81399,56.25827,11,38,81,0.08552,0.59738,107.5,366:0.086;344:0.066;105:0.048;180:0.046;340:0.044;210:0.042;315:0.041;183:0.040
chat,1:zh essay,9,267,138,5.65068,50.23699,10,35,79,0.10737,0.6161,100.0,45:0.107;323:0.087;19:0.059;47:0.059;300:0.041;8:0.035;157:0.034;197:0.030
chat,1:zh essay,10,267,141,5.6312,49.56325,10,33,79,0.10175,0.63733,95.5,328:0.102;117:0.071;380:0.066;381:0.060;318:0.044;287:0.041;24:0.040;197:0.037
chat,1:zh essay,11,267,164,6.19381,73.20205,16,51,104,0.07491,0.50187,123.0,188:0.075;380:0.067;24:0.052;157:0.033;38:0.030;372:0.029;320:0.026;111:0.025
chat,1:zh essay,12,267,160,5.96315,62.38588,13,44,96,0.07865,0.55181,110.5,220:0.079;296:0.073;309:0.067;51:0.062;79:0.042;315:0.038;151:0.029;286:0.026
chat,1:zh essay,13,267,170,6.03475,65.56026,13,42,106,0.06429,0.56305,124.0,296:0.064;148:0.059;377:0.054;233:0.048;37:0.036;321:0.036;283:0.033;330:0.032
chat,1:zh essay,14,267,156,6.07469,67.40074,15,45,93,0.07678,0.53433,114.0,72:0.077;382:0.056;371:0.041;142:0.033;247:0.032;322:0.032;350:0.031;1:0.030
chat,1:zh essay,15,267,182,6.26363,76.83195,17,50,114,0.08115,0.48315,135.5,285:0.081;351:0.051;78:0.046;367:0.041;273:0.034;312:0.028;239:0.024;71:0.023
chat,1:zh essay,16,267,144,5.79219,55.41451,12,36,79,0.07928,0.58614,102.0,163:0.079;334:0.063;215:0.060;99:0.059;234:0.048;67:0.038;239:0.034;71:0.027
chat,1:zh essay,17,267,159,6.10907,69.02593,16,45,95,0.07928,0.50874,116.5,267:0.079;339:0.051;348:0.043;45:0.041;359:0.034;147:0.033;275:0.033;244:0.028
chat,1:zh essay,18,267,138,5.43584,43.28632,8,31,76,0.14544,0.6598,95.0,345:0.145;326:0.102;230:0.057;253:0.056;270:0.047;186:0.038;89:0.029;330:0.027
chat,1:zh essay,19,267,182,6.35715,81.97715,20,55,116,0.10737,0.43571,140.0,111:0.107;95:0.031;278:0.029;69:0.026;90:0.023;132:0.023;184:0.022;236:0.022
chat,1:zh essay,20,267,142,5.81439,56.27371,13,38,84,0.11423,0.56929,105.5,218:0.114;34:0.062;366:0.051;294:0.042;136:0.040;303:0.033;155:0.031;188:0.029
chat,1:zh essay,21,267,157,6.16425,71.71748,17,47,95,0.08989,0.48439,117.5,144:0.090;305:0.041;320:0.039;71:0.032;288:0.030;266:0.028;208:0.026;85:0.024
chat,1:zh essay,22,267,147,5.73193,53.14753,12,36,82,0.13171,0.59301,103.0,140:0.132;48:0.065;5:0.047;114:0.046;332:0.035;270:0.034;37:0.034;119:0.027
chat,1:zh essay,23,267,180,6.16064,71.53801,16,43,109,0.0824,0.50999,130.0,95:0.082;289:0.041;369:0.037;288:0.035;278:0.032;2:0.031;259:0.031;310:0.029
chat,1:zh essay,24,267,145,5.65307,50.32039,10,34,84,0.10362,0.61423,102.0,116:0.104;74:0.102;352:0.058;279:0.046;85:0.044;324:0.041;360:0.037;129:0.027
chat,1:zh essay,25,267,136,5.45441,43.84719,8,31,78,0.14919,0.66105,93.5,51:0.149;191:0.072;369:0.071;366:0.055;362:0.053;137:0.039;132:0.038;94:0.030
chat,1:zh essay,26,267,153,5.87894,58.84868,12,43,93,0.103,0.57303,106.5,231:0.103;219:0.086;52:0.068;312:0.037;124:0.032;23:0.031;222:0.029;203:0.026
chat,1:zh essay,27,267,170,5.94982,61.81241,13,40,103,0.09426,0.57428,119.0,331:0.094;42:0.065;156:0.052;181:0.039;120:0.035;150:0.034;376:0.033;218:0.031
chat,1:zh essay,28,267,150,5.33141,40.26369,7,29,80,0.13983,0.68727,101.5,73:0.140;21:0.113;267:0.081;216:0.064;204:0.044;122:0.044;113:0.034;309:0.028
chat,1:zh essay,29,267,121,5.14699,35.43226,8,23,62,0.14669,0.71536,84.0,292:0.147;90:0.129;146:0.052;349:0.047;185:0.045;223:0.037;19:0.036;99:0.035
chat,1:zh essay,30,267,120,5.15995,35.75191,7,23,62,0.13233,0.7216,84.0,102:0.132;129:0.113;238:0.074;343:0.056;271:0.052;187:0.043;372:0.039;198:0.034
chat,1:zh essay,31,267,130,5.20205,36.81058,7,25,67,0.13233,0.70849,89.0,227:0.132;248:0.107;205:0.082;328:0.066;353:0.064;113:0.039;126:0.037;220:0.034
chat,1:zh essay,32,267,142,5.60711,48.74258,10,32,79,0.09863,0.64107,98.0,27:0.099;147:0.089;349:0.067;131:0.047;60:0.044;148:0.044;16:0.033;259:0.033
chat,1:zh essay,33,267,125,5.49253,45.02097,10,28,65,0.08427,0.64732,91.5,82:0.084;112:0.074;219:0.067;114:0.061;74:0.059;160:0.055;252:0.031;377:0.031
chat,1:zh essay,34,267,122,5.38044,41.6556,9,25,67,0.09863,0.68664,91.5,86:0.099;77:0.079;226:0.074;272:0.062;214:0.058;189:0.045;312:0.035;300:0.031
chat,1:zh essay,35,267,110,5.13718,35.19218,7,24,57,0.13421,0.70037,82.0,150:0.134;66:0.126;27:0.082;143:0.052;257:0.050;65:0.034;57:0.031;148:0.027
chat,1:zh essay,36,267,140,5.57736,47.74759,11,31,78,0.11486,0.61236,101.5,39:0.115;72:0.109;54:0.046;251:0.046;309:0.039;131:0.037;185:0.028;237:0.027
chat,1:zh essay,37,267,120,5.32029,39.95454,9,25,62,0.13546,0.6779,88.0,133:0.135;222:0.079;261:0.076;152:0.051;159:0.047;116:0.032;158:0.031;204:0.030
chat,1:zh essay,38,267,117,5.22358,37.36399,8,26,64,0.14856,0.69226,89.5,362:0.149;128:0.127;77:0.052;266:0.045;141:0.043;337:0.038;72:0.034;297:0.033
chat,1:zh essay,39,267,135,5.50876,45.53032,10,31,73,0.12484,0.63858,101.0,88:0.125;251:0.092;376:0.081;46:0.036;186:0.033;3:0.031;154:0.030;340:0.027
chat,2:zh follow-up,0,85,144,6.5075,90.98147,24,65,119,0.04706,0.41961,144.0,249:0.047;287:0.047;309:0.035;146:0.033;54:0.031;118:0.029;230:0.027;306:0.027
chat,2:zh follow-up,1,85,109,5.82145,56.54978,14,40,84,0.12549,0.55098,109.0,94:0.125;367:0.045;116:0.043;383:0.041;343:0.037;9:0.031;95:0.029;153:0.025
chat,2:zh follow-up,2,85,95,5.34992,40.78375,9,31,70,0.15294,0.64314,95.0,348:0.153;305:0.094;149:0.082;36:0.043;22:0.031;230:0.029;201:0.027;207:0.025
chat,2:zh follow-up,3,85,99,5.67225,50.99365,11,39,74,0.12353,0.58431,99.0,131:0.124;165:0.065;137:0.051;373:0.043;269:0.039;153:0.035;376:0.035;362:0.033
chat,2:zh follow-up,4,85,108,5.76948,54.54906,12,39,83,0.0902,0.58039,108.0,22:0.090;329:0.069;3:0.057;211:0.055;251:0.043;283:0.037;337:0.035;369:0.027
chat,2:zh follow-up,5,85,114,5.9306,60.99431,16,45,89,0.11569,0.5,114.0,323:0.116;40:0.080;189:0.037;165:0.035;20:0.025;44:0.025;284:0.024;237:0.022
chat,2:zh follow-up,6,85,88,5.5092,45.54433,11,32,63,0.12941,0.6098,88.0,122:0.129;140:0.051;252:0.049;244:0.045;118:0.043;209:0.043;249:0.039;251:0.033
chat,2:zh follow-up,7,85,104,5.78113,54.99138,13,38,79,0.0902,0.5549,104.0,345:0.090;227:0.065;376:0.063;170:0.053;102:0.039;196:0.033;241:0.033;146:0.031
chat,2:zh follow-up,8,85,100,5.75463,53.99047,13,35,75,0.07647,0.57647,100.0,340:0.076;210:0.057;105:0.051;289:0.043;183:0.039;29:0.037;370:0.037;180:0.035
chat,2:zh follow-up,9,85,99,5.58824,48.10902,10,33,74,0.07255,0.63333,99.0,47:0.073;45:0.069;197:0.069;323:0.065;41:0.063;133:0.043;19:0.037;13:0.033
chat,2:zh follow-up,10,85,99,5.80018,55.72236,14,37,74,0.08235,0.56471,99.0,381:0.082;328:0.049;197:0.043;24:0.041;341:0.039;74:0.037;287:0.037;63:0.031
chat,2:zh follow-up,11,85,102,5.69174,51.68725,12,35,77,0.0902,0.58824,102.0,380:0.090;100:0.065;35:0.051;240:0.051;24:0.049;188:0.043;20:0.031;297:0.029
chat,2:zh follow-up,12,85,108,5.78526,55.14902,12,41,83,0.10784,0.57059,108.0,309:0.108;51:0.063;143:0.061;296:0.045;151:0.037;146:0.035;224:0.035;220:0.027
chat,2:zh follow-up,13,85,101,5.62603,49.38588,11,37,76,0.10196,0.60196,101.0,213:0.102;65:0.094;377:0.061;296:0.059;135:0.037;258:0.031;31:0.029;216:0.027
chat,2:zh follow-up,14,85,86,5.11351,34.61941,7,26,61,0.13333,0.71765,86.0,302:0.133;166:0.112;157:0.075;176:0.067;375:0.053;1:0.047;72:0.047;249:0.029
chat,2:zh follow-up,15,85,123,6.11004,69.07232,16,50,98,0.08431,0.50392,123.0,78:0.084;312:0.055;351:0.047;367:0.043;286:0.033;136:0.029;71:0.025;206:0.025
chat,2:zh follow-up,16,85,87,5.45126,43.75155,10,31,62,0.09608,0.63922,87.0,343:0.096;163:0.078;99:0.071;334:0.071;294:0.041;383:0.035;170:0.033;212:0.031
chat,2:zh follow-up,17,85,114,5.66261,50.65412,11,38,89,0.13529,0.61373,114.0,359:0.135;267:0.082;339:0.049;114:0.041;334:0.037;22:0.033;83:0.031;30:0.027
chat,2:zh follow-up,18,85,82,5.23627,37.6942,8,28,57,0.11176,0.67059,82.0,17:0.112;35:0.096;345:0.088;253:0.084;186:0.051;167:0.029;270:0.029;267:0.024
chat,2:zh follow-up,19,85,130,6.34276,81.16334,22,56,105,0.05882,0.42549,130.0,111:0.059;372:0.053;278:0.043;69:0.039;7:0.027;23:0.024;323:0.022;26:0.020
chat,2:zh follow-up,20,85,94,5.445,43.56219,9,31,69,0.1,0.64118,94.0,11:0.100;326:0.096;374:0.086;101:0.043;233:0.039;20:0.037;294:0.037;235:0.033
chat,2:zh follow-up,21,85,91,5.71767,52.62475,13,36,66,0.07059,0.57059,91.0,208:0.071;144:0.067;214:0.049;71:0.045;266:0.039;343:0.037;326:0.033;368:0.031
chat,2:zh follow-up,22,85,88,5.31883,39.91418,8,29,63,0.09804,0.67647,88.0,117:0.098;5:0.094;16:0.082;114:0.069;164:0.051;277:0.045;326:0.045;48:0.033
chat,2:zh follow-up,23,85,118,6.17516,72.2617,19,47,93,0.05294,0.45098,118.0,268:0.053;288:0.047;50:0.045;320:0.035;369:0.035;95:0.025;160:0.025;229:0.025
chat,2:zh follow-up,24,85,107,5.81041,56.11865,12,40,82,0.08039,0.57255,107.0,74:0.080;324:0.073;360:0.051;116:0.045;125:0.045;19:0.039;282:0.035;279:0.029
chat,2:zh follow-up,25,85,103,5.73902,53.40936,13,39,78,0.11961,0.56275,103.0,51:0.120;362:0.065;191:0.051;94:0.047;211:0.033;348:0.031;9:0.029;145:0.027
chat,2:zh follow-up,26,85,119,6.16658,71.83334,18,47,94,0.0549,0.47255,119.0,163:0.055;52:0.045;219:0.043;312:0.033;124:0.031;198:0.029;316:0.029;224:0.027
chat,2:zh follow-up,27,85,99,5.7749,54.75434,14,34,74,0.05882,0.56078,99.0,331:0.059;120:0.051;188:0.049;24:0.043;21:0.041;300:0.039;42:0.033;376:0.033
chat,2:zh follow-up,28,85,80,5.29366,39.22384,9,28,55,0.11569,0.66471,80.0,73:0.116;21:0.096;122:0.073;379:0.047;216:0.043;93:0.039;37:0.033;204:0.033
chat,2:zh follow-up,29,85,82,5.2775,38.78706,8,29,59,0.11569,0.66471,82.0,90:0.116;292:0.112;146:0.080;74:0.051;255:0.043;223:0.035;19:0.033;316:0.033
chat,2:zh follow-up,30,85,86,5.30024,39.40327,9,26,61,0.10784,0.66863,86.0,129:0.108;102:0.096;198:0.071;187:0.063;238:0.051;71:0.039;118:0.031;48:0.027
chat,2:zh follow-up,31,85,97,5.57701,47.73625,12,34,72,0.11176,0.61373,97.0,227:0.112;248:0.098;194:0.035;280:0.033;320:0.033;353:0.033;113:0.031;214:0.031
chat,2:zh follow-up,32,85,94,5.58739,48.08078,12,31,69,0.0902,0.60784,94.0,27:0.090;131:0.075;153:0.059;95:0.045;349:0.043;147:0.041;371:0.039;216:0.027
chat,2:zh follow-up,33,85,93,5.7323,53.16122,14,34,68,0.07451,0.56275,93.0,219:0.075;82:0.059;197:0.047;227:0.041;377:0.035;114:0.033;167:0.033;284:0.033
chat,2:zh follow-up,34,85,91,5.52029,45.89585,11,30,66,0.07451,0.62941,91.0,77:0.075;214:0.075;267:0.073;272:0.053;226:0.047;312:0.047;189:0.041;295:0.031
chat,2:zh follow-up,35,85,87,5.26761,38.52188,8,28,62,0.12157,0.67255,87.0,66:0.122;150:0.100;27:0.078;257:0.071;54:0.049;123:0.041;142:0.027;51:0.025
chat,2:zh follow-up,36,85,89,5.67911,51.2367,13,33,64,0.09412,0.56275,89.0,284:0.094;54:0.051;39:0.049;72:0.039;297:0.039;329:0.033;34:0.031;81:0.029
chat,2:zh follow-up,37,85,100,5.75531,54.01571,13,39,75,0.08235,0.55098,100.0,133:0.082;222:0.075;116:0.069;159:0.051;261:0.051;357:0.025;184:0.024;329:0.024
chat,2:zh follow-up,38,85,109,5.90148,59.77523,15,43,84,0.0902,0.53137,109.0,128:0.090;362:0.080;337:0.041;297:0.039;77:0.037;135:0.031;266:0.027;106:0.025
chat,2:zh follow-up,39,85,106,5.86337,58.21689,14,40,81,0.06471,0.54314,106.0,154:0.065;251:0.065;88:0.063;274:0.053;373:0.037;162:0.033;245:0.029;233:0.027
chat,3:en explain,0,399,261,7.11795,138.90426,34,96,172,0.04261,0.32414,184.66667,62:0.043;335:0.033;97:0.033;299:0.028;306:0.021;14:0.020;58:0.018;353:0.018
chat,3:en explain,1,399,257,7.00474,128.42099,31,89,170,0.04804,0.35046,174.66667,94:0.048;128:0.040;85:0.039;267:0.028;117:0.023;378:0.021;124:0.020;120:0.018
chat,3:en explain,2,399,235,6.67289,102.03257,22,78,154,0.07561,0.43609,160.0,303:0.076;149:0.059;305:0.055;6:0.028;293:0.025;41:0.024;22:0.023;233:0.019
chat,3:en explain,3,399,197,6.23601,75.3746,15,59,114,0.09942,0.51546,131.66667,225:0.099;137:0.060;24:0.056;362:0.044;361:0.030;153:0.030;25:0.029;281:0.029
chat,3:en explain,4,399,222,6.63022,99.05893,25,76,143,0.10317,0.41019,148.66667,226:0.103;235:0.050;329:0.037;279:0.034;383:0.026;122:0.022;381:0.022;265:0.015
chat,3:en explain,5,399,197,6.1711,72.05848,16,55,112,0.10819,0.50919,123.33333,371:0.108;207:0.080;40:0.056;89:0.033;219:0.030;239:0.028;319:0.022;139:0.021
chat,3:en explain,6,399,142,5.4925,45.02026,8,31,75,0.09983,0.6533,86.66667,113:0.100;76:0.091;145:0.087;149:0.063;14:0.048;190:0.047;122:0.046;183:0.028
chat,3:en explain,7,399,184,5.82218,56.57834,9,49,107,0.14327,0.59649,112.0,101:0.143;178:0.071;80:0.067;168:0.063;137:0.047;297:0.038;312:0.036;265:0.020
chat,3:en explain,8,399,177,5.93922,61.35951,12,48,104,0.10944,0.56767,118.0,9:0.109;38:0.099;249:0.070;327:0.036;54:0.029;210:0.028;325:0.028;36:0.023
chat,3:en explain,9,399,163,5.6854,51.46056,10,39,87,0.14369,0.6132,103.0,162:0.144;152:0.080;380:0.066;301:0.044;349:0.041;325:0.031;8:0.026;50:0.025
chat,3:en explain,10,399,165,5.64765,50.13152,9,37,88,0.12907,0.63367,100.0,285:0.129;35:0.096;357:0.054;66:0.045;295:0.043;305:0.039;381:0.038;346:0.030
chat,3:en explain,11,399,163,5.27889,38.82431,5,32,86,0.12991,0.69591,99.33333,202:0.130;350:0.110;1:0.106;291:0.080;334:0.076;376:0.040;199:0.022;24:0.021
chat,3:en explain,12,399,192,6.06675,67.03052,14,52,111,0.13701,0.52715,124.33333,150:0.137;376:0.065;124:0.052;51:0.042;335:0.031;65:0.026;255:0.025;12:0.023
chat,3:en explain,13,399,219,6.71395,104.97861,26,72,139,0.04804,0.39348,146.66667,148:0.048;359:0.045;145:0.044;131:0.043;79:0.030;377:0.028;283:0.019;353:0.019
chat,3:en explain,14,399,194,6.44516,87.13383,21,59,115,0.06809,0.43985,127.0,117:0.068;215:0.051;10:0.043;276:0.043;174:0.033;147:0.025;70:0.024;349:0.020
chat,3:en explain,15,399,233,6.9234,121.38101,31,83,153,0.04845,0.36048,161.33333,200:0.048;351:0.041;157:0.033;165:0.029;276:0.023;324:0.021;383:0.019;123:0.019
chat,3:en explain,16,399,170,6.10107,68.64441,15,52,101,0.09774,0.52297,110.66667,270:0.098;67:0.064;207:0.063;247:0.046;150:0.041;312:0.030;345:0.027;239:0.027
chat,3:en explain,17,399,197,6.22399,74.74939,15,52,115,0.066,0.52172,123.0,107:0.066;86:0.062;45:0.059;182:0.035;306:0.035;131:0.034;101:0.033;216:0.030
chat,3:en explain,18,399,170,5.57092,47.53501,8,39,99,0.13868,0.61947,110.33333,66:0.139;345:0.114;306:0.094;192:0.072;196:0.025;17:0.021;14:0.018;156:0.018
chat,3:en explain,19,399,242,7.1056,137.7207,38,93,163,0.0518,0.29783,173.66667,324:0.052;121:0.030;169:0.028;355:0.022;352:0.018;67:0.017;129:0.017;182:0.015
chat,3:en explain,20,399,176,5.81452,56.27894,13,51,102,0.15079,0.54971,120.33333,100:0.151;200:0.129;51:0.061;59:0.023;19:0.020;194:0.018;87:0.017;134:0.017
chat,3:en explain,21,399,166,5.71599,52.56336,10,44,96,0.13617,0.59816,108.33333,92:0.136;313:0.102;256:0.077;215:0.058;165:0.031;33:0.030;110:0.021;251:0.019
chat,3:en explain,22,399,172,5.96492,62.46267,15,47,104,0.11362,0.52464,114.0,322:0.114;184:0.091;135:0.069;297:0.056;361:0.026;338:0.018;216:0.018;91:0.018
chat,3:en explain,23,399,220,6.77498,109.515,28,76,144,0.0802,0.36675,154.66667,177:0.080;237:0.042;22:0.026;249:0.025;103:0.021;95:0.020;163:0.018;75:0.016
chat,3:en explain,24,399,157,5.6051,48.67475,9,36,87,0.1345,0.63784,95.0,111:0.135;128:0.092;156:0.051;267:0.048;125:0.047;260:0.047;312:0.043;208:0.028
chat,3:en explain,25,399,146,5.09902,34.27345,6,25,70,0.15748,0.71679,85.33333,69:0.157;275:0.148;282:0.088;338:0.045;73:0.044;264:0.042;322:0.028;18:0.027
chat,3:en explain,26,399,179,5.39425,42.05631,7,30,91,0.15957,0.69048,102.0,314:0.160;278:0.087;156:0.072;300:0.061;294:0.059;231:0.042;182:0.039;358:0.031
chat,3:en explain,27,399,194,5.7308,53.1058,9,41,104,0.12907,0.60986,117.66667,213:0.129;227:0.079;193:0.075;381:0.073;286:0.058;134:0.041;200:0.026;162:0.018
chat,3:en explain,28,399,152,5.1905,36.51713,6,25,75,0.13158,0.73225,92.0,54:0.132;174:0.117;186:0.103;363:0.069;196:0.042;14:0.041;66:0.041;113:0.030
chat,3:en explain,29,399,157,5.75843,54.13263,11,35,86,0.09106,0.61821,104.33333,284:0.091;196:0.063;250:0.057;118:0.051;72:0.048;321:0.043;295:0.041;287:0.037
chat,3:en explain,30,399,186,5.87774,58.79997,12,45,107,0.13367,0.5731,116.66667,121:0.134;239:0.084;340:0.062;135:0.053;174:0.035;336:0.032;233:0.028;273:0.018
chat,3:en explain,31,399,174,5.72176,52.77414,9,42,95,0.10777,0.61947,113.33333,44:0.108;282:0.103;224:0.085;103:0.054;163:0.048;284:0.029;231:0.029;366:0.029
chat,3:en explain,32,399,183,6.14403,70.71936,15,47,104,0.08104,0.52089,120.33333,291:0.081;2:0.067;369:0.041;110:0.038;22:0.034;187:0.032;327:0.030;135:0.025
chat,3:en explain,33,399,184,5.91509,60.34204,13,48,103,0.1533,0.55221,118.33333,63:0.153;231:0.087;212:0.043;226:0.038;186:0.029;232:0.022;101:0.021;281:0.021
chat,3:en explain,34,399,181,5.74309,53.56022,10,40,99,0.12991,0.60777,113.66667,26:0.130;93:0.101;130:0.052;244:0.047;319:0.047;302:0.035;121:0.030;183:0.028
chat,3:en explain,35,399,191,6.25975,76.6254,17,50,110,0.06516,0.49332,124.33333,181:0.065;97:0.052;349:0.041;283:0.040;7:0.036;294:0.035;120:0.032;306:0.028
chat,3:en explain,36,399,208,6.11533,69.32647,15,56,126,0.15455,0.52047,137.0,2:0.155;151:0.070;243:0.049;97:0.027;235:0.027;301:0.026;114:0.023;192:0.019
chat,3:en explain,37,399,210,6.28964,78.22927,15,61,131,0.08354,0.51671,142.0,378:0.084;293:0.075;244:0.053;199:0.048;362:0.043;221:0.041;164:0.030;24:0.019
chat,3:en explain,38,399,214,6.39724,84.28685,19,61,128,0.08855,0.47285,143.0,78:0.089;167:0.061;149:0.058;349:0.036;213:0.025;87:0.024;262:0.023;232:0.020
chat,3:en explain,39,399,229,6.4479,87.29951,19,64,142,0.09733,0.47118,154.66667,163:0.097;291:0.074;135:0.031;329:0.030;42:0.028;9:0.024;59:0.024;2:0.023
chat,4:en follow-up,0,321,247,7.14879,141.90628,36,96,174,0.03479,0.30945,190.0,97:0.035;335:0.028;62:0.026;299:0.025;306:0.024;353:0.022;85:0.021;274:0.017
chat,4:en follow-up,1,321,248,7.10426,137.59308,34,92,170,0.03634,0.30997,176.0,128:0.036;85:0.035;370:0.023;117:0.023;82:0.022;94:0.021;89:0.021;62:0.016
chat,4:en follow-up,2,321,239,6.9309,122.01345,29,86,164,0.05348,0.35618,179.0,305:0.053;303:0.052;149:0.035;124:0.022;136:0.020;142:0.019;6:0.018;22:0.018
chat,4:en follow-up,3,321,191,6.47051,88.67817,21,61,120,0.07113,0.44341,138.5,225:0.071;25:0.052;277:0.041;24:0.030;153:0.030;137:0.028;281:0.026;362:0.025
chat,4:en follow-up,4,321,202,6.71295,104.90604,27,72,131,0.06179,0.37383,148.0,226:0.062;329:0.047;235:0.031;279:0.029;265:0.025;381:0.021;83:0.021;383:0.019
chat,4:en follow-up,5,321,179,6.24164,75.66959,17,52,106,0.081,0.48754,121.5,371:0.081;207:0.061;40:0.060;239:0.038;219:0.029;9:0.025;139:0.024;156:0.022
chat,4:en follow-up,6,321,120,5.5046,45.39939,10,30,60,0.07788,0.6459,83.0,113:0.078;14:0.064;149:0.064;122:0.060;76:0.058;183:0.048;145:0.048;277:0.039
chat,4:en follow-up,7,321,148,5.59657,48.3877,9,37,82,0.1298,0.62253,100.5,101:0.130;80:0.082;168:0.076;297:0.059;178:0.047;261:0.042;312:0.039;245:0.022
chat,4:en follow-up,8,321,149,5.92799,60.88415,14,44,89,0.11786,0.53427,108.0,9:0.118;249:0.068;327:0.064;45:0.029;87:0.029;343:0.029;38:0.026;325:0.025
chat,4:en follow-up,9,321,140,5.63264,49.61275,11,36,80,0.14382,0.61163,101.0,162:0.144;152:0.073;301:0.058;349:0.056;380:0.036;8:0.029;197:0.027;216:0.027
chat,4:en follow-up,10,321,144,5.66098,50.59688,10,37,80,0.11526,0.60852,95.5,60:0.115;285:0.083;70:0.080;376:0.051;346:0.047;35:0.031;381:0.029;125:0.028
chat,4:en follow-up,11,321,143,5.40048,42.23834,8,31,77,0.13655,0.67601,96.5,202:0.137;350:0.099;1:0.084;276:0.052;376:0.045;334:0.043;199:0.034;291:0.034
chat,4:en follow-up,12,321,173,5.93071,60.99894,12,51,103,0.12876,0.56594,123.0,150:0.129;376:0.088;51:0.053;40:0.052;124:0.040;114:0.030;335:0.026;162:0.022
chat,4:en follow-up,13,321,196,6.59829,96.89063,23,66,125,0.04984,0.40706,142.0,148:0.050;79:0.047;131:0.046;359:0.042;128:0.028;377:0.028;201:0.022;283:0.019
chat,4:en follow-up,14,321,175,6.32909,80.39802,19,52,109,0.06802,0.46833,124.5,243:0.068;117:0.044;45:0.038;174:0.036;147:0.034;85:0.032;276:0.031;282:0.029
chat,4:en follow-up,15,321,205,6.7342,106.46238,26,74,138,0.06957,0.3785,160.0,200:0.070;351:0.038;165:0.030;383:0.027;23:0.025;324:0.023;276:0.022;123:0.021
chat,4:en follow-up,16,321,154,6.1185,69.47878,16,49,93,0.09553,0.50156,114.0,114:0.096;255:0.053;207:0.052;270:0.037;325:0.037;239:0.030;312:0.029;50:0.024
chat,4:en follow-up,17,321,168,5.88574,59.12679,12,47,99,0.10748,0.56386,116.5,86:0.107;182:0.094;155:0.085;107:0.050;320:0.035;45:0.027;20:0.025;275:0.018
chat,4:en follow-up,18,321,133,5.37602,41.5283,8,32,74,0.1298,0.64486,96.5,66:0.130;306:0.128;345:0.098;176:0.050;196:0.041;304:0.024;76:0.023;192:0.021
chat,4:en follow-up,19,321,206,6.99187,127.2807,37,83,140,0.04102,0.29439,163.5,324:0.041;169:0.023;121:0.023;380:0.022;183:0.021;268:0.020;154:0.018;212:0.018
chat,4:en follow-up,20,321,153,5.84156,57.34366,15,47,91,0.15109,0.52388,113.5,100:0.151;200:0.112;51:0.031;214:0.024;220:0.024;377:0.021;149:0.021;19:0.019
chat,4:en follow-up,21,321,148,5.83333,57.01744,12,45,91,0.12669,0.56179,107.5,92:0.127;313:0.076;256:0.065;215:0.061;33:0.029;247:0.029;165:0.025;318:0.023
chat,4:en follow-up,22,321,146,5.81438,56.27342,13,42,83,0.09969,0.54621,104.5,184:0.100;256:0.097;322:0.076;36:0.046;361:0.029;61:0.026;244:0.025;338:0.019
chat,4:en follow-up,23,321,196,6.66534,101.5002,28,71,130,0.09086,0.3676,148.0,177:0.091;75:0.036;237:0.030;22:0.024;230:0.023;343:0.020;78:0.017;119:0.017
chat,4:en follow-up,24,321,142,5.84977,57.67086,12,40,82,0.07892,0.56854,102.0,156:0.079;125:0.076;260:0.057;111:0.054;128:0.045;10:0.045;267:0.039;30:0.024
chat,4:en follow-up,25,321,126,5.15364,35.59586,7,24,64,0.15628,0.70197,82.5,69:0.156;275:0.133;282:0.068;146:0.049;185:0.036;103:0.033;18:0.031;264:0.029
chat,4:en follow-up,26,321,134,5.24067,37.80945,7,26,68,0.15732,0.68588,90.0,314:0.157;231:0.093;260:0.081;300:0.067;21:0.041;156:0.040;289:0.039;350:0.022
chat,4:en follow-up,27,321,159,6.0094,64.41836,14,47,91,0.07996,0.53738,109.5,227:0.080;193:0.069;213:0.064;381:0.062;56:0.037;134:0.029;277:0.029;356:0.028
chat,4:en follow-up,28,321,132,5.41522,42.67216,8,31,72,0.11994,0.66407,90.0,54:0.120;363:0.087;174:0.077;249:0.070;14:0.067;286:0.039;186:0.031;356:0.026
chat,4:en follow-up,29,321,128,5.62173,49.23903,11,33,71,0.12305,0.60488,93.5,284:0.123;295:0.060;196:0.056;250:0.050;308:0.044;118:0.035;15:0.033;199:0.029
chat,4:en follow-up,30,321,160,5.9327,61.0831,14,43,92,0.11526,0.55348,113.0,121:0.115;239:0.072;340:0.046;336:0.044;233:0.034;174:0.029;333:0.024;135:0.024
chat,4:en follow-up,31,321,156,5.9138,60.28802,14,39,84,0.08204,0.54725,108.0,282:0.082;103:0.064;224:0.051;188:0.045;44:0.045;231:0.045;163:0.040;366:0.024
chat,4:en follow-up,32,321,155,6.09591,68.39925,17,45,88,0.07529,0.4974,113.5,291:0.075;369:0.074;235:0.034;59:0.032;2:0.031;237:0.028;22:0.027;204:0.026
chat,4:en follow-up,33,321,159,5.85928,58.05232,13,43,93,0.14382,0.55192,115.0,63:0.144;231:0.073;212:0.060;226:0.029;186:0.029;101:0.026;260:0.023;1:0.021
chat,4:en follow-up,34,321,148,5.72967,53.06431,11,37,82,0.11267,0.58619,110.0,26:0.113;93:0.082;319:0.068;130:0.047;183:0.045;244:0.034;121:0.030;342:0.023
chat,4:en follow-up,35,321,153,6.22164,74.62757,18,49,93,0.06334,0.47092,118.5,97:0.063;306:0.048;356:0.040;7:0.038;283:0.038;249:0.032;294:0.031;349:0.024
chat,4:en follow-up,36,321,180,6.0391,65.75845,16,46,106,0.15005,0.50208,131.0,2:0.150;151:0.043;301:0.043;192:0.028;214:0.028;295:0.025;97:0.022;60:0.020
chat,4:en follow-up,37,321,179,6.26093,76.68812,17,54,114,0.0649,0.49377,135.0,221:0.065;293:0.059;378:0.057;362:0.051;244:0.048;199:0.032;120:0.023;198:0.022
chat,4:en follow-up,38,321,170,6.08756,68.00454,16,50,106,0.09865,0.50779,130.0,149:0.099;78:0.093;349:0.059;167:0.029;87:0.028;232:0.022;171:0.021;132:0.020
chat,4:en follow-up,39,321,175,6.28682,78.07669,19,52,104,0.09034,0.45742,131.0,163:0.090;329:0.048;291:0.040;2:0.030;59:0.029;9:0.028;42:0.028;372:0.026
chat,5:code,0,420,295,7.42238,171.53731,46,122,208,0.03849,0.27817,190.33333,197:0.038;238:0.037;130:0.033;341:0.018;105:0.017;237:0.017;69:0.015;35:0.013
chat,5:code,1,420,301,7.33542,161.50292,40,116,208,0.0381,0.31706,183.66667,297:0.038;5:0.037;85:0.027;191:0.026;381:0.025;101:0.020;124:0.019;340:0.018
chat,5:code,2,420,242,6.97432,125.74164,30,89,165,0.04087,0.36389,158.66667,42:0.041;250:0.039;323:0.036;214:0.033;375:0.029;91:0.022;303:0.021;305:0.020
chat,5:code,3,420,197,6.00591,64.26276,12,50,119,0.11746,0.57024,125.0,13:0.117;61:0.071;148:0.066;226:0.058;275:0.046;153:0.035;330:0.023;257:0.022
chat,5:code,4,420,239,6.77639,109.62207,26,81,158,0.08849,0.40635,144.66667,122:0.088;271:0.041;192:0.033;55:0.030;182:0.027;289:0.021;174:0.020;278:0.020
chat,5:code,5,420,220,6.44672,87.22781,17,67,142,0.06905,0.49246,126.66667,263:0.069;119:0.066;314:0.056;315:0.056;40:0.032;69:0.027;304:0.025;24:0.025
chat,5:code,6,420,193,5.93019,60.97689,12,47,115,0.15873,0.57817,103.66667,333:0.159;210:0.054;224:0.046;79:0.040;120:0.038;244:0.034;15:0.026;18:0.025
chat,5:code,7,420,182,5.88378,59.04642,10,51,113,0.12302,0.58968,109.66667,19:0.123;123:0.094;335:0.087;145:0.039;308:0.038;245:0.035;157:0.026;136:0.025
chat,5:code,8,420,188,6.11122,69.12899,16,56,115,0.13294,0.50913,117.66667,104:0.133;14:0.092;117:0.042;210:0.029;233:0.027;67:0.025;229:0.021;289:0.020
chat,5:code,9,420,171,5.96834,62.61102,13,41,96,0.07063,0.57222,105.0,77:0.071;258:0.063;256:0.060;312:0.041;282:0.040;107:0.037;26:0.036;314:0.035
chat,5:code,10,420,190,6.25165,76.19617,16,51,112,0.06667,0.51032,109.66667,162:0.067;165:0.056;134:0.044;340:0.043;253:0.039;381:0.038;266:0.034;44:0.029
chat,5:code,11,420,209,6.45092,87.48232,20,61,126,0.08135,0.45714,126.0,231:0.081;48:0.043;73:0.039;237:0.038;343:0.037;24:0.031;130:0.030;13:0.023
chat,5:code,12,420,224,6.60851,97.57952,25,71,143,0.12143,0.40595,136.33333,159:0.121;86:0.026;151:0.026;229:0.026;308:0.023;207:0.021;326:0.019;261:0.019
chat,5:code,13,420,265,7.07123,134.4782,33,99,183,0.06706,0.36071,158.33333,241:0.067;89:0.038;377:0.030;157:0.024;293:0.023;284:0.020;265:0.019;3:0.018
chat,5:code,14,420,210,6.39786,84.32325,19,62,131,0.10913,0.46865,117.0,361:0.109;1:0.045;146:0.044;162:0.039;375:0.025;76:0.024;164:0.024;165:0.023
chat,5:code,15,420,293,7.29071,156.57521,39,114,206,0.04286,0.31071,185.33333,165:0.043;34:0.040;252:0.035;20:0.034;169:0.016;342:0.016;129:0.015;332:0.015
chat,5:code,16,420,184,6.19397,73.20984,15,53,110,0.10278,0.51786,108.66667,0:0.103;40:0.055;172:0.041;46:0.037;117:0.032;70:0.031;332:0.026;352:0.025
chat,5:code,17,420,224,6.66463,101.4501,26,74,147,0.11548,0.39246,135.66667,365:0.115;195:0.034;161:0.027;274:0.023;59:0.022;275:0.021;312:0.019;220:0.018
chat,5:code,18,420,222,6.67752,102.36059,24,71,142,0.07341,0.40675,129.0,117:0.073;96:0.033;375:0.031;72:0.031;319:0.030;216:0.028;267:0.021;335:0.021
chat,5:code,19,420,279,7.15416,142.4348,38,109,192,0.06786,0.32937,178.66667,298:0.068;194:0.065;254:0.026;304:0.019;33:0.017;234:0.015;74:0.015;79:0.015
chat,5:code,20,420,196,6.16748,71.87805,15,54,122,0.13333,0.51786,109.66667,262:0.133;357:0.060;51:0.035;231:0.035;335:0.032;116:0.031;28:0.029;164:0.025
chat,5:code,21,420,227,6.54003,93.05598,20,69,140,0.08294,0.45079,133.0,136:0.083;211:0.065;184:0.038;89:0.032;29:0.031;6:0.028;61:0.024;359:0.023
chat,5:code,22,420,225,6.50523,90.83817,18,72,143,0.08413,0.47619,128.33333,163:0.084;53:0.061;15:0.050;167:0.044;321:0.032;266:0.031;74:0.028;277:0.025
chat,5:code,23,420,279,7.15755,142.76964,35,103,193,0.04921,0.34921,174.0,60:0.049;304:0.042;366:0.030;160:0.027;364:0.026;177:0.021;184:0.020;243:0.018
chat,5:code,24,420,192,6.207,73.87403,16,53,113,0.10754,0.51151,117.66667,66:0.108;326:0.056;10:0.047;332:0.037;147:0.032;225:0.031;57:0.028;176:0.023
chat,5:code,25,420,169,6.03687,65.6565,15,48,97,0.10675,0.51786,107.33333,381:0.107;220:0.095;140:0.039;211:0.031;3:0.026;128:0.026;134:0.024;114:0.022
chat,5:code,26,420,196,6.45758,87.8872,19,62,123,0.0631,0.46389,124.66667,134:0.063;217:0.061;370:0.042;257:0.038;123:0.033;345:0.029;17:0.026;380:0.025
chat,5:code,27,420,232,6.46089,88.08892,19,71,148,0.10476,0.47183,139.33333,5:0.105;154:0.081;222:0.048;264:0.032;293:0.025;40:0.022;10:0.021;105:0.021
chat,5:code,28,420,195,6.25746,76.50371,15,58,118,0.06548,0.52659,121.33333,320:0.065;86:0.063;143:0.053;296:0.053;181:0.048;38:0.040;224:0.037;118:0.025
chat,5:code,29,420,236,6.51691,91.57688,21,71,148,0.1254,0.44405,144.0,85:0.125;289:0.053;308:0.039;9:0.025;72:0.024;161:0.024;105:0.022;364:0.020
chat,5:code,30,420,217,6.68874,103.16032,23,73,140,0.04762,0.41508,138.33333,327:0.048;146:0.047;137:0.040;365:0.040;233:0.034;263:0.024;324:0.022;106:0.021
chat,5:code,31,420,232,6.96661,125.07182,31,85,158,0.04286,0.35,153.0,188:0.043;70:0.033;272:0.033;276:0.026;64:0.025;351:0.025;19:0.021;36:0.018
chat,5:code,32,420,223,6.51765,91.62392,21,69,143,0.1119,0.44563,138.66667,344:0.112;193:0.052;88:0.040;246:0.029;29:0.026;248:0.022;288:0.021;303:0.021
chat,5:code,33,420,237,6.79356,110.93407,27,81,157,0.06746,0.40159,151.66667,169:0.067;135:0.064;269:0.042;122:0.026;229:0.025;343:0.023;381:0.021;283:0.021
chat,5:code,34,420,252,7.04342,131.91066,31,91,170,0.03651,0.35159,164.66667,319:0.037;288:0.035;103:0.027;183:0.026;355:0.023;14:0.022;107:0.022;134:0.019
chat,5:code,35,420,241,6.90704,120.01207,31,83,157,0.06746,0.36032,153.33333,355:0.067;306:0.043;356:0.033;365:0.024;103:0.023;34:0.022;266:0.019;141:0.017
chat,5:code,36,420,246,6.89071,118.66147,27,84,165,0.075,0.37183,158.66667,76:0.075;19:0.034;214:0.027;197:0.023;313:0.023;301:0.022;304:0.022;28:0.019
chat,5:code,37,420,271,6.99717,127.74932,30,101,188,0.06944,0.39048,175.0,228:0.069;316:0.045;230:0.043;380:0.036;279:0.025;223:0.023;39:0.020;181:0.019
chat,5:code,38,420,259,7.24745,151.94975,38,106,182,0.03452,0.30079,183.0,107:0.035;301:0.027;33:0.024;179:0.023;354:0.021;21:0.019;28:0.018;139:0.018
chat,5:code,39,420,274,7.28314,155.75544,38,104,187,0.02738,0.29048,182.66667,119:0.027;4:0.023;336:0.021;135:0.021;54:0.020;142:0.019;261:0.019;7:0.018
chat,6:zh travel,0,488,253,6.62868,98.95351,21,71,156,0.08675,0.45082,161.0,148:0.087;306:0.042;146:0.036;54:0.033;114:0.033;218:0.030;182:0.026;340:0.024
chat,6:zh travel,1,488,242,6.26023,76.65099,16,52,140,0.11202,0.50751,142.0,94:0.112;116:0.068;76:0.043;79:0.041;351:0.032;85:0.024;289:0.024;302:0.023
chat,6:zh travel,2,488,208,6.23826,75.49235,16,49,115,0.07138,0.51161,128.66667,305:0.071;22:0.058;149:0.054;346:0.042;28:0.037;207:0.035;78:0.028;215:0.026
chat,6:zh travel,3,488,175,5.61976,49.17188,10,31,81,0.10451,0.6431,99.66667,139:0.105;331:0.067;381:0.067;20:0.064;131:0.055;373:0.042;98:0.037;269:0.031
chat,6:zh travel,4,488,226,6.489,89.82228,18,62,134,0.06455,0.47678,137.33333,329:0.065;233:0.048;65:0.042;211:0.040;22:0.038;114:0.032;283:0.031;250:0.030
chat,6:zh travel,5,488,208,5.87749,58.78949,11,44,111,0.10895,0.58197,120.0,155:0.109;22:0.107;40:0.080;330:0.043;43:0.031;274:0.027;148:0.026;79:0.024
chat,6:zh travel,6,488,178,5.67606,51.12849,10,34,90,0.13525,0.62261,100.0,122:0.135;142:0.076;297:0.053;337:0.044;118:0.041;41:0.039;64:0.037;60:0.036
chat,6:zh travel,7,488,164,5.32736,40.15076,7,30,78,0.15745,0.6793,93.0,359:0.157;345:0.090;318:0.088;227:0.068;91:0.065;237:0.029;166:0.026;307:0.023
chat,6:zh travel,8,488,151,5.3742,41.47591,8,29,77,0.16223,0.66769,92.33333,80:0.162;5:0.086;366:0.066;183:0.065;210:0.042;252:0.039;159:0.036;289:0.027
chat,6:zh travel,9,488,153,5.17709,36.17912,7,25,69,0.13456,0.72575,88.66667,197:0.135;204:0.131;67:0.084;250:0.062;15:0.041;45:0.039;261:0.037;179:0.033
chat,6:zh travel,10,488,161,5.2894,39.10828,6,31,81,0.13866,0.68511,96.0,381:0.139;117:0.110;251:0.109;88:0.067;21:0.066;208:0.038;372:0.025;287:0.020
chat,6:zh travel,11,488,159,5.75938,54.16829,12,38,84,0.13934,0.58641,101.66667,107:0.139;240:0.058;299:0.046;24:0.045;364:0.044;169:0.039;35:0.030;252:0.027
chat,6:zh travel,12,488,184,5.82867,56.83341,11,48,102,0.15642,0.57206,114.33333,205:0.156;296:0.089;190:0.052;151:0.043;323:0.042;51:0.028;92:0.027;309:0.018
chat,6:zh travel,13,488,193,6.31602,79.67289,19,53,113,0.08607,0.46721,123.66667,148:0.086;339:0.052;377:0.039;268:0.037;290:0.029;254:0.027;296:0.025;155:0.024
chat,6:zh travel,14,488,176,5.8656,58.30718,11,47,101,0.11714,0.5765,114.33333,285:0.117;72:0.094;142:0.066;371:0.065;1:0.030;293:0.025;146:0.025;375:0.023
chat,6:zh travel,15,488,204,6.39246,84.00832,19,56,118,0.0666,0.46209,135.33333,241:0.067;351:0.054;367:0.047;234:0.030;296:0.030;353:0.027;265:0.025;181:0.025
chat,6:zh travel,16,488,147,5.20213,36.81269,6,27,69,0.16496,0.70014,85.0,221:0.165;239:0.093;164:0.082;224:0.074;334:0.053;163:0.036;189:0.029;352:0.028
chat,6:zh travel,17,488,178,6.02969,65.33058,14,43,98,0.07138,0.55225,111.66667,104:0.071;267:0.056;144:0.048;275:0.047;15:0.046;299:0.044;339:0.040;195:0.036
chat,6:zh travel,18,488,159,5.45329,43.81297,8,37,85,0.14993,0.63934,97.0,326:0.150;345:0.145;324:0.066;269:0.044;165:0.037;106:0.027;266:0.026;239:0.022
chat,6:zh travel,19,488,215,6.27591,77.4887,16,54,119,0.07787,0.5,135.0,184:0.078;111:0.072;5:0.053;23:0.040;85:0.040;286:0.029;372:0.029;12:0.027
chat,6:zh travel,20,488,153,5.60918,48.81239,10,35,79,0.10553,0.61031,92.0,319:0.106;218:0.102;157:0.080;260:0.060;26:0.034;51:0.030;0:0.027;373:0.023
chat,6:zh travel,21,488,167,5.71089,52.37791,12,35,81,0.16052,0.57787,98.33333,295:0.161;352:0.040;215:0.040;368:0.036;242:0.033;273:0.033;49:0.032;303:0.031
chat,6:zh travel,22,488,157,5.74958,53.80174,12,33,81,0.07138,0.60451,101.66667,184:0.071;114:0.070;25:0.065;315:0.060;48:0.043;122:0.041;117:0.034;357:0.031
chat,6:zh travel,23,488,194,6.09806,68.50139,15,45,96,0.09085,0.51913,118.33333,202:0.091;2:0.061;194:0.042;351:0.040;159:0.034;95:0.033;61:0.029;289:0.025
chat,6:zh travel,24,488,134,4.95646,31.04863,6,23,56,0.16428,0.736,76.66667,85:0.164;139:0.147;205:0.091;327:0.047;81:0.041;210:0.036;74:0.030;235:0.030
chat,6:zh travel,25,488,139,5.13442,35.1248,7,23,62,0.15745,0.72063,81.33333,258:0.157;314:0.081;191:0.068;369:0.064;212:0.064;96:0.062;264:0.041;108:0.037
chat,6:zh travel,26,488,161,5.20572,36.90449,7,21,69,0.12124,0.75068,90.33333,62:0.121;10:0.083;59:0.076;339:0.073;52:0.065;366:0.051;210:0.046;231:0.042
chat,6:zh travel,27,488,185,5.57885,47.79719,9,32,95,0.13934,0.65369,104.33333,283:0.139;331:0.088;346:0.067;341:0.044;24:0.043;156:0.037;207:0.036;150:0.030
chat,6:zh travel,28,488,133,4.61497,24.50446,5,14,58,0.15471,0.81796,71.66667,122:0.155;281:0.128;21:0.108;73:0.093;168:0.084;302:0.083;187:0.038;194:0.022
chat,6:zh travel,29,488,154,5.00625,32.139,6,23,63,0.15608,0.73736,85.66667,374:0.156;99:0.141;292:0.093;19:0.058;100:0.051;255:0.049;219:0.025;281:0.025
chat,6:zh travel,30,488,171,5.03552,32.79753,5,20,74,0.12432,0.76025,90.66667,230:0.124;201:0.114;289:0.101;102:0.091;238:0.074;59:0.054;214:0.033;113:0.026
chat,6:zh travel,31,488,145,5.0453,33.02083,7,20,54,0.13354,0.75649,78.66667,248:0.134;227:0.085;301:0.082;106:0.082;60:0.060;382:0.053;162:0.041;322:0.032
chat,6:zh travel,32,488,153,5.22867,37.49617,6,26,71,0.11612,0.70082,90.66667,1:0.116;148:0.116;123:0.083;131:0.083;308:0.067;244:0.057;16:0.025;147:0.024
chat,6:zh travel,33,488,158,5.15466,35.62107,7,23,68,0.15505,0.73224,88.66667,82:0.155;252:0.103;341:0.082;128:0.069;29:0.045;74:0.044;239:0.036;197:0.033
chat,6:zh travel,34,488,155,5.27366,38.68386,8,24,64,0.10178,0.71755,87.66667,215:0.102;189:0.099;135:0.066;197:0.066;272:0.060;373:0.057;102:0.047;77:0.046
chat,6:zh travel,35,488,169,5.28847,39.083,7,24,76,0.11202,0.70867,95.0,150:0.112;27:0.104;256:0.100;43:0.071;257:0.047;173:0.042;137:0.040;60:0.030
chat,6:zh travel,36,488,175,5.54583,46.71554,10,31,79,0.13832,0.62978,98.0,39:0.138;282:0.077;90:0.070;54:0.044;34:0.042;11:0.040;81:0.032;35:0.025
chat,6:zh travel,37,488,173,5.19287,36.57716,6,24,80,0.15027,0.73361,95.66667,158:0.150;133:0.103;204:0.089;383:0.069;261:0.057;184:0.035;274:0.034;231:0.033
chat,6:zh travel,38,488,160,5.22736,37.46211,7,25,69,0.13456,0.72165,87.0,362:0.135;77:0.102;128:0.098;72:0.046;180:0.045;330:0.045;120:0.043;238:0.037
chat,6:zh travel,39,488,173,5.5295,46.18982,10,29,74,0.10895,0.65027,97.33333,251:0.109;88:0.095;219:0.072;154:0.053;132:0.051;39:0.029;37:0.028;309:0.027
chat,7:en email,0,234,249,7.29749,157.3125,41,106,184,0.02422,0.27422,210.0,114:0.024;85:0.024;124:0.022;10:0.020;98:0.019;142:0.018;48:0.017;254:0.017
chat,7:en email,1,234,252,7.20292,147.33142,36,104,185,0.03276,0.31339,220.0,308:0.033;227:0.032;89:0.028;300:0.026;152:0.025;283:0.021;62:0.018;339:0.018
chat,7:en email,2,234,214,6.89149,118.7255,30,85,154,0.06125,0.36396,168.0,190:0.061;305:0.039;307:0.032;138:0.024;327:0.022;124:0.021;109:0.020;250:0.019
chat,7:en email,3,234,175,6.50271,90.68015,22,66,122,0.07336,0.43376,153.0,291:0.073;351:0.057;25:0.033;54:0.031;131:0.028;301:0.027;153:0.024;331:0.024
chat,7:en email,4,234,198,6.36453,82.39782,17,63,131,0.07621,0.49929,153.0,112:0.076;329:0.066;367:0.058;122:0.048;268:0.042;62:0.026;214:0.026;236:0.021
chat,7:en email,5,234,176,6.32445,80.13987,17,59,117,0.06838,0.49217,134.0,40:0.068;104:0.064;37:0.057;317:0.038;79:0.033;304:0.033;278:0.027;9:0.024
chat,7:en email,6,234,150,5.78109,54.98989,12,37,92,0.12393,0.58476,105.0,10:0.124;196:0.064;122:0.063;244:0.047;3:0.042;268:0.031;251:0.027;349:0.026
chat,7:en email,7,234,142,5.80729,55.99729,13,37,85,0.09188,0.57336,108.0,196:0.092;101:0.083;285:0.063;187:0.043;108:0.034;137:0.030;4:0.028;292:0.026
chat,7:en email,8,234,151,6.09012,68.12546,16,48,98,0.09402,0.51496,128.0,98:0.094;373:0.056;210:0.046;216:0.042;54:0.031;366:0.031;245:0.031;343:0.026
chat,7:en email,9,234,150,5.79495,55.5206,10,42,92,0.07977,0.61254,106.0,345:0.080;189:0.068;312:0.068;15:0.065;53:0.065;197:0.045;206:0.040;204:0.031
chat,7:en email,10,234,137,5.53186,46.26537,9,35,80,0.13462,0.63533,106.0,43:0.135;287:0.097;381:0.074;280:0.058;24:0.036;117:0.033;201:0.030;266:0.025
chat,7:en email,11,234,152,5.86266,58.18823,11,42,92,0.09615,0.58903,118.0,13:0.096;82:0.073;218:0.056;224:0.048;132:0.043;152:0.041;163:0.038;24:0.035
chat,7:en email,12,234,179,6.32499,80.17025,19,60,117,0.08974,0.46652,141.0,206:0.090;205:0.069;0:0.057;151:0.041;162:0.025;296:0.025;74:0.021;373:0.019
chat,7:en email,13,234,206,6.63583,99.44516,23,72,139,0.07123,0.42308,159.0,296:0.071;377:0.048;79:0.047;4:0.035;26:0.026;314:0.026;152:0.020;148:0.019
chat,7:en email,14,234,150,5.97128,62.73868,13,46,95,0.07764,0.56339,115.0,341:0.078;1:0.073;231:0.063;235:0.058;123:0.043;371:0.038;249:0.028;375:0.027
chat,7:en email,15,234,206,6.82867,113.66697,29,75,140,0.04986,0.35399,167.0,229:0.050;246:0.038;165:0.024;197:0.024;351:0.024;84:0.021;362:0.021;254:0.019
chat,7:en email,16,234,141,5.94001,61.39353,13,44,87,0.08476,0.55698,112.0,365:0.085;76:0.058;78:0.057;69:0.054;26:0.042;219:0.040;163:0.036;285:0.035
chat,7:en email,17,234,161,6.2151,74.29034,16,52,104,0.06766,0.50427,130.0,237:0.068;326:0.054;139:0.050;207:0.042;161:0.032;198:0.032;275:0.031;195:0.030
chat,7:en email,18,234,153,5.70041,51.99907,9,41,97,0.09615,0.61538,120.0,182:0.096;273:0.092;247:0.090;345:0.085;308:0.041;228:0.031;147:0.024;167:0.024
chat,7:en email,19,234,214,6.92965,121.90843,33,88,154,0.06054,0.33689,176.0,268:0.061;129:0.057;75:0.026;121:0.022;352:0.018;381:0.017;155:0.014;189:0.014
chat,7:en email,20,234,154,5.8654,58.299,12,50,99,0.15954,0.55413,127.0,80:0.160;51:0.084;170:0.050;34:0.029;183:0.028;105:0.027;207:0.024;97:0.024
chat,7:en email,21,234,155,6.19805,73.41741,17,51,101,0.07621,0.4943,120.0,45:0.076;178:0.056;193:0.048;29:0.046;314:0.036;221:0.031;61:0.030;75:0.024
chat,7:en email,22,234,170,6.29931,78.75543,17,56,114,0.0698,0.4943,138.0,49:0.070;366:0.057;48:0.051;141:0.043;277:0.035;184:0.031;81:0.026;254:0.025
chat,7:en email,23,234,214,6.80462,111.78757,30,78,146,0.06766,0.3661,185.0,188:0.068;380:0.047;177:0.044;298:0.020;179:0.019;87:0.019;50:0.018;143:0.017
chat,7:en email,24,234,149,6.01711,64.76342,13,46,93,0.07479,0.54772,123.0,168:0.075;208:0.068;345:0.051;129:0.047;328:0.041;116:0.037;256:0.034;143:0.031
chat,7:en email,25,234,124,5.29876,39.36267,8,28,75,0.1453,0.68661,98.0,275:0.145;119:0.135;369:0.057;280:0.041;301:0.041;65:0.033;281:0.033;380:0.033
chat,7:en email,26,234,155,5.80621,55.95549,11,40,97,0.08832,0.60613,127.0,363:0.088;343:0.076;21:0.071;378:0.068;231:0.053;347:0.035;228:0.030;275:0.028
chat,7:en email,27,234,173,6.33318,80.6265,19,61,117,0.08405,0.47151,151.0,32:0.084;256:0.071;213:0.049;250:0.043;40:0.027;155:0.025;251:0.024;321:0.021
chat,7:en email,28,234,146,5.81984,56.48654,13,39,90,0.13034,0.55983,110.0,174:0.130;47:0.071;33:0.046;343:0.045;71:0.036;64:0.035;104:0.027;25:0.026
chat,7:en email,29,234,178,6.48743,89.7243,21,60,119,0.0755,0.42806,144.0,183:0.075;234:0.034;330:0.032;282:0.030;196:0.028;308:0.027;199:0.025;118:0.024
chat,7:en email,30,234,175,6.49626,90.27552,21,61,117,0.05484,0.42735,155.0,326:0.055;273:0.040;357:0.036;322:0.030;207:0.028;48:0.026;340:0.026;259:0.025
chat,7:en email,31,234,158,6.06688,67.03676,17,51,102,0.13818,0.49359,139.0,0:0.138;231:0.078;108:0.027;346:0.024;174:0.024;217:0.024;236:0.023;237:0.021
chat,7:en email,32,234,170,6.3062,79.13243,19,53,113,0.08262,0.46011,139.0,369:0.083;110:0.071;59:0.035;184:0.033;251:0.023;249:0.022;353:0.022;192:0.021
chat,7:en email,33,234,172,6.3443,81.25015,19,58,114,0.08689,0.47222,146.0,317:0.087;246:0.050;229:0.046;94:0.032;174:0.028;231:0.028;278:0.027;311:0.026
chat,7:en email,34,234,178,6.39446,84.12483,21,62,118,0.09188,0.45014,152.0,238:0.092;362:0.063;319:0.042;188:0.030;26:0.029;83:0.022;223:0.021;8:0.021
chat,7:en email,35,234,179,6.37175,82.81083,20,60,120,0.08761,0.44801,157.0,349:0.088;115:0.085;305:0.030;153:0.028;116:0.021;235:0.020;36:0.019;218:0.019
chat,7:en email,36,234,187,6.57383,95.26195,22,66,128,0.05556,0.4245,157.0,214:0.056;2:0.050;15:0.033;143:0.032;266:0.031;29:0.026;321:0.025;344:0.025
chat,7:en email,37,234,187,6.36634,82.50073,19,61,125,0.08832,0.46795,154.0,221:0.088;291:0.078;217:0.034;139:0.033;104:0.032;73:0.029;182:0.021;76:0.019
chat,7:en email,38,234,193,6.70378,104.24073,27,70,132,0.05556,0.38319,168.0,141:0.056;349:0.043;311:0.037;203:0.027;144:0.026;6:0.022;167:0.022;186:0.020
chat,7:en email,39,234,180,6.47383,88.88288,24,59,116,0.08832,0.40598,151.0,135:0.088;291:0.038;42:0.034;90:0.027;215:0.021;355:0.021;123:0.020;272:0.020
chat,8:zh math,0,396,249,7.1512,142.14336,41,97,165,0.05051,0.2862,170.66667,122:0.051;215:0.037;6:0.031;306:0.021;223:0.016;54:0.015;335:0.014;213:0.013
chat,8:zh math,1,396,241,6.65817,100.99701,24,73,153,0.08628,0.4314,152.0,309:0.086;94:0.053;187:0.047;297:0.039;205:0.024;67:0.024;274:0.021;334:0.020
chat,8:zh math,2,396,168,5.85434,57.85373,13,39,85,0.08039,0.56692,105.66667,131:0.080;367:0.075;305:0.070;42:0.062;149:0.040;36:0.034;261:0.033;71:0.024
chat,8:zh math,3,396,189,5.9427,61.50779,13,47,107,0.14099,0.55682,119.33333,27:0.141;131:0.079;153:0.055;104:0.037;32:0.035;270:0.027;257:0.025;310:0.022
chat,8:zh math,4,396,219,6.38479,83.56259,18,61,134,0.09343,0.4798,139.33333,122:0.093;168:0.072;329:0.051;375:0.036;381:0.029;107:0.027;78:0.021;267:0.021
chat,8:zh math,5,396,188,6.03133,65.40521,12,47,107,0.08418,0.56734,117.33333,89:0.084;194:0.081;40:0.058;315:0.045;222:0.037;172:0.035;242:0.035;371:0.034
chat,8:zh math,6,396,157,5.5893,48.14454,9,32,86,0.1069,0.64394,97.0,14:0.107;104:0.097;122:0.065;209:0.053;113:0.051;33:0.043;244:0.038;164:0.036
chat,8:zh math,7,396,165,5.65814,50.49765,10,37,90,0.14773,0.61742,101.33333,331:0.148;202:0.084;101:0.067;80:0.050;142:0.030;102:0.028;356:0.027;25:0.025
chat,8:zh math,8,396,160,5.60928,48.81577,9,33,88,0.11111,0.61953,102.66667,15:0.111;288:0.106;327:0.076;366:0.056;52:0.035;45:0.035;100:0.033;289:0.027
chat,8:zh math,9,396,144,5.25618,38.21786,7,26,72,0.13594,0.7138,92.0,133:0.136;236:0.101;349:0.093;272:0.064;40:0.048;254:0.039;197:0.034;216:0.033
chat,8:zh math,10,396,152,5.40636,42.41079,7,29,75,0.11742,0.68813,93.0,81:0.117;266:0.088;302:0.087;100:0.059;295:0.056;85:0.054;381:0.039;60:0.029
chat,8:zh math,11,396,152,5.41819,42.75992,8,29,80,0.11532,0.68013,96.66667,10:0.115;127:0.106;265:0.079;119:0.069;327:0.048;161:0.038;235:0.034;350:0.034
chat,8:zh math,12,396,188,5.89906,59.67513,10,42,107,0.09049,0.60522,121.0,376:0.090;10:0.073;359:0.060;150:0.051;263:0.048;332:0.048;229:0.044;337:0.034
chat,8:zh math,13,396,195,6.13373,70.21619,16,54,116,0.12542,0.50379,125.66667,3:0.125;307:0.067;317:0.066;377:0.044;36:0.021;215:0.020;352:0.019;155:0.019
chat,8:zh math,14,396,161,5.29015,39.12845,7,29,84,0.16414,0.70581,94.66667,278:0.164;124:0.109;371:0.074;55:0.051;162:0.047;1:0.044;40:0.036;92:0.030
chat,8:zh math,15,396,212,6.72535,105.811,26,72,139,0.06524,0.38468,148.33333,367:0.065;351:0.041;97:0.034;260:0.029;166:0.028;253:0.027;159:0.019;98:0.018
chat,8:zh math,16,396,145,5.47829,44.57901,8,32,78,0.10859,0.65825,90.66667,208:0.109;256:0.099;340:0.082;232:0.072;190:0.056;269:0.034;302:0.031;78:0.029
chat,8:zh math,17,396,167,5.97365,62.84177,13,45,95,0.08796,0.56439,109.0,312:0.088;128:0.076;337:0.051;86:0.045;334:0.043;267:0.036;363:0.035;273:0.031
chat,8:zh math,18,396,147,5.38967,41.92288,8,29,76,0.12626,0.68182,95.33333,106:0.126;100:0.100;375:0.071;177:0.066;140:0.062;306:0.038;187:0.035;267:0.028
chat,8:zh math,19,396,230,6.86615,116.65847,31,74,140,0.04545,0.3287,150.0,246:0.045;371:0.038;36:0.037;316:0.021;237:0.020;184:0.019;243:0.017;209:0.016
chat,8:zh math,20,396,160,5.71312,52.45916,11,41,89,0.14184,0.58039,102.66667,219:0.142;354:0.087;103:0.085;129:0.032;133:0.030;200:0.028;52:0.027;185:0.020
chat,8:zh math,21,396,164,5.77272,54.67178,10,37,94,0.0766,0.62037,104.0,136:0.077;374:0.075;61:0.069;313:0.068;308:0.057;204:0.051;233:0.035;71:0.029
chat,8:zh math,22,396,169,5.81278,56.21095,12,42,95,0.11827,0.57534,109.0,322:0.118;188:0.109;303:0.052;185:0.043;224:0.034;106:0.034;184:0.025;164:0.024
chat,8:zh math,23,396,217,6.74346,107.1479,28,76,137,0.07828,0.38594,151.0,257:0.078;326:0.035;202:0.030;240:0.030;308:0.027;214:0.024;346:0.020;100:0.018
chat,8:zh math,24,396,142,5.49078,44.96664,9,30,76,0.11532,0.64268,89.0,376:0.115;42:0.114;27:0.062;159:0.055;330:0.046;146:0.035;150:0.033;128:0.030
chat,8:zh math,25,396,144,5.42991,43.10866,8,31,77,0.12121,0.66162,90.0,296:0.121;17:0.120;275:0.071;316:0.069;12:0.041;145:0.035;305:0.027;146:0.025
chat,8:zh math,26,396,160,5.53686,46.42602,9,33,92,0.14604,0.65488,102.33333,43:0.146;260:0.107;314:0.065;183:0.036;335:0.034;97:0.033;44:0.032;294:0.029
chat,8:zh math,27,396,178,6.26609,76.96298,18,52,104,0.07323,0.47348,118.0,266:0.073;311:0.070;193:0.042;95:0.034;346:0.028;381:0.027;360:0.026;44:0.024
chat,8:zh math,28,396,129,5.24295,37.86915,8,23,61,0.14436,0.70581,77.66667,270:0.144;254:0.066;238:0.060;326:0.058;73:0.050;293:0.049;152:0.048;94:0.035
chat,8:zh math,29,396,144,5.28159,38.89702,8,26,68,0.14689,0.68855,86.66667,88:0.147;373:0.099;28:0.081;110:0.059;255:0.045;91:0.035;138:0.033;293:0.030
chat,8:zh math,30,396,158,5.6502,50.22035,10,32,80,0.08754,0.63131,94.33333,46:0.088;52:0.085;37:0.066;196:0.057;289:0.048;138:0.036;102:0.034;35:0.034
chat,8:zh math,31,396,168,5.82991,56.88248,11,42,94,0.10859,0.58207,106.33333,13:0.109;333:0.082;227:0.066;307:0.048;8:0.045;162:0.040;100:0.035;17:0.023
chat,8:zh math,32,396,152,5.55349,46.96419,9,32,79,0.13889,0.64983,97.33333,194:0.139;317:0.063;16:0.062;310:0.052;250:0.047;316:0.047;227:0.036;371:0.032
chat,8:zh math,33,396,153,5.54234,46.60265,9,33,83,0.14562,0.65025,95.0,376:0.146;382:0.070;252:0.067;375:0.061;298:0.039;0:0.038;225:0.037;63:0.035
chat,8:zh math,34,396,170,5.87143,58.54316,12,42,92,0.10101,0.5888,109.0,30:0.101;263:0.084;118:0.065;315:0.043;99:0.036;175:0.033;189:0.032;2:0.030
chat,8:zh math,35,396,168,6.05242,66.36798,15,43,100,0.0888,0.51768,113.66667,202:0.089;222:0.061;220:0.054;90:0.050;43:0.032;214:0.030;230:0.028;291:0.021
chat,8:zh math,36,396,192,5.86594,58.32075,11,43,108,0.13721,0.58502,117.0,198:0.137;331:0.072;206:0.068;235:0.052;147:0.040;90:0.029;2:0.027;359:0.024
chat,8:zh math,37,396,189,6.03743,65.68209,13,48,110,0.12753,0.54882,119.33333,379:0.128;154:0.057;164:0.044;363:0.044;378:0.041;235:0.034;380:0.033;267:0.029
chat,8:zh math,38,396,153,5.75931,54.16591,10,40,86,0.09638,0.59891,98.33333,81:0.096;182:0.092;367:0.061;32:0.048;218:0.048;180:0.042;304:0.040;362:0.039
chat,8:zh math,39,396,183,6.33625,80.79831,18,56,112,0.06397,0.48106,123.0,325:0.064;267:0.053;57:0.040;291:0.037;111:0.037;86:0.035;135:0.033;137:0.028
