turn,label,prefill_mode,new_topic,prefill_steps,decode_steps,first16_step_hit,first16_decode_hit,first32_step_hit,first32_decode_hit,first64_step_hit,first64_decode_hit,rest_decode_hit,turn_decode_hit,sim_first64_decode_hit,sim_turn_decode_hit
0,zh-chat,gpu,True,0,219,0.9375,0.9375,0.93346,0.93346,0.93307,0.93307,0.95446,0.94821,0.90944,0.9418
1,zh-write,gpu,True,0,168,0.96276,0.96276,0.95977,0.95977,0.96009,0.96009,0.97051,0.96654,0.95768,0.96669
2,en-write,gpu,True,0,219,0.85677,0.85677,0.86016,0.86016,0.8877,0.8877,0.94489,0.92818,0.86341,0.92064
3,code-py,gpu,True,0,219,0.84583,0.84583,0.8569,0.8569,0.87428,0.87428,0.90726,0.89762,0.81211,0.87801
4,code-cpp,gpu,True,0,219,0.90208,0.90208,0.90521,0.90521,0.90482,0.90482,0.92099,0.91627,0.88581,0.91332
5,code-sql,gpu,True,0,219,0.87552,0.87552,0.8694,0.8694,0.87259,0.87259,0.91288,0.9011,0.84329,0.89201
6,math,gpu,True,0,219,0.89062,0.89062,0.90625,0.90625,0.92012,0.92012,0.95298,0.94338,0.87578,0.92863
7,translate,gpu,True,0,34,0.80859,0.80859,0.82773,0.82773,0.8299,0.8299,nan,0.8299,0.74975,0.74975
8,extract-json,gpu,True,0,33,0.87135,0.87135,0.88099,0.88099,0.88169,0.88169,nan,0.88169,0.80492,0.80492
9,science,gpu,True,0,219,0.84479,0.84479,0.85117,0.85117,0.88184,0.88184,0.93661,0.92061,0.8623,0.91336
10,zh-history,gpu,True,0,219,0.85703,0.85703,0.88151,0.88151,0.89896,0.89896,0.94858,0.93408,0.86543,0.92346
11,story,gpu,True,0,206,0.8763,0.8763,0.87552,0.87552,0.89701,0.89701,0.95167,0.93469,0.86159,0.92201
12,zh-chat,gpu,True,0,219,0.92422,0.92422,0.91628,0.91628,0.9181,0.9181,0.94699,0.93855,0.89232,0.93067
13,zh-write,gpu,True,0,190,0.92448,0.92448,0.93841,0.93841,0.94557,0.94557,0.95476,0.95167,0.94147,0.95353
14,en-write,gpu,True,0,194,0.85469,0.85469,0.88151,0.88151,0.90254,0.90254,0.9476,0.93273,0.88118,0.92521
15,code-py,gpu,True,0,219,0.89167,0.89167,0.88542,0.88542,0.86693,0.86693,0.91874,0.9036,0.81875,0.8879
16,code-cpp,gpu,True,0,219,0.90807,0.90807,0.9151,0.9151,0.91387,0.91387,0.9243,0.92125,0.889,0.91657
17,code-sql,gpu,True,0,219,0.91042,0.91042,0.90078,0.90078,0.90371,0.90371,0.92317,0.91748,0.86556,0.907
18,math,gpu,True,0,219,0.85755,0.85755,0.87839,0.87839,0.89271,0.89271,0.94919,0.93269,0.86048,0.92274
19,translate,gpu,True,0,15,0.83583,0.83583,0.83583,0.83583,0.83583,0.83583,nan,0.83583,0.73,0.73
20,extract-json,gpu,True,0,41,0.86771,0.86771,0.89622,0.89622,0.90193,0.90193,nan,0.90193,0.83039,0.83039
21,science,gpu,True,0,219,0.88802,0.88802,0.90039,0.90039,0.91107,0.91107,0.94495,0.93505,0.88958,0.92865
22,zh-history,gpu,True,0,219,0.92161,0.92161,0.9237,0.9237,0.9291,0.9291,0.95269,0.9458,0.91341,0.94193
23,story,gpu,True,0,141,0.92057,0.92057,0.93255,0.93255,0.94453,0.94453,0.9612,0.95363,0.93997,0.95334
