mega_mhc m1 l32 r8 s32 0 1 1 1 1 1 0	Driver pipeline hash=3153138717215856523	SGPRs=108	VGPRs=24	Spilled SGPRs=0	Spilled VGPRs=0	Code size=2064	LDS size=1024	Scratch size=0	Subgroups per SIMD=16	Combined inputs=0	Combined outputs=0	Hash=1126867284	Instructions=398	Copies=72	Branches=27	Latency=2600	Inverse Throughput=325	VMEM Clause=12	SMEM Clause=10	Pre-Sched SGPRs=14	Pre-Sched VGPRs=21	VALU=112	SALU=50	VMEM=36	SMEM=11	VOPD=5
mega_mhc m1 l32 r8 s32 1 1 1 1 1 1 0	Driver pipeline hash=12045781182842234834	SGPRs=108	VGPRs=24	Spilled SGPRs=0	Spilled VGPRs=0	Code size=1256	LDS size=1024	Scratch size=0	Subgroups per SIMD=16	Combined inputs=0	Combined outputs=0	Hash=368620699	Instructions=254	Copies=59	Branches=20	Latency=4106	Inverse Throughput=513	VMEM Clause=3	SMEM Clause=6	Pre-Sched SGPRs=21	Pre-Sched VGPRs=11	VALU=58	SALU=52	VMEM=4	SMEM=6	VOPD=3
mega_mhc m1 l32 r8 s32 2 1 1 1 1 1 0	Driver pipeline hash=393428773875776898	SGPRs=108	VGPRs=72	Spilled SGPRs=0	Spilled VGPRs=0	Code size=3180	LDS size=1024	Scratch size=0	Subgroups per SIMD=16	Combined inputs=0	Combined outputs=0	Hash=1130060634	Instructions=692	Copies=72	Branches=13	Latency=4804	Inverse Throughput=1130	VMEM Clause=22	SMEM Clause=7	Pre-Sched SGPRs=27	Pre-Sched VGPRs=7	VALU=216	SALU=264	VMEM=41	SMEM=9	VOPD=10
mega_mhc m1 l32 r8 s32 0 1 1 1 1 1 0	Driver pipeline hash=3153138717215856523	SGPRs=108	VGPRs=24	Spilled SGPRs=0	Spilled VGPRs=0	Code size=2064	LDS size=1024	Scratch size=0	Subgroups per SIMD=16	Combined inputs=0	Combined outputs=0	Hash=1126867284	Instructions=398	Copies=72	Branches=27	Latency=2600	Inverse Throughput=325	VMEM Clause=12	SMEM Clause=10	Pre-Sched SGPRs=14	Pre-Sched VGPRs=21	VALU=112	SALU=50	VMEM=36	SMEM=11	VOPD=5
mega_mhc m1 l32 r8 s32 1 1 1 1 1 1 0	Driver pipeline hash=12045781182842234834	SGPRs=108	VGPRs=24	Spilled SGPRs=0	Spilled VGPRs=0	Code size=1256	LDS size=1024	Scratch size=0	Subgroups per SIMD=16	Combined inputs=0	Combined outputs=0	Hash=368620699	Instructions=254	Copies=59	Branches=20	Latency=4106	Inverse Throughput=513	VMEM Clause=3	SMEM Clause=6	Pre-Sched SGPRs=21	Pre-Sched VGPRs=11	VALU=58	SALU=52	VMEM=4	SMEM=6	VOPD=3
mega_mhc m1 l32 r8 s32 2 1 1 1 1 1 0	Driver pipeline hash=393428773875776898	SGPRs=108	VGPRs=72	Spilled SGPRs=0	Spilled VGPRs=0	Code size=3180	LDS size=1024	Scratch size=0	Subgroups per SIMD=16	Combined inputs=0	Combined outputs=0	Hash=1130060634	Instructions=692	Copies=72	Branches=13	Latency=4804	Inverse Throughput=1130	VMEM Clause=22	SMEM Clause=7	Pre-Sched SGPRs=27	Pre-Sched VGPRs=7	VALU=216	SALU=264	VMEM=41	SMEM=9	VOPD=10
mega_mhc m1 l32 r8 s32 0 1 1 1 1 1 0	Driver pipeline hash=3153138717215856523	SGPRs=108	VGPRs=24	Spilled SGPRs=0	Spilled VGPRs=0	Code size=2064	LDS size=1024	Scratch size=0	Subgroups per SIMD=16	Combined inputs=0	Combined outputs=0	Hash=1126867284	Instructions=398	Copies=72	Branches=27	Latency=2600	Inverse Throughput=325	VMEM Clause=12	SMEM Clause=10	Pre-Sched SGPRs=14	Pre-Sched VGPRs=21	VALU=112	SALU=50	VMEM=36	SMEM=11	VOPD=5
wq_a m1 l32 r8 s32 0 1 2 1 0 1 0	Driver pipeline hash=10690963393795591826	SGPRs=108	VGPRs=120	Spilled SGPRs=0	Spilled VGPRs=0	Code size=9080	LDS size=20480	Scratch size=0	Subgroups per SIMD=12	Combined inputs=0	Combined outputs=0	Hash=2900164998	Instructions=1617	Copies=54	Branches=15	Latency=10290	Inverse Throughput=5601	VMEM Clause=4	SMEM Clause=5	Pre-Sched SGPRs=19	Pre-Sched VGPRs=51	VALU=1036	SALU=104	VMEM=16	SMEM=5	VOPD=28
wq_b m1 l32 r8 s32 0 1 2 1 1 1 0	Driver pipeline hash=16229954147048965091	SGPRs=108	VGPRs=96	Spilled SGPRs=0	Spilled VGPRs=0	Code size=10752	LDS size=5120	Scratch size=0	Subgroups per SIMD=16	Combined inputs=0	Combined outputs=0	Hash=2965742135	Instructions=1948	Copies=82	Branches=22	Latency=7410	Inverse Throughput=3329	VMEM Clause=8	SMEM Clause=5	Pre-Sched SGPRs=21	Pre-Sched VGPRs=65	VALU=1056	SALU=86	VMEM=32	SMEM=5	VOPD=82
wkv m1 l32 r8 s32 0 1 1 1 1 1 0	Driver pipeline hash=10337825970574284734	SGPRs=108	VGPRs=96	Spilled SGPRs=0	Spilled VGPRs=0	Code size=7888	LDS size=14336	Scratch size=0	Subgroups per SIMD=16	Combined inputs=0	Combined outputs=0	Hash=2163370278	Instructions=1409	Copies=47	Branches=13	Latency=8245	Inverse Throughput=3825	VMEM Clause=4	SMEM Clause=5	Pre-Sched SGPRs=18	Pre-Sched VGPRs=40	VALU=935	SALU=104	VMEM=13	SMEM=5	VOPD=15
wkv m1 l32 r8 s32 1 1 1 1 1 1 0	Driver pipeline hash=15060151649505612725	SGPRs=108	VGPRs=24	Spilled SGPRs=0	Spilled VGPRs=0	Code size=1896	LDS size=1024	Scratch size=0	Subgroups per SIMD=16	Combined inputs=0	Combined outputs=0	Hash=2836501203	Instructions=331	Copies=38	Branches=12	Latency=4400	Inverse Throughput=550	VMEM Clause=5	SMEM Clause=10	Pre-Sched SGPRs=13	Pre-Sched VGPRs=11	VALU=165	SALU=61	VMEM=10	SMEM=10	VOPD=13
sparse_attn m1 l32 r8 s32 0 1 1 1 1 1 0	Driver pipeline hash=4152974456564280094	SGPRs=108	VGPRs=192	Spilled SGPRs=0	Spilled VGPRs=0	Code size=3660	LDS size=22528	Scratch size=0	Subgroups per SIMD=8	Combined inputs=0	Combined outputs=0	Hash=2308341198	Instructions=679	Copies=116	Branches=63	Latency=28902	Inverse Throughput=7225	VMEM Clause=22	SMEM Clause=12	Pre-Sched SGPRs=18	Pre-Sched VGPRs=24	VALU=267	SALU=136	VMEM=22	SMEM=12	VOPD=42
sparse_attn m1 l32 r8 s32 1 1 1 1 1 1 0	Driver pipeline hash=15070360056657538135	SGPRs=108	VGPRs=192	Spilled SGPRs=0	Spilled VGPRs=0	Code size=8152	LDS size=23552	Scratch size=0	Subgroups per SIMD=8	Combined inputs=0	Combined outputs=0	Hash=2220004447	Instructions=1541	Copies=216	Branches=139	Latency=21609	Inverse Throughput=5402	VMEM Clause=43	SMEM Clause=26	Pre-Sched SGPRs=26	Pre-Sched VGPRs=42	VALU=582	SALU=377	VMEM=43	SMEM=26	VOPD=59
wo_a m1 l32 r8 s32 0 0 1 1 0 1 0	Driver pipeline hash=588143464138910472	SGPRs=108	VGPRs=96	Spilled SGPRs=0	Spilled VGPRs=0	Code size=3140	LDS size=20480	Scratch size=0	Subgroups per SIMD=12	Combined inputs=0	Combined outputs=0	Hash=1593592561	Instructions=559	Copies=28	Branches=9	Latency=6357	Inverse Throughput=2853	VMEM Clause=3	SMEM Clause=4	Pre-Sched SGPRs=14	Pre-Sched VGPRs=35	VALU=290	SALU=43	VMEM=12	SMEM=4	VOPD=10
wo_b m1 l32 r8 s32 0 1 1 1 1 1 0	Driver pipeline hash=5208480043346156171	SGPRs=108	VGPRs=120	Spilled SGPRs=0	Spilled VGPRs=0	Code size=7396	LDS size=19456	Scratch size=0	Subgroups per SIMD=12	Combined inputs=0	Combined outputs=0	Hash=3117881351	Instructions=1315	Copies=30	Branches=4	Latency=7968	Inverse Throughput=3786	VMEM Clause=3	SMEM Clause=4	Pre-Sched SGPRs=19	Pre-Sched VGPRs=40	VALU=912	SALU=87	VMEM=12	SMEM=4	VOPD=13
gate m1 l32 r8 s32 0 1 1 1 1 1 0	Driver pipeline hash=5346153748834088929	SGPRs=108	VGPRs=120	Spilled SGPRs=0	Spilled VGPRs=0	Code size=5300	LDS size=20480	Scratch size=0	Subgroups per SIMD=12	Combined inputs=0	Combined outputs=0	Hash=3243914657	Instructions=974	Copies=97	Branches=46	Latency=2378	Inverse Throughput=396	VMEM Clause=43	SMEM Clause=6	Pre-Sched SGPRs=28	Pre-Sched VGPRs=18	VALU=409	SALU=101	VMEM=43	SMEM=6	VOPD=86
gate m1 l32 r8 s32 1 1 1 1 1 1 0	Driver pipeline hash=4499417353717515061	SGPRs=108	VGPRs=96	Spilled SGPRs=0	Spilled VGPRs=0	Code size=17660	LDS size=0	Scratch size=0	Subgroups per SIMD=16	Combined inputs=0	Combined outputs=0	Hash=3725581428	Instructions=2723	Copies=264	Branches=78	Latency=3204	Inverse Throughput=401	VMEM Clause=46	SMEM Clause=4	Pre-Sched SGPRs=32	Pre-Sched VGPRs=41	VALU=1738	SALU=362	VMEM=58	SMEM=5	VOPD=72
head m1 l32 r8 s32 0 1 1 1 1 1 0	Driver pipeline hash=10701333816404787424	SGPRs=108	VGPRs=120	Spilled SGPRs=0	Spilled VGPRs=0	Code size=1644	LDS size=20480	Scratch size=0	Subgroups per SIMD=12	Combined inputs=0	Combined outputs=0	Hash=1409808855	Instructions=300	Copies=47	Branches=26	Latency=4275	Inverse Throughput=713	VMEM Clause=23	SMEM Clause=6	Pre-Sched SGPRs=28	Pre-Sched VGPRs=17	VALU=106	SALU=42	VMEM=23	SMEM=6	VOPD=8
compressor m1 l32 r8 s32 0 1 1 1 1 1 0	Driver pipeline hash=17629778851034469080	SGPRs=108	VGPRs=120	Spilled SGPRs=0	Spilled VGPRs=0	Code size=1644	LDS size=20480	Scratch size=0	Subgroups per SIMD=12	Combined inputs=0	Combined outputs=0	Hash=1242904239	Instructions=300	Copies=47	Branches=26	Latency=4276	Inverse Throughput=713	VMEM Clause=23	SMEM Clause=6	Pre-Sched SGPRs=27	Pre-Sched VGPRs=17	VALU=107	SALU=41	VMEM=23	SMEM=6	VOPD=7
compressor m1 l32 r8 s32 0 1 1 1 1 1 0	Driver pipeline hash=17629778851034469080	SGPRs=108	VGPRs=120	Spilled SGPRs=0	Spilled VGPRs=0	Code size=1644	LDS size=20480	Scratch size=0	Subgroups per SIMD=12	Combined inputs=0	Combined outputs=0	Hash=1242904239	Instructions=300	Copies=47	Branches=26	Latency=4276	Inverse Throughput=713	VMEM Clause=23	SMEM Clause=6	Pre-Sched SGPRs=27	Pre-Sched VGPRs=17	VALU=107	SALU=41	VMEM=23	SMEM=6	VOPD=7
compressor m1 l32 r8 s32 1 1 1 1 1 1 0	Driver pipeline hash=4253250735703778448	SGPRs=108	VGPRs=48	Spilled SGPRs=0	Spilled VGPRs=0	Code size=3520	LDS size=1024	Scratch size=0	Subgroups per SIMD=16	Combined inputs=0	Combined outputs=0	Hash=1729764405	Instructions=654	Copies=98	Branches=46	Latency=25568	Inverse Throughput=3196	VMEM Clause=27	SMEM Clause=12	Pre-Sched SGPRs=29	Pre-Sched VGPRs=27	VALU=255	SALU=137	VMEM=28	SMEM=12	VOPD=21
compressor m1 l32 r8 s32 2 1 1 1 1 1 0	Driver pipeline hash=8413008611180924795	SGPRs=108	VGPRs=48	Spilled SGPRs=0	Spilled VGPRs=0	Code size=14816	LDS size=0	Scratch size=0	Subgroups per SIMD=16	Combined inputs=0	Combined outputs=0	Hash=3549989826	Instructions=2372	Copies=215	Branches=61	Latency=5111	Inverse Throughput=1871	VMEM Clause=26	SMEM Clause=13	Pre-Sched SGPRs=10	Pre-Sched VGPRs=27	VALU=1569	SALU=246	VMEM=65	SMEM=13	VOPD=15
indexer m1 l32 r8 s32 0 1 2 1 1 1 0	Driver pipeline hash=12653748527424705612	SGPRs=108	VGPRs=96	Spilled SGPRs=0	Spilled VGPRs=0	Code size=10328	LDS size=5120	Scratch size=0	Subgroups per SIMD=16	Combined inputs=0	Combined outputs=0	Hash=1798304611	Instructions=1866	Copies=72	Branches=18	Latency=7044	Inverse Throughput=3278	VMEM Clause=7	SMEM Clause=5	Pre-Sched SGPRs=18	Pre-Sched VGPRs=63	VALU=1021	SALU=72	VMEM=30	SMEM=5	VOPD=80
indexer m1 l32 r8 s32 1 1 1 1 1 1 0	Driver pipeline hash=17218070233938496584	SGPRs=108	VGPRs=48	Spilled SGPRs=0	Spilled VGPRs=0	Code size=27500	LDS size=0	Scratch size=0	Subgroups per SIMD=16	Combined inputs=0	Combined outputs=0	Hash=4045382295	Instructions=4378	Copies=412	Branches=113	Latency=9412	Inverse Throughput=3545	VMEM Clause=51	SMEM Clause=19	Pre-Sched SGPRs=10	Pre-Sched VGPRs=42	VALU=2968	SALU=445	VMEM=73	SMEM=19	VOPD=33
indexer m1 l32 r8 s32 2 1 1 1 1 1 0	Driver pipeline hash=318006146644078068	SGPRs=108	VGPRs=48	Spilled SGPRs=0	Spilled VGPRs=0	Code size=29488	LDS size=21504	Scratch size=0	Subgroups per SIMD=12	Combined inputs=0	Combined outputs=0	Hash=246064321	Instructions=4747	Copies=471	Branches=147	Latency=13371	Inverse Throughput=3844	VMEM Clause=73	SMEM Clause=24	Pre-Sched SGPRs=29	Pre-Sched VGPRs=42	VALU=3084	SALU=498	VMEM=97	SMEM=25	VOPD=37
indexer m1 l32 r8 s32 3 1 1 1 1 1 0	Driver pipeline hash=11448391977137764930	SGPRs=108	VGPRs=120	Spilled SGPRs=0	Spilled VGPRs=0	Code size=5256	LDS size=20480	Scratch size=0	Subgroups per SIMD=12	Combined inputs=0	Combined outputs=0	Hash=4119464279	Instructions=974	Copies=98	Branches=48	Latency=9332	Inverse Throughput=1555	VMEM Clause=43	SMEM Clause=6	Pre-Sched SGPRs=29	Pre-Sched VGPRs=21	VALU=409	SALU=100	VMEM=43	SMEM=6	VOPD=80
indexer m1 l32 r8 s32 4 1 1 1 1 1 0	Driver pipeline hash=13184865533195187041	SGPRs=108	VGPRs=120	Spilled SGPRs=0	Spilled VGPRs=0	Code size=2152	LDS size=20480	Scratch size=0	Subgroups per SIMD=12	Combined inputs=0	Combined outputs=0	Hash=1212828394	Instructions=403	Copies=56	Branches=29	Latency=5452	Inverse Throughput=909	VMEM Clause=24	SMEM Clause=7	Pre-Sched SGPRs=29	Pre-Sched VGPRs=8	VALU=159	SALU=68	VMEM=24	SMEM=7	VOPD=5
indexer m1 l32 r8 s32 5 1 1 1 1 1 0	Driver pipeline hash=16737693049430876211	SGPRs=108	VGPRs=24	Spilled SGPRs=0	Spilled VGPRs=0	Code size=2576	LDS size=3072	Scratch size=0	Subgroups per SIMD=16	Combined inputs=0	Combined outputs=0	Hash=2624982595	Instructions=509	Copies=116	Branches=37	Latency=14207	Inverse Throughput=1776	VMEM Clause=6	SMEM Clause=11	Pre-Sched SGPRs=16	Pre-Sched VGPRs=11	VALU=133	SALU=119	VMEM=6	SMEM=11	VOPD=11
gemv_ksplit m1 l32 r8 s32 0 1 1 1 0 2 0	Driver pipeline hash=4998617193663622940	SGPRs=108	VGPRs=96	Spilled SGPRs=0	Spilled VGPRs=0	Code size=5364	LDS size=11264	Scratch size=0	Subgroups per SIMD=16	Combined inputs=0	Combined outputs=0	Hash=1394955184	Instructions=968	Copies=37	Branches=11	Latency=7453	Inverse Throughput=3328	VMEM Clause=3	SMEM Clause=4	Pre-Sched SGPRs=22	Pre-Sched VGPRs=35	VALU=566	SALU=99	VMEM=8	SMEM=4	VOPD=26
gemv_ksplit m1 l32 r8 s32 1 1 1 1 1 2 0	Driver pipeline hash=13823089188092410570	SGPRs=108	VGPRs=24	Spilled SGPRs=0	Spilled VGPRs=0	Code size=192	LDS size=0	Scratch size=0	Subgroups per SIMD=16	Combined inputs=0	Combined outputs=0	Hash=1759949875	Instructions=34	Copies=6	Branches=1	Latency=565	Inverse Throughput=71	VMEM Clause=2	SMEM Clause=2	Pre-Sched SGPRs=6	Pre-Sched VGPRs=6	VALU=16	SALU=2	VMEM=3	SMEM=2	VOPD=1
gemv_ksplit m1 l32 r8 s32 0 1 1 1 1 2 0	Driver pipeline hash=3490029903899720241	SGPRs=108	VGPRs=96	Spilled SGPRs=0	Spilled VGPRs=0	Code size=5084	LDS size=11264	Scratch size=0	Subgroups per SIMD=16	Combined inputs=0	Combined outputs=0	Hash=563480416	Instructions=920	Copies=32	Branches=6	Latency=7363	Inverse Throughput=3338	VMEM Clause=3	SMEM Clause=4	Pre-Sched SGPRs=22	Pre-Sched VGPRs=33	VALU=572	SALU=95	VMEM=8	SMEM=4	VOPD=13
wkv m1 l32 r8 s32 2 1 1 1 1 2 0	Driver pipeline hash=7925283021663177854	SGPRs=108	VGPRs=24	Spilled SGPRs=0	Spilled VGPRs=0	Code size=2440	LDS size=2048	Scratch size=0	Subgroups per SIMD=16	Combined inputs=0	Combined outputs=0	Hash=1512249584	Instructions=434	Copies=54	Branches=20	Latency=4907	Inverse Throughput=613	VMEM Clause=6	SMEM Clause=11	Pre-Sched SGPRs=13	Pre-Sched VGPRs=11	VALU=200	SALU=65	VMEM=12	SMEM=11	VOPD=15
gemv_ksplit m1 l32 r8 s32 0 0 1 1 0 4 0	Driver pipeline hash=11605251163872570547	SGPRs=108	VGPRs=96	Spilled SGPRs=0	Spilled VGPRs=0	Code size=3252	LDS size=11264	Scratch size=0	Subgroups per SIMD=16	Combined inputs=0	Combined outputs=0	Hash=4178765229	Instructions=578	Copies=27	Branches=9	Latency=6450	Inverse Throughput=2918	VMEM Clause=3	SMEM Clause=4	Pre-Sched SGPRs=18	Pre-Sched VGPRs=35	VALU=295	SALU=55	VMEM=12	SMEM=4	VOPD=10
gemv_ksplit m1 l32 r8 s32 1 1 1 1 1 4 0	Driver pipeline hash=16922923294463426560	SGPRs=108	VGPRs=24	Spilled SGPRs=0	Spilled VGPRs=0	Code size=328	LDS size=0	Scratch size=0	Subgroups per SIMD=16	Combined inputs=0	Combined outputs=0	Hash=2591239727	Instructions=58	Copies=8	Branches=1	Latency=597	Inverse Throughput=75	VMEM Clause=2	SMEM Clause=2	Pre-Sched SGPRs=7	Pre-Sched VGPRs=7	VALU=28	SALU=7	VMEM=5	SMEM=2	VOPD=1
gemv_ksplit m1 l32 r8 s32 0 1 1 1 1 8 0	Driver pipeline hash=14948492016804447813	SGPRs=108	VGPRs=96	Spilled SGPRs=0	Spilled VGPRs=0	Code size=5084	LDS size=11264	Scratch size=0	Subgroups per SIMD=16	Combined inputs=0	Combined outputs=0	Hash=3401701707	Instructions=917	Copies=32	Branches=6	Latency=7360	Inverse Throughput=3338	VMEM Clause=3	SMEM Clause=4	Pre-Sched SGPRs=22	Pre-Sched VGPRs=33	VALU=572	SALU=93	VMEM=8	SMEM=4	VOPD=13
gemv_ksplit m1 l32 r8 s32 1 1 1 1 1 8 0	Driver pipeline hash=2167934842482254625	SGPRs=108	VGPRs=24	Spilled SGPRs=0	Spilled VGPRs=0	Code size=592	LDS size=0	Scratch size=0	Subgroups per SIMD=16	Combined inputs=0	Combined outputs=0	Hash=2027221176	Instructions=104	Copies=8	Branches=1	Latency=663	Inverse Throughput=91	VMEM Clause=2	SMEM Clause=2	Pre-Sched SGPRs=11	Pre-Sched VGPRs=7	VALU=52	SALU=14	VMEM=9	SMEM=2	VOPD=1
sparse_attn_t m1 l32 r8 s32 0 1 1 8 1 1 0	Driver pipeline hash=7062532673084294273	SGPRs=108	VGPRs=120	Spilled SGPRs=0	Spilled VGPRs=0	Code size=11688	LDS size=18432	Scratch size=0	Subgroups per SIMD=12	Combined inputs=0	Combined outputs=0	Hash=3415973357	Instructions=2227	Copies=207	Branches=207	Latency=30837	Inverse Throughput=5140	VMEM Clause=39	SMEM Clause=46	Pre-Sched SGPRs=22	Pre-Sched VGPRs=35	VALU=870	SALU=399	VMEM=39	SMEM=46	VOPD=51
sparse_attn_t m1 l32 r8 s32 1 1 1 1 1 1 0	Driver pipeline hash=17607855310767754207	SGPRs=108	VGPRs=48	Spilled SGPRs=0	Spilled VGPRs=0	Code size=8048	LDS size=18432	Scratch size=0	Subgroups per SIMD=12	Combined inputs=0	Combined outputs=0	Hash=4049925680	Instructions=1560	Copies=116	Branches=166	Latency=22647	Inverse Throughput=3775	VMEM Clause=114	SMEM Clause=26	Pre-Sched SGPRs=23	Pre-Sched VGPRs=45	VALU=535	SALU=380	VMEM=114	SMEM=26	VOPD=49
sparse_attn_t m1 l32 r8 s32 2 1 1 8 1 1 0	Driver pipeline hash=13232427524207095664	SGPRs=108	VGPRs=24	Spilled SGPRs=0	Spilled VGPRs=0	Code size=2384	LDS size=0	Scratch size=0	Subgroups per SIMD=16	Combined inputs=0	Combined outputs=0	Hash=3631233288	Instructions=477	Copies=26	Branches=72	Latency=11139	Inverse Throughput=1392	VMEM Clause=68	SMEM Clause=7	Pre-Sched SGPRs=14	Pre-Sched VGPRs=13	VALU=136	SALU=88	VMEM=70	SMEM=7	VOPD=6
indexer m1 l32 r8 s32 6 1 1 1 1 1 0	Driver pipeline hash=4506125239121839000	SGPRs=108	VGPRs=24	Spilled SGPRs=0	Spilled VGPRs=0	Code size=428	LDS size=0	Scratch size=0	Subgroups per SIMD=16	Combined inputs=0	Combined outputs=0	Hash=1929626959	Instructions=89	Copies=17	Branches=4	Latency=2319	Inverse Throughput=290	VMEM Clause=2	SMEM Clause=4	Pre-Sched SGPRs=9	Pre-Sched VGPRs=7	VALU=25	SALU=33	VMEM=2	SMEM=4	VOPD=3
indexer m1 l32 r8 s32 7 1 1 1 1 1 0	Driver pipeline hash=2678480707452675325	SGPRs=108	VGPRs=24	Spilled SGPRs=0	Spilled VGPRs=0	Code size=1744	LDS size=3072	Scratch size=0	Subgroups per SIMD=16	Combined inputs=0	Combined outputs=0	Hash=3516194030	Instructions=349	Copies=78	Branches=25	Latency=11881	Inverse Throughput=1485	VMEM Clause=5	SMEM Clause=8	Pre-Sched SGPRs=14	Pre-Sched VGPRs=10	VALU=86	SALU=100	VMEM=5	SMEM=8	VOPD=7
indexer m1 l32 r8 s32 8 1 1 1 1 1 0	Driver pipeline hash=2606868991530717944	SGPRs=108	VGPRs=24	Spilled SGPRs=0	Spilled VGPRs=0	Code size=376	LDS size=0	Scratch size=0	Subgroups per SIMD=16	Combined inputs=0	Combined outputs=0	Hash=1842952157	Instructions=71	Copies=12	Branches=3	Latency=4026	Inverse Throughput=503	VMEM Clause=2	SMEM Clause=3	Pre-Sched SGPRs=12	Pre-Sched VGPRs=5	VALU=27	SALU=16	VMEM=2	SMEM=3	VOPD=3
decode_attn_cm m1 l32 r8 s32 0 1 1 1 1 1 0	Driver pipeline hash=13934962963416876268	SGPRs=108	VGPRs=96	Spilled SGPRs=0	Spilled VGPRs=0	Code size=4376	LDS size=0	Scratch size=0	Subgroups per SIMD=16	Combined inputs=0	Combined outputs=0	Hash=3429291845	Instructions=729	Copies=57	Branches=7	Latency=1212	Inverse Throughput=561	VMEM Clause=6	SMEM Clause=11	Pre-Sched SGPRs=12	Pre-Sched VGPRs=39	VALU=609	SALU=31	VMEM=20	SMEM=11	VOPD=27
decode_attn_cm m1 l32 r8 s32 1 1 1 1 1 1 0	Driver pipeline hash=13531169986061135464	SGPRs=108	VGPRs=48	Spilled SGPRs=0	Spilled VGPRs=0	Code size=1372	LDS size=0	Scratch size=0	Subgroups per SIMD=16	Combined inputs=0	Combined outputs=0	Hash=2814660794	Instructions=251	Copies=18	Branches=5	Latency=3036	Inverse Throughput=1026	VMEM Clause=2	SMEM Clause=4	Pre-Sched SGPRs=15	Pre-Sched VGPRs=29	VALU=140	SALU=44	VMEM=12	SMEM=4	VOPD=7
decode_attn_cm m1 l32 r8 s32 2 1 1 1 1 1 0	Driver pipeline hash=1178149474797005080	SGPRs=108	VGPRs=24	Spilled SGPRs=0	Spilled VGPRs=0	Code size=1936	LDS size=1024	Scratch size=0	Subgroups per SIMD=16	Combined inputs=0	Combined outputs=0	Hash=887310406	Instructions=376	Copies=72	Branches=32	Latency=18257	Inverse Throughput=2282	VMEM Clause=9	SMEM Clause=10	Pre-Sched SGPRs=33	Pre-Sched VGPRs=7	VALU=102	SALU=85	VMEM=9	SMEM=10	VOPD=4
decode_attn_cm m1 l32 r8 s32 3 1 1 1 1 1 0	Driver pipeline hash=7326439383345900636	SGPRs=108	VGPRs=72	Spilled SGPRs=0	Spilled VGPRs=0	Code size=2408	LDS size=0	Scratch size=0	Subgroups per SIMD=16	Combined inputs=0	Combined outputs=0	Hash=1552745577	Instructions=433	Copies=18	Branches=5	Latency=5632	Inverse Throughput=2471	VMEM Clause=2	SMEM Clause=4	Pre-Sched SGPRs=16	Pre-Sched VGPRs=41	VALU=248	SALU=61	VMEM=26	SMEM=5	VOPD=7
decode_attn_cm m1 l32 r8 s32 4 1 1 1 1 1 0	Driver pipeline hash=14281057494338759718	SGPRs=108	VGPRs=24	Spilled SGPRs=0	Spilled VGPRs=0	Code size=676	LDS size=0	Scratch size=0	Subgroups per SIMD=16	Combined inputs=0	Combined outputs=0	Hash=2172058356	Instructions=126	Copies=17	Branches=6	Latency=1924	Inverse Throughput=241	VMEM Clause=5	SMEM Clause=4	Pre-Sched SGPRs=13	Pre-Sched VGPRs=10	VALU=58	SALU=21	VMEM=5	SMEM=5	VOPD=4
engram m1 l32 r8 s32 0 1 1	Driver pipeline hash=15866283792681352291	SGPRs=108	VGPRs=96	Spilled SGPRs=0	Spilled VGPRs=0	Code size=9064	LDS size=14336	Scratch size=0	Subgroups per SIMD=16	Combined inputs=0	Combined outputs=0	Hash=44462811	Instructions=1561	Copies=37	Branches=5	Latency=7058	Inverse Throughput=3127	VMEM Clause=3	SMEM Clause=5	Pre-Sched SGPRs=16	Pre-Sched VGPRs=40	VALU=1093	SALU=93	VMEM=7	SMEM=5	VOPD=35
engram m1 l32 r8 s32 1 1 1	Driver pipeline hash=4971694637042569711	SGPRs=108	VGPRs=24	Spilled SGPRs=0	Spilled VGPRs=0	Code size=1856	LDS size=1024	Scratch size=0	Subgroups per SIMD=16	Combined inputs=0	Combined outputs=0	Hash=985201751	Instructions=373	Copies=71	Branches=28	Latency=6928	Inverse Throughput=866	VMEM Clause=3	SMEM Clause=3	Pre-Sched SGPRs=23	Pre-Sched VGPRs=11	VALU=86	SALU=77	VMEM=7	SMEM=3	VOPD=6
head m1 l32 r8 s32 1 1 1	Driver pipeline hash=9030500071253803633	SGPRs=108	VGPRs=24	Spilled SGPRs=0	Spilled VGPRs=0	Code size=1184	LDS size=3072	Scratch size=0	Subgroups per SIMD=16	Combined inputs=0	Combined outputs=0	Hash=1933779477	Instructions=213	Copies=29	Branches=11	Latency=3524	Inverse Throughput=440	VMEM Clause=2	SMEM Clause=2	Pre-Sched SGPRs=7	Pre-Sched VGPRs=8	VALU=78	SALU=16	VMEM=2	SMEM=2	VOPD=13
sample_topk m1 l32 r8 s32 0 1 1	Driver pipeline hash=8340078843603520108	SGPRs=108	VGPRs=24	Spilled SGPRs=0	Spilled VGPRs=0	Code size=1496	LDS size=5120	Scratch size=0	Subgroups per SIMD=16	Combined inputs=0	Combined outputs=0	Hash=2500790733	Instructions=288	Copies=72	Branches=23	Latency=10356	Inverse Throughput=1295	VMEM Clause=6	SMEM Clause=2	Pre-Sched SGPRs=13	Pre-Sched VGPRs=11	VALU=90	SALU=62	VMEM=8	SMEM=2	VOPD=10
moe_gateup m6 l32 r8 s32 1 0 1 0 3 1 0	Driver pipeline hash=18376624361761746198	SGPRs=108	VGPRs=96	Spilled SGPRs=0	Spilled VGPRs=0	Code size=16940	LDS size=2048	Scratch size=0	Subgroups per SIMD=16	Combined inputs=0	Combined outputs=0	Hash=1298973494	Instructions=2886	Copies=269	Branches=132	Latency=16652	Inverse Throughput=6636	VMEM Clause=34	SMEM Clause=23	Pre-Sched SGPRs=29	Pre-Sched VGPRs=65	VALU=1578	SALU=239	VMEM=37	SMEM=31	VOPD=95
moe_down m6 l16 r16 s32 1 0 2 0 3 1 0	Driver pipeline hash=14357166308101912401	SGPRs=108	VGPRs=96	Spilled SGPRs=0	Spilled VGPRs=0	Code size=21228	LDS size=2048	Scratch size=0	Subgroups per SIMD=16	Combined inputs=0	Combined outputs=0	Hash=1372085932	Instructions=3840	Copies=339	Branches=166	Latency=34446	Inverse Throughput=15724	VMEM Clause=63	SMEM Clause=37	Pre-Sched SGPRs=32	Pre-Sched VGPRs=76	VALU=1994	SALU=391	VMEM=64	SMEM=38	VOPD=106
moe_hquant m6 l32 r8 s32 1 0 1 0 3 1 0	Driver pipeline hash=4990551930686790369	SGPRs=108	VGPRs=72	Spilled SGPRs=0	Spilled VGPRs=0	Code size=8904	LDS size=0	Scratch size=0	Subgroups per SIMD=16	Combined inputs=0	Combined outputs=0	Hash=1454845757	Instructions=1277	Copies=36	Branches=1	Latency=2735	Inverse Throughput=1305	VMEM Clause=11	SMEM Clause=1	Pre-Sched SGPRs=11	Pre-Sched VGPRs=22	VALU=898	SALU=96	VMEM=14	SMEM=1	VOPD=32
moe_xact m6 l32 r8 s32 1 0 1 0 3 1 0	Driver pipeline hash=2243022976447544539	SGPRs=108	VGPRs=48	Spilled SGPRs=0	Spilled VGPRs=0	Code size=17388	LDS size=0	Scratch size=0	Subgroups per SIMD=16	Combined inputs=0	Combined outputs=0	Hash=2922475693	Instructions=3030	Copies=294	Branches=193	Latency=3628	Inverse Throughput=1694	VMEM Clause=17	SMEM Clause=1	Pre-Sched SGPRs=10	Pre-Sched VGPRs=40	VALU=1777	SALU=516	VMEM=24	SMEM=1	VOPD=32
moe_gateup m1 l32 r8 s32 1 0 1 0 3 1 1	Driver pipeline hash=8121428388162209003	SGPRs=108	VGPRs=96	Spilled SGPRs=0	Spilled VGPRs=0	Code size=8156	LDS size=2048	Scratch size=0	Subgroups per SIMD=16	Combined inputs=0	Combined outputs=0	Hash=2663805945	Instructions=1351	Copies=54	Branches=23	Latency=16128	Inverse Throughput=6464	VMEM Clause=8	SMEM Clause=8	Pre-Sched SGPRs=25	Pre-Sched VGPRs=46	VALU=988	SALU=59	VMEM=11	SMEM=10	VOPD=66
moe_down m1 l16 r16 s32 1 0 2 0 3 1 1	Driver pipeline hash=16630289779497352094	SGPRs=108	VGPRs=96	Spilled SGPRs=0	Spilled VGPRs=0	Code size=9236	LDS size=2048	Scratch size=0	Subgroups per SIMD=16	Combined inputs=0	Combined outputs=0	Hash=4127212309	Instructions=1491	Copies=62	Branches=29	Latency=29671	Inverse Throughput=15028	VMEM Clause=12	SMEM Clause=9	Pre-Sched SGPRs=29	Pre-Sched VGPRs=53	VALU=1089	SALU=77	VMEM=13	SMEM=10	VOPD=31
moe_hquant m1 l32 r8 s32 1 0 1 0 3 1 1	Driver pipeline hash=1917593957636976088	SGPRs=108	VGPRs=72	Spilled SGPRs=0	Spilled VGPRs=0	Code size=8892	LDS size=0	Scratch size=0	Subgroups per SIMD=16	Combined inputs=0	Combined outputs=0	Hash=198527162	Instructions=1274	Copies=36	Branches=1	Latency=2735	Inverse Throughput=1305	VMEM Clause=11	SMEM Clause=1	Pre-Sched SGPRs=11	Pre-Sched VGPRs=22	VALU=898	SALU=93	VMEM=14	SMEM=1	VOPD=32
moe_gateup m6 l32 r8 s32 1 0 1 0 3 1 0	Driver pipeline hash=18376624361761746198	SGPRs=108	VGPRs=96	Spilled SGPRs=0	Spilled VGPRs=0	Code size=16940	LDS size=2048	Scratch size=0	Subgroups per SIMD=16	Combined inputs=0	Combined outputs=0	Hash=1298973494	Instructions=2886	Copies=269	Branches=132	Latency=16652	Inverse Throughput=6636	VMEM Clause=34	SMEM Clause=23	Pre-Sched SGPRs=29	Pre-Sched VGPRs=65	VALU=1578	SALU=239	VMEM=37	SMEM=31	VOPD=95
moe_down m6 l32 r8 s32 1 0 1 0 3 1 0	Driver pipeline hash=6140078096965424088	SGPRs=108	VGPRs=96	Spilled SGPRs=0	Spilled VGPRs=0	Code size=14616	LDS size=2048	Scratch size=0	Subgroups per SIMD=16	Combined inputs=0	Combined outputs=0	Hash=1494141592	Instructions=2707	Copies=207	Branches=120	Latency=30406	Inverse Throughput=9328	VMEM Clause=47	SMEM Clause=23	Pre-Sched SGPRs=33	Pre-Sched VGPRs=48	VALU=1300	SALU=285	VMEM=47	SMEM=24	VOPD=26
moe_hquant m6 l32 r8 s32 1 0 1 0 3 1 0	Driver pipeline hash=4990551930686790369	SGPRs=108	VGPRs=72	Spilled SGPRs=0	Spilled VGPRs=0	Code size=8904	LDS size=0	Scratch size=0	Subgroups per SIMD=16	Combined inputs=0	Combined outputs=0	Hash=1454845757	Instructions=1277	Copies=36	Branches=1	Latency=2735	Inverse Throughput=1305	VMEM Clause=11	SMEM Clause=1	Pre-Sched SGPRs=11	Pre-Sched VGPRs=22	VALU=898	SALU=96	VMEM=14	SMEM=1	VOPD=32
moe_xact m6 l32 r8 s32 1 0 1 0 3 1 0	Driver pipeline hash=2243022976447544539	SGPRs=108	VGPRs=48	Spilled SGPRs=0	Spilled VGPRs=0	Code size=17388	LDS size=0	Scratch size=0	Subgroups per SIMD=16	Combined inputs=0	Combined outputs=0	Hash=2922475693	Instructions=3030	Copies=294	Branches=193	Latency=3628	Inverse Throughput=1694	VMEM Clause=17	SMEM Clause=1	Pre-Sched SGPRs=10	Pre-Sched VGPRs=40	VALU=1777	SALU=516	VMEM=24	SMEM=1	VOPD=32
moe_gateup m1 l32 r8 s32 1 0 1 0 3 1 1	Driver pipeline hash=8121428388162209003	SGPRs=108	VGPRs=96	Spilled SGPRs=0	Spilled VGPRs=0	Code size=8156	LDS size=2048	Scratch size=0	Subgroups per SIMD=16	Combined inputs=0	Combined outputs=0	Hash=2663805945	Instructions=1351	Copies=54	Branches=23	Latency=16128	Inverse Throughput=6464	VMEM Clause=8	SMEM Clause=8	Pre-Sched SGPRs=25	Pre-Sched VGPRs=46	VALU=988	SALU=59	VMEM=11	SMEM=10	VOPD=66
moe_down m1 l32 r8 s32 1 0 1 0 3 1 1	Driver pipeline hash=2063995147485884397	SGPRs=108	VGPRs=72	Spilled SGPRs=0	Spilled VGPRs=0	Code size=5348	LDS size=2048	Scratch size=0	Subgroups per SIMD=16	Combined inputs=0	Combined outputs=0	Hash=3842753663	Instructions=891	Copies=35	Branches=23	Latency=25915	Inverse Throughput=8810	VMEM Clause=8	SMEM Clause=7	Pre-Sched SGPRs=28	Pre-Sched VGPRs=35	VALU=609	SALU=55	VMEM=8	SMEM=8	VOPD=4
moe_hquant m1 l32 r8 s32 1 0 1 0 3 1 1	Driver pipeline hash=1917593957636976088	SGPRs=108	VGPRs=72	Spilled SGPRs=0	Spilled VGPRs=0	Code size=8892	LDS size=0	Scratch size=0	Subgroups per SIMD=16	Combined inputs=0	Combined outputs=0	Hash=198527162	Instructions=1274	Copies=36	Branches=1	Latency=2735	Inverse Throughput=1305	VMEM Clause=11	SMEM Clause=1	Pre-Sched SGPRs=11	Pre-Sched VGPRs=22	VALU=898	SALU=93	VMEM=14	SMEM=1	VOPD=32
